poll_info,year,state,Obama,Romney,Undecided,Other,poll_id,pollster,start_date,end_date,sample_subpopulation,sample_size,mode,partisanship,partisan_affiliation,days_to_election,poll_key
2012-washington-dc-president-romney-vs-obama,2012,washington-dc,88,8,NA,NA,15956,PPP (D)/Washington City Paper/Kojo Nnamdi Show,2012-10-12,2012-10-14,Likely Voters,1222,Automated Phone,Pollster,Dem,23,2012_15956_washington-dc
2012-idaho-president-romney-vs-obama,2012,idaho,27,63,6,4,15826,Mason-Dixon/Idaho Statesman,2012-10-08,2012-10-10,Likely Voters,625,Live Phone,Nonpartisan,None,27,2012_15826_idaho
2012-rhode-island-president-romney-vs-obama,2012,rhode-island,54,33,8,NA,16411,Fleming and Associates/WPRI,2012-10-24,2012-10-27,Likely Voters,601,Live Phone,Nonpartisan,None,10,2012_16411_rhode-island
2012-rhode-island-president-romney-vs-obama,2012,rhode-island,58,32,10,NA,15672,Brown University,2012-09-26,2012-10-05,Likely Voters,471,Live Phone,Nonpartisan,None,32,2012_15672_rhode-island
2012-rhode-island-president-romney-vs-obama,2012,rhode-island,57,33,7,NA,15495,Fleming and Associates/WPRI,2012-09-26,2012-09-29,Likely Voters,501,Live Phone,Nonpartisan,None,38,2012_15495_rhode-island
2012-rhode-island-president-romney-vs-obama,2012,rhode-island,54,37,10,NA,15018,PPP (D),2011-02-16,2011-02-22,Likely Voters,544,Automated Phone,Pollster,Dem,623,2012_15018_rhode-island
2012-kentucky-president-romney-vs-obama,2012,kentucky,39,53,5,3,15085,SurveyUSA/The Courier-Journal,2012-09-11,2012-09-13,Likely Voters,606,IVR/Online,Nonpartisan,None,54,2012_15085_kentucky
2012-kentucky-president-romney-vs-obama,2012,kentucky,40,48,11,NA,14974,PPP (D),2011-08-25,2011-08-28,Likely Voters,600,Automated Phone,Pollster,Dem,436,2012_14974_kentucky
2012-mississippi-president-romney-vs-obama,2012,mississippi,36,54,10,NA,12585,PPP (D),2011-11-04,2011-11-06,Likely Voters,796,Automated Phone,Pollster,Dem,366,2012_12585_mississippi
2012-mississippi-president-romney-vs-obama,2012,mississippi,40,46,13,NA,15016,PPP (D),2011-03-24,2011-03-27,Likely Voters,817,Automated Phone,Pollster,Dem,590,2012_15016_mississippi
2012-louisiana-president-romney-vs-obama,2012,louisiana,36,59,5,NA,15650,Magellan (R),2012-10-02,2012-10-04,Likely Voters,2682,Automated Phone,Pollster,Rep,33,2012_15650_louisiana
2012-louisiana-president-romney-vs-obama,2012,louisiana,37,50,10,NA,15507,JZ Analytics,2012-09-29,2012-09-30,Likely Voters,412,Internet,Nonpartisan,None,37,2012_15507_louisiana
2012-louisiana-president-romney-vs-obama,2012,louisiana,39,45,17,NA,15469,Southern Media/Opinion Research,2012-09-11,2012-09-20,Likely Voters,600,Live Phone,Nonpartisan,None,47,2012_15469_louisiana
2012-kansas-president-romney-vs-obama,2012,kansas,39,48,13,NA,14973,SurveyUSA,2011-11-18,2011-11-21,Registered Voters,510,IVR/Online,Nonpartisan,None,351,2012_14973_kansas
2012-kansas-president-romney-vs-obama,2012,kansas,31,56,12,NA,12571,SurveyUSA,2011-11-10,2011-11-10,Likely Voters,800,Automated Phone,Nonpartisan,None,362,2012_12571_kansas
2012-hawaii-president-romney-vs-obama,2012,hawaii,61,34,5,NA,16453,Honolulu Civil Beat/Merriman,2012-10-24,2012-10-26,Likely Voters,1218,Automated Phone,Nonpartisan,None,11,2012_16453_hawaii
2012-hawaii-president-romney-vs-obama,2012,hawaii,62,30,6,3,15516,Honolulu Civil Beat/Merriman,2012-09-26,2012-09-28,Likely Voters,1684,Automated Phone,Nonpartisan,None,39,2012_15516_hawaii
2012-hawaii-president-romney-vs-obama,2012,hawaii,59,32,10,NA,12582,DailyKos.com/PPP (D),2011-10-13,2011-10-16,Likely Voters,568,Automated Phone,Sponsor,Dem,387,2012_12582_hawaii
2012-west-virginia-president-romney-vs-obama,2012,west-virginia,38,52,10,NA,14852,R.L. Repass & Partners,2012-08-22,2012-08-25,Likely Voters,401,Mixed,Nonpartisan,None,73,2012_14852_west-virginia
2012-west-virginia-president-romney-vs-obama,2012,west-virginia,37,54,10,NA,14877,R.L. Repass & Partners,2012-04-25,2012-04-28,Likely Voters,410,Live Phone/Online,Nonpartisan,None,192,2012_14877_west-virginia
2012-alabama-president-romney-vs-obama,2012,alabama,36,51,NA,NA,14263,Capital Survey Research Center,2012-06-07,2012-06-27,Likely Voters,551,Live Phone,Nonpartisan,None,132,2012_14263_alabama
2012-utah-president-romney-vs-obama,2012,utah,26,69,NA,NA,16509,Dan Jones & Associates,2012-10-26,2012-11-01,Registered Voters,870,Live Phone,Nonpartisan,None,5,2012_16509_utah
2012-utah-president-romney-vs-obama,2012,utah,25,70,3,2,16630,Mason-Dixon/The Salt Lake Tribune,2012-10-29,2012-10-31,Registered Voters,625,Live Phone,Nonpartisan,None,6,2012_16630_utah
2012-utah-president-romney-vs-obama,2012,utah,20,71,9,NA,16144,Key/BYU,2012-10-09,2012-10-13,Likely Voters,500,Live Phone,Nonpartisan,None,24,2012_16144_utah
2012-utah-president-romney-vs-obama,2012,utah,26,68,2,4,14175,Dan Jones & Associates,2012-06-15,2012-06-21,Registered Voters,1222,Live Phone,Nonpartisan,None,138,2012_14175_utah
2012-utah-president-romney-vs-obama,2012,utah,31,63,6,NA,15024,PPP (D),2011-07-08,2011-07-10,Likely Voters,732,Automated Phone,Pollster,Dem,485,2012_15024_utah
2012-maryland-president-romney-vs-obama,2012,maryland,59,37,2,2,16577,YouGov,2012-10-31,2012-11-03,Likely Voters,705,Internet,Nonpartisan,None,3,2012_16577_maryland
2012-maryland-president-romney-vs-obama,2012,maryland,55,36,8,NA,16429,Baltimore Sun/OpinionWorks,2012-10-20,2012-10-23,Likely Voters,801,Live Phone,Nonpartisan,None,14,2012_16429_maryland
2012-maryland-president-romney-vs-obama,2012,maryland,60,36,2,2,16062,Washington Post,2012-10-11,2012-10-15,Likely Voters,843,Live Phone,Nonpartisan,None,22,2012_16062_maryland
2012-maryland-president-romney-vs-obama,2012,maryland,58,37,4,2,15852,YouGov,2012-10-04,2012-10-11,Likely Voters,498,Internet,Nonpartisan,None,26,2012_15852_maryland
2012-maryland-president-romney-vs-obama,2012,maryland,57,34,10,NA,15463,Baltimore Sun/OpinionWorks,2012-09-25,2012-09-27,Likely Voters,804,Live Phone,Nonpartisan,None,40,2012_15463_maryland
2012-maryland-president-romney-vs-obama,2012,maryland,55,36,8,1,15325,Gonzales Research,2012-09-17,2012-09-23,Likely Voters,813,Live Phone,Nonpartisan,None,44,2012_15325_maryland
2012-maryland-president-romney-vs-obama,2012,maryland,57,37,3,3,15229,YouGov,2012-09-07,2012-09-14,Likely Voters,686,Internet,Nonpartisan,None,53,2012_15229_maryland
2012-maryland-president-romney-vs-obama,2012,maryland,58,35,6,NA,13898,PPP (D)/Marylanders for Marriage Equality,2012-05-14,2012-05-21,Likely Voters,852,Live Phone,Sponsor,Dem,169,2012_13898_maryland
2012-oklahoma-president-romney-vs-obama,2012,oklahoma,33,58,8,NA,16203,SoonerPoll.com,2012-10-18,2012-10-24,Likely Voters,305,Live Phone,Nonpartisan,None,13,2012_16203_oklahoma
2012-oklahoma-president-romney-vs-obama,2012,oklahoma,29,58,13,NA,14703,SoonerPoll.com,2012-07-26,2012-08-14,Likely Voters,495,Live Phone,Nonpartisan,None,84,2012_14703_oklahoma
2012-oklahoma-president-romney-vs-obama,2012,oklahoma,27,62,11,NA,13856,SoonerPoll.com,2012-05-07,2012-05-10,Likely Voters,503,Live Phone,Nonpartisan,None,180,2012_13856_oklahoma
2012-north-dakota-president-romney-vs-obama,2012,north-dakota,40,54,3,NA,16371,Mason-Dixon,2012-10-26,2012-10-28,Likely Voters,625,Live Phone,Nonpartisan,None,9,2012_16371_north-dakota
2012-north-dakota-president-romney-vs-obama,2012,north-dakota,38,55,NA,NA,16325,Pharos Research Group,2012-10-26,2012-10-28,Likely Voters,752,Live Phone,Nonpartisan,None,9,2012_16325_north-dakota
2012-north-dakota-president-romney-vs-obama,2012,north-dakota,39,49,NA,NA,16246,Pharos Research Group,2012-10-19,2012-10-21,Likely Voters,807,Live Phone,Nonpartisan,None,16,2012_16246_north-dakota
2012-north-dakota-president-romney-vs-obama,2012,north-dakota,40,54,4,2,16060,Rasmussen,2012-10-17,2012-10-18,Likely Voters,600,Automated Phone,Nonpartisan,None,19,2012_16060_north-dakota
2012-north-dakota-president-romney-vs-obama,2012,north-dakota,32,57,10,1,16064,Essman/Research,2012-10-12,2012-10-15,Likely Voters,500,Live Phone,Nonpartisan,None,22,2012_16064_north-dakota
2012-north-dakota-president-romney-vs-obama,2012,north-dakota,40,54,5,NA,15618,Mason-Dixon,2012-10-03,2012-10-05,Likely Voters,625,Live Phone,Nonpartisan,None,32,2012_15618_north-dakota
2012-north-dakota-president-romney-vs-obama,2012,north-dakota,39,51,NA,NA,15399,DFM Research (D-ND Dems/NPL),2012-09-24,2012-09-27,Likely Voters,600,Live Phone,Sponsor,Dem,40,2012_15399_north-dakota
2012-north-dakota-president-romney-vs-obama,2012,north-dakota,35,54,NA,NA,14480,DFM Research (D-ND Dems/NPL),2012-07-24,2012-07-26,Likely Voters,400,Live Phone,Sponsor,Dem,103,2012_14480_north-dakota
2012-north-dakota-president-romney-vs-obama,2012,north-dakota,36,51,7,6,14336,Rasmussen,2012-07-10,2012-07-11,Likely Voters,400,Automated Phone,Nonpartisan,None,118,2012_14336_north-dakota
2012-north-dakota-president-romney-vs-obama,2012,north-dakota,39,52,NA,NA,14040,Mason-Dixon,2012-06-04,2012-06-06,Likely Voters,625,Live Phone,Nonpartisan,None,153,2012_14040_north-dakota
2012-north-dakota-president-romney-vs-obama,2012,north-dakota,32,51,NA,NA,13664,DFM Research (D-DSCC),2012-04-18,2012-04-26,Registered Voters,478,Live Phone,Sponsor,Dem,194,2012_13664_north-dakota
2012-washington-president-romney-vs-obama,2012,washington,53,46,1,NA,16521,PPP (D),2012-11-01,2012-11-03,Likely Voters,932,Automated Phone,Pollster,Dem,3,2012_16521_washington
2012-washington-president-romney-vs-obama,2012,washington,54,40,2,NA,16583,YouGov,2012-10-31,2012-11-03,Likely Voters,837,Internet,Nonpartisan,None,3,2012_16583_washington
2012-washington-president-romney-vs-obama,2012,washington,54,40,NA,NA,16415,SurveyUSA,2012-10-28,2012-10-31,Likely Voters,555,Mixed,Nonpartisan,None,6,2012_16415_washington
2012-washington-president-romney-vs-obama,2012,washington,57,36,4,NA,16435,University of Washington/KCTS9,2012-10-18,2012-10-31,Likely Voters,632,Live Phone,Nonpartisan,None,6,2012_16435_washington
2012-washington-president-romney-vs-obama,2012,washington,52,39,5,NA,16051,Strategies 360 (D),2012-10-17,2012-10-20,Likely Voters,500,Live Phone,Nonpartisan,None,17,2012_16051_washington
2012-washington-president-romney-vs-obama,2012,washington,50,45,4,NA,15913,PPP (D-Washington Conservation Voters),2012-10-15,2012-10-16,Likely Voters,574,Automated Phone,Sponsor,Dem,21,2012_15913_washington
2012-washington-president-romney-vs-obama,2012,washington,52,43,3,NA,15936,University of Washington/KCTS9,2012-10-01,2012-10-16,Likely Voters,644,Live Phone,Nonpartisan,None,21,2012_15936_washington
2012-washington-president-romney-vs-obama,2012,washington,55,42,1,NA,15884,Rasmussen,2012-10-14,2012-10-14,Likely Voters,500,Automated Phone,Nonpartisan,None,23,2012_15884_washington
2012-washington-president-romney-vs-obama,2012,washington,54,40,3,NA,15834,SurveyUSA,2012-10-12,2012-10-14,Likely Voters,543,IVR/Online,Nonpartisan,None,23,2012_15834_washington
2012-washington-president-romney-vs-obama,2012,washington,56,39,3,NA,15847,YouGov,2012-10-04,2012-10-11,Likely Voters,747,Internet,Nonpartisan,None,26,2012_15847_washington
2012-washington-president-romney-vs-obama,2012,washington,56,36,3,NA,15506,SurveyUSA,2012-09-28,2012-09-30,Likely Voters,540,IVR/Online,Nonpartisan,None,37,2012_15506_washington
2012-washington-president-romney-vs-obama,2012,washington,52,41,4,NA,15412,Rasmussen,2012-09-26,2012-09-26,Likely Voters,500,Automated Phone,Nonpartisan,None,41,2012_15412_washington
2012-washington-president-romney-vs-obama,2012,washington,56,39,5,NA,15356,Gravis Marketing,2012-09-21,2012-09-22,Likely Voters,625,Automated Phone,Nonpartisan,None,45,2012_15356_washington
2012-washington-president-romney-vs-obama,2012,washington,53,39,3,NA,15212,YouGov,2012-09-07,2012-09-14,Likely Voters,880,Internet,Nonpartisan,None,53,2012_15212_washington
2012-washington-president-romney-vs-obama,2012,washington,53,36,NA,NA,15051,Elway,2012-09-09,2012-09-12,Registered Voters,405,Live Phone,Nonpartisan,None,55,2012_15051_washington
2012-washington-president-romney-vs-obama,2012,washington,54,38,4,NA,14955,SurveyUSA,2012-09-07,2012-09-09,Likely Voters,524,IVR/Online,Nonpartisan,None,58,2012_14955_washington
2012-washington-president-romney-vs-obama,2012,washington,46,36,17,NA,15428,Moore Information (R),2012-08-06,2012-08-07,Likely Voters,500,Live Phone,Pollster,Rep,91,2012_15428_washington
2012-washington-president-romney-vs-obama,2012,washington,54,37,5,NA,14569,SurveyUSA,2012-08-01,2012-08-02,Likely Voters,524,IVR/Online,Nonpartisan,None,96,2012_14569_washington
2012-washington-president-romney-vs-obama,2012,washington,46,37,NA,NA,14404,SurveyUSA,2012-07-16,2012-07-18,Registered Voters,630,IVR/Online,Nonpartisan,None,111,2012_14404_washington
2012-washington-president-romney-vs-obama,2012,washington,54,41,5,NA,14134,PPP (D),2012-06-14,2012-06-17,Likely Voters,1073,Automated Phone,Pollster,Dem,142,2012_14134_washington
2012-washington-president-romney-vs-obama,2012,washington,49,41,NA,NA,14123,Elway,2012-06-13,2012-06-16,Registered Voters,408,Live Phone,Nonpartisan,None,143,2012_14123_washington
2012-washington-president-romney-vs-obama,2012,washington,50,36,14,NA,13766,SurveyUSA,2012-05-08,2012-05-09,Registered Voters,557,IVR/Online,Nonpartisan,None,181,2012_13766_washington
2012-washington-president-romney-vs-obama,2012,washington,53,38,9,NA,13025,PPP (D),2012-02-16,2012-02-19,Likely Voters,1264,Automated Phone,Pollster,Dem,261,2012_13025_washington
2012-washington-president-romney-vs-obama,2012,washington,50,39,11,NA,13459,SurveyUSA,2012-02-13,2012-02-15,Registered Voters,572,IVR/Online,Nonpartisan,None,265,2012_13459_washington
2012-washington-president-romney-vs-obama,2012,washington,49,38,12,NA,13155,Elway,2012-02-07,2012-02-09,Likely Voters,405,Live Phone,Nonpartisan,None,271,2012_13155_washington
2012-washington-president-romney-vs-obama,2012,washington,50,39,11,NA,13154,SurveyUSA,2012-01-12,2012-01-16,Likely Voters,572,IVR/Online,Nonpartisan,None,295,2012_13154_washington
2012-vermont-president-romney-vs-obama,2012,vermont,62,25,7,1,14755,Castleton State College,2012-08-11,2012-08-21,Likely Voters,477,Automated Phone,Nonpartisan,None,77,2012_14755_vermont
2012-vermont-president-romney-vs-obama,2012,vermont,58,33,NA,6,13458,Castleton State College,2012-02-11,2012-02-22,Registered Voters,664,Automated Phone,Nonpartisan,None,258,2012_13458_vermont
2012-texas-president-romney-vs-obama,2012,texas,38,57,2,3,16596,YouGov,2012-10-31,2012-11-03,Likely Voters,1563,Internet,Nonpartisan,None,3,2012_16596_texas
2012-texas-president-romney-vs-obama,2012,texas,39,55,NA,6,16331,YouGov/U of Texas/Texas Tribune,2012-10-15,2012-10-21,Likely Voters,540,Internet,Nonpartisan,None,16,2012_16331_texas
2012-texas-president-romney-vs-obama,2012,texas,41,55,2,2,15872,YouGov,2012-10-04,2012-10-11,Likely Voters,957,Internet,Nonpartisan,None,26,2012_15872_texas
2012-texas-president-romney-vs-obama,2012,texas,39,58,4,NA,15488,Texas Lyceum,2012-09-10,2012-09-26,Likely Voters,443,Live Phone,Nonpartisan,None,41,2012_15488_texas
2012-texas-president-romney-vs-obama,2012,texas,41,53,2,4,15231,YouGov,2012-09-07,2012-09-14,Likely Voters,1165,Internet,Nonpartisan,None,53,2012_15231_texas
2012-texas-president-romney-vs-obama,2012,texas,40,55,3,2,14990,Wilson Perkins Allen Opinion Research (R),2012-09-09,2012-09-11,Likely Voters,1000,Live Phone,Pollster,Rep,56,2012_14990_texas
2012-texas-president-romney-vs-obama,2012,texas,35,55,NA,NA,13863,YouGov/U of Texas/Texas Tribune,2012-05-07,2012-05-13,Likely Voters,511,Internet,Nonpartisan,None,177,2012_13863_texas
2012-texas-president-romney-vs-obama,2012,texas,43,50,7,NA,13603,PPP (D),2012-04-19,2012-04-22,Likely Voters,591,Automated Phone,Pollster,Dem,198,2012_13603_texas
2012-texas-president-romney-vs-obama,2012,texas,36,49,NA,NA,13457,U of Texas/Texas Tribune,2012-02-08,2012-02-15,Likely Voters,529,Internet,Nonpartisan,None,265,2012_13457_texas
2012-texas-president-romney-vs-obama,2012,texas,42,49,9,NA,12647,PPP (D),2012-01-12,2012-01-15,Likely Voters,700,Automated Phone,Pollster,Dem,296,2012_12647_texas
2012-tennessee-president-romney-vs-obama,2012,tennessee,42,53,3,2,16594,YouGov,2012-10-31,2012-11-03,Likely Voters,697,Internet,Nonpartisan,None,3,2012_16594_tennessee
2012-tennessee-president-romney-vs-obama,2012,tennessee,34,59,6,1,16330,MTSU,2012-10-16,2012-10-21,Likely Voters,609,Live Phone,Nonpartisan,None,16,2012_16330_tennessee
2012-tennessee-president-romney-vs-obama,2012,tennessee,43,52,4,2,15871,YouGov,2012-10-04,2012-10-11,Likely Voters,484,Internet,Nonpartisan,None,26,2012_15871_tennessee
2012-tennessee-president-romney-vs-obama,2012,tennessee,42,50,4,4,15226,YouGov,2012-09-07,2012-09-14,Likely Voters,694,Internet,Nonpartisan,None,53,2012_15226_tennessee
2012-tennessee-president-romney-vs-obama,2012,tennessee,40,47,NA,NA,13845,Vanderbit/PSRA,2012-05-02,2012-05-09,Registered Voters,826,Live Phone,Nonpartisan,None,181,2012_13845_tennessee
2012-tennessee-president-romney-vs-obama,2012,tennessee,41,47,NA,NA,13087,MTSU,2012-02-13,2012-02-25,Likely Voters,416,Live Phone,Nonpartisan,None,255,2012_13087_tennessee
2012-tennessee-president-romney-vs-obama,2012,tennessee,39,42,7,NA,13125,Vanderbit/PSRA,2012-02-16,2012-02-22,Registered Voters,1508,Live Phone,Nonpartisan,None,258,2012_13125_tennessee
2012-tennessee-president-romney-vs-obama,2012,tennessee,29,44,NA,NA,12578,MTSU,2011-10-03,2011-10-14,Adults,640,Live Phone,Nonpartisan,None,389,2012_12578_tennessee
2012-south-dakota-president-romney-vs-obama,2012,south-dakota,41,53,6,NA,16663,Nielson Brothers,2012-10-31,2012-11-04,Likely Voters,617,Automated Phone,Nonpartisan,None,2,2012_16663_south-dakota
2012-south-dakota-president-romney-vs-obama,2012,south-dakota,42,50,8,NA,16499,Nielson Brothers,2012-10-28,2012-10-31,Likely Voters,777,Automated Phone,Nonpartisan,None,6,2012_16499_south-dakota
2012-south-dakota-president-romney-vs-obama,2012,south-dakota,41,52,7,NA,15753,Nielson Brothers,2012-10-01,2012-10-05,Likely Voters,749,Automated Phone,Nonpartisan,None,32,2012_15753_south-dakota
2012-south-dakota-president-romney-vs-obama,2012,south-dakota,39,54,7,NA,15249,Nielson Brothers,2012-08-29,2012-09-06,Likely Voters,512,Automated Phone,Nonpartisan,None,61,2012_15249_south-dakota
2012-south-dakota-president-romney-vs-obama,2012,south-dakota,43,49,8,NA,14558,Nielson Brothers,2012-07-19,2012-07-23,Registered Voters,546,Automated Phone,Nonpartisan,None,106,2012_14558_south-dakota
2012-south-dakota-president-romney-vs-obama,2012,south-dakota,35,44,21,NA,13456,Nielson Brothers,2012-02-15,2012-02-17,Registered Voters,559,Automated Phone,Nonpartisan,None,263,2012_13456_south-dakota
2012-south-carolina-president-romney-vs-obama,2012,south-carolina,40,46,NA,NA,12475,Ipsos/Reuters (Internet),2012-01-10,2012-01-13,Registered Voters,995,Internet,Nonpartisan,None,298,2012_12475_south-carolina
2012-south-carolina-president-romney-vs-obama,2012,south-carolina,45,42,13,NA,12565,Marist College,2011-12-04,2011-12-06,Likely Voters,2107,Live Phone,Nonpartisan,None,336,2012_12565_south-carolina
2012-south-carolina-president-romney-vs-obama,2012,south-carolina,40,46,14,NA,12566,Marist College,2011-10-11,2011-10-13,Likely Voters,2131,Live Phone,Nonpartisan,None,390,2012_12566_south-carolina
2012-oregon-president-romney-vs-obama,2012,oregon,52,46,3,NA,16491,PPP (D),2012-10-31,2012-11-01,Likely Voters,921,Automated Phone,Pollster,Dem,5,2012_16491_oregon
2012-oregon-president-romney-vs-obama,2012,oregon,47,41,9,NA,16315,Elway/Oregonian,2012-10-25,2012-10-28,Likely Voters,405,Live Phone,Nonpartisan,None,9,2012_16315_oregon
2012-oregon-president-romney-vs-obama,2012,oregon,47,42,12,NA,16329,Hoffman Research (R),2012-10-24,2012-10-25,Likely Voters,615,Live Phone,Pollster,Rep,12,2012_16329_oregon
2012-oregon-president-romney-vs-obama,2012,oregon,49,42,5,NA,15941,SurveyUSA,2012-10-16,2012-10-18,Likely Voters,579,IVR/Online,Nonpartisan,None,19,2012_15941_oregon
2012-oregon-president-romney-vs-obama,2012,oregon,50,41,5,NA,15097,SurveyUSA,2012-09-10,2012-09-13,Likely Voters,552,IVR/Online,Nonpartisan,None,54,2012_15097_oregon
2012-oregon-president-romney-vs-obama,2012,oregon,50,42,8,NA,14185,PPP (D),2012-06-21,2012-06-24,Likely Voters,686,Automated Phone,Pollster,Dem,135,2012_14185_oregon
2012-oregon-president-romney-vs-obama,2012,oregon,47,43,10,NA,13744,SurveyUSA,2012-05-07,2012-05-10,Registered Voters,1468,IVR/Online,Nonpartisan,None,180,2012_13744_oregon
2012-oregon-president-romney-vs-obama,2012,oregon,50,39,11,NA,13294,SurveyUSA,2012-03-14,2012-03-19,Likely Voters,1615,IVR/Online,Nonpartisan,None,232,2012_13294_oregon
2012-new-york-president-romney-vs-obama,2012,new-york,59,36,3,2,16579,YouGov,2012-10-31,2012-11-03,Likely Voters,1430,Internet,Nonpartisan,None,3,2012_16579_new-york
2012-new-york-president-romney-vs-obama,2012,new-york,62,33,2,4,16219,SurveyUSA,2012-10-23,2012-10-25,Likely Voters,554,IVR/Online,Nonpartisan,None,12,2012_16219_new-york
2012-new-york-president-romney-vs-obama,2012,new-york,59,35,6,NA,16188,Siena,2012-10-22,2012-10-24,Likely Voters,750,Live Phone,Nonpartisan,None,13,2012_16188_new-york
2012-new-york-president-romney-vs-obama,2012,new-york,61,35,3,1,16137,Marist,2012-10-18,2012-10-21,Likely Voters,565,Live Phone,Nonpartisan,None,16,2012_16137_new-york
2012-new-york-president-romney-vs-obama,2012,new-york,59,35,4,2,15856,YouGov,2012-10-04,2012-10-11,Likely Voters,1403,Internet,Nonpartisan,None,26,2012_15856_new-york
2012-new-york-president-romney-vs-obama,2012,new-york,58,36,4,2,15227,YouGov,2012-09-07,2012-09-14,Likely Voters,1403,Internet,Nonpartisan,None,53,2012_15227_new-york
2012-new-york-president-romney-vs-obama,2012,new-york,62,34,2,1,14998,Quinnipiac,2012-09-04,2012-09-12,Likely Voters,1486,Live Phone,Nonpartisan,None,55,2012_14998_new-york
2012-new-york-president-romney-vs-obama,2012,new-york,62,33,5,NA,14726,Siena,2012-08-14,2012-08-19,Likely Voters,671,Live Phone,Nonpartisan,None,79,2012_14726_new-york
2012-new-york-president-romney-vs-obama,2012,new-york,55,32,10,2,14440,Quinnipiac,2012-07-17,2012-07-23,Registered Voters,1779,Live Phone,Nonpartisan,None,106,2012_14440_new-york
2012-new-york-president-romney-vs-obama,2012,new-york,61,34,5,NA,14362,Siena,2012-07-10,2012-07-15,Registered Voters,758,Live Phone,Nonpartisan,None,114,2012_14362_new-york
2012-new-york-president-romney-vs-obama,2012,new-york,59,35,6,NA,14068,Siena,2012-06-03,2012-06-06,Registered Voters,807,Live Phone,Nonpartisan,None,153,2012_14068_new-york
2012-new-york-president-romney-vs-obama,2012,new-york,56,31,8,2,13968,Quinnipiac,2012-05-22,2012-05-28,Registered Voters,1504,Live Phone,Nonpartisan,None,162,2012_13968_new-york
2012-new-york-president-romney-vs-obama,2012,new-york,57,37,6,NA,13797,Siena,2012-05-06,2012-05-10,Registered Voters,766,Live Phone,Nonpartisan,None,180,2012_13797_new-york
2012-new-york-president-romney-vs-obama,2012,new-york,57,35,8,NA,13554,Marist,2012-04-10,2012-04-12,Registered Voters,632,Live Phone,Nonpartisan,None,208,2012_13554_new-york
2012-new-york-president-romney-vs-obama,2012,new-york,60,35,5,NA,13492,Siena,2012-04-01,2012-04-04,Registered Voters,808,Live Phone,Nonpartisan,None,216,2012_13492_new-york
2012-new-york-president-romney-vs-obama,2012,new-york,56,33,10,2,13439,Quinnipiac,2012-03-28,2012-04-02,Registered Voters,1597,Live Phone,Nonpartisan,None,218,2012_13439_new-york
2012-new-york-president-romney-vs-obama,2012,new-york,60,34,6,NA,13321,Siena,2012-02-26,2012-02-29,Registered Voters,808,Live Phone,Nonpartisan,None,251,2012_13321_new-york
2012-new-york-president-romney-vs-obama,2012,new-york,52,35,7,2,13146,Quinnipiac,2012-02-08,2012-02-13,Registered Voters,1233,Live Phone,Nonpartisan,None,267,2012_13146_new-york
2012-new-york-president-romney-vs-obama,2012,new-york,63,31,6,NA,13322,Siena,2012-01-29,2012-02-01,Registered Voters,807,Live Phone,Nonpartisan,None,279,2012_13322_new-york
2012-new-york-president-romney-vs-obama,2012,new-york,58,35,7,NA,13455,Marist,2012-01-18,2012-01-19,Registered Voters,554,Live Phone,Nonpartisan,None,292,2012_13455_new-york
2012-new-jersey-president-romney-vs-obama,2012,new-jersey,53,41,4,2,16587,YouGov,2012-10-31,2012-11-03,Likely Voters,987,Internet,Nonpartisan,None,3,2012_16587_new-jersey
2012-new-jersey-president-romney-vs-obama,2012,new-jersey,51,41,8,NA,16213,Philadelphia Inquirer/National Research (R)/GSG (D),2012-10-23,2012-10-25,Likely Voters,601,Live Phone,Nonpartisan,None,12,2012_16213_new-jersey
2012-new-jersey-president-romney-vs-obama,2012,new-jersey,54,40,4,2,15975,SurveyUSA,2012-10-17,2012-10-18,Registered Voters,577,IVR/Online,Nonpartisan,None,19,2012_15975_new-jersey
2012-new-jersey-president-romney-vs-obama,2012,new-jersey,53,38,NA,NA,15982,Stockton,2012-10-12,2012-10-18,Likely Voters,811,Live Phone,Nonpartisan,None,19,2012_15982_new-jersey
2012-new-jersey-president-romney-vs-obama,2012,new-jersey,48,41,NA,NA,15870,Neighborhood (R-AFP),2012-10-10,2012-10-14,Likely Voters,783,Live Phone,Sponsor,Rep,23,2012_15870_new-jersey
2012-new-jersey-president-romney-vs-obama,2012,new-jersey,51,43,5,1,15819,Quinnipiac,2012-10-10,2012-10-14,Likely Voters,1319,Live Phone,Nonpartisan,None,23,2012_15819_new-jersey
2012-new-jersey-president-romney-vs-obama,2012,new-jersey,54,41,3,2,15846,YouGov,2012-10-04,2012-10-11,Likely Voters,770,Internet,Nonpartisan,None,26,2012_15846_new-jersey
2012-new-jersey-president-romney-vs-obama,2012,new-jersey,51,40,10,NA,15691,Philadelphia Inquirer/National Research (R)/GSG (D),2012-10-04,2012-10-08,Likely Voters,604,Live Phone,Nonpartisan,None,29,2012_15691_new-jersey
2012-new-jersey-president-romney-vs-obama,2012,new-jersey,56,39,4,2,15491,Rutgers-Eagleton,2012-09-27,2012-09-30,Likely Voters,645,Live Phone,Nonpartisan,None,37,2012_15491_new-jersey
2012-new-jersey-president-romney-vs-obama,2012,new-jersey,52,37,10,1,15299,Monmouth University/Asbury Park Press,2012-09-19,2012-09-23,Likely Voters,613,Live Phone,Nonpartisan,None,44,2012_15299_new-jersey
2012-new-jersey-president-romney-vs-obama,2012,new-jersey,52,40,4,3,15195,YouGov,2012-09-07,2012-09-14,Likely Voters,1040,Internet,Nonpartisan,None,53,2012_15195_new-jersey
2012-new-jersey-president-romney-vs-obama,2012,new-jersey,51,37,12,NA,15075,Philadelphia Inquirer/National Research (R)/GSG (D),2012-09-09,2012-09-12,Likely Voters,600,Live Phone,Nonpartisan,None,55,2012_15075_new-jersey
2012-new-jersey-president-romney-vs-obama,2012,new-jersey,52,38,9,1,15035,Fairleigh Dickinson,2012-09-06,2012-09-12,Likely Voters,706,Live Phone,Nonpartisan,None,55,2012_15035_new-jersey
2012-new-jersey-president-romney-vs-obama,2012,new-jersey,51,44,4,1,14902,Quinnipiac,2012-08-27,2012-09-02,Likely Voters,1471,Live Phone,Nonpartisan,None,65,2012_14902_new-jersey
2012-new-jersey-president-romney-vs-obama,2012,new-jersey,51,37,5,6,14821,Rutgers-Eagleton,2012-08-23,2012-08-25,Likely Voters,710,Live Phone,Nonpartisan,None,73,2012_14821_new-jersey
2012-new-jersey-president-romney-vs-obama,2012,new-jersey,49,36,15,NA,14543,Fairleigh Dickinson,2012-07-23,2012-07-29,Registered Voters,945,Live Phone,Nonpartisan,None,100,2012_14543_new-jersey
2012-new-jersey-president-romney-vs-obama,2012,new-jersey,50,42,6,1,14456,Monmouth University/Asbury Park Press,2012-07-18,2012-07-22,Likely Voters,535,Live Phone,Nonpartisan,None,107,2012_14456_new-jersey
2012-new-jersey-president-romney-vs-obama,2012,new-jersey,49,38,11,2,14371,Quinnipiac,2012-07-09,2012-07-15,Registered Voters,1623,Live Phone,Nonpartisan,None,114,2012_14371_new-jersey
2012-new-jersey-president-romney-vs-obama,2012,new-jersey,56,33,9,3,14088,Rutgers-Eagleton,2012-05-31,2012-06-04,Registered Voters,1065,Live Phone,Nonpartisan,None,155,2012_14088_new-jersey
2012-new-jersey-president-romney-vs-obama,2012,new-jersey,49,39,10,2,13812,Quinnipiac,2012-05-09,2012-05-14,Registered Voters,1582,Live Phone,Nonpartisan,None,176,2012_13812_new-jersey
2012-new-jersey-president-romney-vs-obama,2012,new-jersey,50,36,14,NA,13726,Fairleigh Dickinson,2012-04-30,2012-05-06,Registered Voters,797,Live Phone,Nonpartisan,None,184,2012_13726_new-jersey
2012-new-jersey-president-romney-vs-obama,2012,new-jersey,49,40,9,2,13518,Quinnipiac,2012-04-03,2012-04-09,Registered Voters,1607,Live Phone,Nonpartisan,None,211,2012_13518_new-jersey
2012-new-jersey-president-romney-vs-obama,2012,new-jersey,50,37,13,NA,13453,Fairleigh Dickinson,2012-03-05,2012-03-11,Registered Voters,800,Live Phone,Nonpartisan,None,240,2012_13453_new-jersey
2012-new-jersey-president-romney-vs-obama,2012,new-jersey,49,39,7,1,13086,Quinnipiac,2012-02-21,2012-02-27,Registered Voters,1396,Live Phone,Nonpartisan,None,253,2012_13086_new-jersey
2012-new-jersey-president-romney-vs-obama,2012,new-jersey,52,38,10,NA,13085,SurveyUSA,2012-02-24,2012-02-26,Registered Voters,533,IVR/Online,Nonpartisan,None,254,2012_13085_new-jersey
2012-new-jersey-president-romney-vs-obama,2012,new-jersey,56,31,13,NA,13088,Rutgers-Eagleton,2012-02-09,2012-02-11,Registered Voters,914,Live Phone,Nonpartisan,None,269,2012_13088_new-jersey
2012-new-jersey-president-romney-vs-obama,2012,new-jersey,48,38,9,2,12499,Quinnipiac,2012-01-10,2012-01-16,Registered Voters,1460,Live Phone,Nonpartisan,None,295,2012_12499_new-jersey
2012-new-jersey-president-romney-vs-obama,2012,new-jersey,51,32,NA,NA,12575,Rutgers-Eagleton,2011-12-15,2011-12-18,Registered Voters,823,Live Phone,Nonpartisan,None,324,2012_12575_new-jersey
2012-new-jersey-president-romney-vs-obama,2012,new-jersey,49,40,7,2,12131,Quinnipiac,2011-11-09,2011-11-14,Registered Voters,1788,Live Phone,Nonpartisan,None,358,2012_12131_new-jersey
2012-new-jersey-president-romney-vs-obama,2012,new-jersey,47,41,7,2,11959,Quinnipiac,2011-10-05,2011-10-10,Registered Voters,1186,Live Phone,Nonpartisan,None,393,2012_11959_new-jersey
2012-nebraska-president-romney-vs-obama,2012,nebraska,41,54,3,2,16457,We Ask America,2012-11-01,2012-11-01,Likely Voters,1178,Automated Phone,Nonpartisan,None,5,2012_16457_nebraska
2012-nebraska-president-romney-vs-obama,2012,nebraska,39,58,NA,NA,16324,Pharos Research Group,2012-10-26,2012-10-28,Likely Voters,761,Live Phone,Nonpartisan,None,9,2012_16324_nebraska
2012-nebraska-president-romney-vs-obama,2012,nebraska,38,52,NA,NA,16265,Wiese/Omaha World-Herald,2012-10-23,2012-10-25,Likely Voters,679,Live Phone,Nonpartisan,None,12,2012_16265_nebraska
2012-nebraska-president-romney-vs-obama,2012,nebraska,41,51,NA,NA,16248,Pharos Research Group,2012-10-19,2012-10-21,Likely Voters,783,Live Phone,Nonpartisan,None,16,2012_16248_nebraska
2012-nebraska-president-romney-vs-obama,2012,nebraska,39,53,6,2,15275,Wiese/Omaha World-Herald,2012-09-17,2012-09-20,Likely Voters,656,Live Phone,Nonpartisan,None,47,2012_15275_nebraska
2012-nebraska-president-romney-vs-obama,2012,nebraska,39,53,3,6,13833,Rasmussen,2012-05-16,2012-05-16,Likely Voters,500,Automated Phone,Nonpartisan,None,174,2012_13833_nebraska
2012-nebraska-president-romney-vs-obama,2012,nebraska,39,51,10,NA,13373,PPP (D),2012-03-22,2012-03-25,Likely Voters,1028,Automated Phone,Pollster,Dem,226,2012_13373_nebraska
2012-nebraska-president-romney-vs-obama,2012,nebraska,35,52,3,10,13452,Rasmussen,2012-03-05,2012-03-05,Likely Voters,500,Automated Phone,Nonpartisan,None,246,2012_13452_nebraska
2012-montana-president-romney-vs-obama,2012,montana,45,52,3,NA,16561,PPP (D),2012-11-02,2012-11-03,Likely Voters,836,Automated Phone,Pollster,Dem,3,2012_16561_montana
2012-montana-president-romney-vs-obama,2012,montana,43,53,2,2,16553,The Lee Newspapers Poll/Mason-Dixon,2012-10-29,2012-10-31,Likely Voters,625,Live Phone,Nonpartisan,None,6,2012_16553_montana
2012-montana-president-romney-vs-obama,2012,montana,43,53,4,1,16552,Rasmussen,2012-10-29,2012-10-29,Likely Voters,500,Automated Phone,Nonpartisan,None,8,2012_16552_montana
2012-montana-president-romney-vs-obama,2012,montana,43,50,NA,NA,16326,Pharos Research Group,2012-10-26,2012-10-28,Likely Voters,799,Live Phone,Nonpartisan,None,9,2012_16326_montana
2012-montana-president-romney-vs-obama,2012,montana,41,48,NA,NA,16247,Pharos Research Group,2012-10-19,2012-10-21,Likely Voters,828,Live Phone,Nonpartisan,None,16,2012_16247_montana
2012-montana-president-romney-vs-obama,2012,montana,43,53,4,NA,15896,PPP (D-LCV),2012-10-15,2012-10-16,Likely Voters,806,Automated Phone,Sponsor,Dem,21,2012_15896_montana
2012-montana-president-romney-vs-obama,2012,montana,45,53,1,1,15867,Rasmussen,2012-10-14,2012-10-14,Likely Voters,500,Automated Phone,Nonpartisan,None,23,2012_15867_montana
2012-montana-president-romney-vs-obama,2012,montana,41,52,6,NA,15671,PPP (D),2012-10-08,2012-10-10,Likely Voters,737,Automated Phone,Pollster,Dem,27,2012_15671_montana
2012-montana-president-romney-vs-obama,2012,montana,35,49,10,6,15695,MSU-Billings,2012-09-27,2012-09-30,Adults,477,Live Phone,Nonpartisan,None,37,2012_15695_montana
2012-montana-president-romney-vs-obama,2012,montana,44,48,NA,NA,15591,Mellman (D-Montana JET PAC),2012-09-23,2012-09-26,Likely Voters,600,Live Phone,Sponsor,Dem,41,2012_15591_montana
2012-montana-president-romney-vs-obama,2012,montana,42,51,5,2,15263,The Lee Newspapers Poll/Mason-Dixon,2012-09-17,2012-09-19,Likely Voters,625,Live Phone,Nonpartisan,None,48,2012_15263_montana
2012-montana-president-romney-vs-obama,2012,montana,45,50,5,NA,14987,PPP (D),2012-09-10,2012-09-11,Likely Voters,656,Automated Phone,Pollster,Dem,56,2012_14987_montana
2012-montana-president-romney-vs-obama,2012,montana,38,55,4,4,14724,Rasmussen,2012-08-20,2012-08-20,Likely Voters,500,Automated Phone,Nonpartisan,None,78,2012_14724_montana
2012-montana-president-romney-vs-obama,2012,montana,42,51,2,5,14135,Rasmussen,2012-06-18,2012-06-18,Likely Voters,500,Automated Phone,Nonpartisan,None,141,2012_14135_montana
2012-montana-president-romney-vs-obama,2012,montana,44,51,1,3,13690,Rasmussen,2012-05-02,2012-05-02,Likely Voters,450,Automated Phone,Nonpartisan,None,188,2012_13690_montana
2012-montana-president-romney-vs-obama,2012,montana,43,48,9,NA,13673,PPP (D),2012-04-26,2012-04-29,Likely Voters,934,Automated Phone,Pollster,Dem,191,2012_13673_montana
2012-montana-president-romney-vs-obama,2012,montana,40,49,2,9,13431,Rasmussen,2012-04-02,2012-04-02,Likely Voters,500,Automated Phone,Nonpartisan,None,218,2012_13431_montana
2012-montana-president-romney-vs-obama,2012,montana,41,48,4,7,13144,Rasmussen,2012-02-22,2012-02-22,Likely Voters,500,Automated Phone,Nonpartisan,None,258,2012_13144_montana
2012-massachusetts-president-romney-vs-obama,2012,massachusetts,57,37,4,1,16609,UMass Lowell/Herald,2012-10-31,2012-11-03,Likely Voters,800,Live Phone,Nonpartisan,None,3,2012_16609_massachusetts
2012-massachusetts-president-romney-vs-obama,2012,massachusetts,57,37,3,3,16576,YouGov,2012-10-31,2012-11-03,Likely Voters,811,Internet,Nonpartisan,None,3,2012_16576_massachusetts
2012-massachusetts-president-romney-vs-obama,2012,massachusetts,57,42,2,NA,16484,PPP (D),2012-11-01,2012-11-02,Likely Voters,1089,Automated Phone,Pollster,Dem,4,2012_16484_massachusetts
2012-massachusetts-president-romney-vs-obama,2012,massachusetts,58,40,2,NA,16543,WNEU/MassLive.com,2012-10-26,2012-11-01,Likely Voters,535,Live Phone,Nonpartisan,None,5,2012_16543_massachusetts
2012-massachusetts-president-romney-vs-obama,2012,massachusetts,63,31,3,2,16332,Suffolk,2012-10-25,2012-10-28,Likely Voters,600,Live Phone,Nonpartisan,None,9,2012_16332_massachusetts
2012-massachusetts-president-romney-vs-obama,2012,massachusetts,52,38,NA,NA,16276,Boston Globe/UNH,2012-10-24,2012-10-28,Likely Voters,583,Live Phone,Nonpartisan,None,9,2012_16276_massachusetts
2012-massachusetts-president-romney-vs-obama,2012,massachusetts,59,40,1,NA,16361,Rasmussen,2012-10-25,2012-10-25,Likely Voters,500,Automated Phone,Nonpartisan,None,12,2012_16361_massachusetts
2012-massachusetts-president-romney-vs-obama,2012,massachusetts,56,36,7,2,16103,MassINC/WBUR,2012-10-21,2012-10-22,Likely Voters,516,Live Phone,Nonpartisan,None,15,2012_16103_massachusetts
2012-massachusetts-president-romney-vs-obama,2012,massachusetts,55,39,6,NA,16034,Kimball Political Consulting (R),2012-10-18,2012-10-21,Likely Voters,761,Automated Phone,Pollster,Rep,16,2012_16034_massachusetts
2012-massachusetts-president-romney-vs-obama,2012,massachusetts,57,39,NA,NA,15898,PPP (D-LCV),2012-10-15,2012-10-16,Likely Voters,709,Automated Phone,Sponsor,Dem,21,2012_15898_massachusetts
2012-massachusetts-president-romney-vs-obama,2012,massachusetts,55,41,4,NA,15712,PPP (D),2012-10-09,2012-10-11,Likely Voters,1051,Automated Phone,Pollster,Dem,26,2012_15712_massachusetts
2012-massachusetts-president-romney-vs-obama,2012,massachusetts,55,36,5,4,15854,YouGov,2012-10-04,2012-10-11,Likely Voters,669,Internet,Nonpartisan,None,26,2012_15854_massachusetts
2012-massachusetts-president-romney-vs-obama,2012,massachusetts,57,42,1,NA,15831,Rasmussen,2012-10-10,2012-10-10,Likely Voters,500,Automated Phone,Nonpartisan,None,27,2012_15831_massachusetts
2012-massachusetts-president-romney-vs-obama,2012,massachusetts,55,34,9,2,15638,UMass Amherst/YouGov,2012-10-02,2012-10-08,Likely Voters,437,Internet,Nonpartisan,None,29,2012_15638_massachusetts
2012-massachusetts-president-romney-vs-obama,2012,massachusetts,52,36,10,2,15620,MassINC/WBUR,2012-10-05,2012-10-07,Likely Voters,501,Live Phone,Nonpartisan,None,30,2012_15620_massachusetts
2012-massachusetts-president-romney-vs-obama,2012,massachusetts,60,34,7,NA,15510,Mass Insight/Opinion Dynamics,2012-09-25,2012-09-30,Registered Voters,405,Live Phone,Nonpartisan,None,37,2012_15510_massachusetts
2012-massachusetts-president-romney-vs-obama,2012,massachusetts,57,30,11,2,15413,Boston Globe/UNH,2012-09-21,2012-09-27,Likely Voters,502,Live Phone,Nonpartisan,None,40,2012_15413_massachusetts
2012-massachusetts-president-romney-vs-obama,2012,massachusetts,55,40,2,3,15329,Rasmussen,2012-09-24,2012-09-24,Likely Voters,500,Automated Phone,Nonpartisan,None,43,2012_15329_massachusetts
2012-massachusetts-president-romney-vs-obama,2012,massachusetts,60,36,5,NA,15145,UMass Lowell/Herald,2012-09-13,2012-09-17,Likely Voters,497,Live Phone,Nonpartisan,None,50,2012_15145_massachusetts
2012-massachusetts-president-romney-vs-obama,2012,massachusetts,57,39,4,NA,15111,PPP (D),2012-09-13,2012-09-16,Likely Voters,876,Automated Phone,Pollster,Dem,51,2012_15111_massachusetts
2012-massachusetts-president-romney-vs-obama,2012,massachusetts,64,31,4,3,15092,Suffolk,2012-09-13,2012-09-16,Likely Voters,600,Live Phone,Nonpartisan,None,51,2012_15092_massachusetts
2012-massachusetts-president-romney-vs-obama,2012,massachusetts,55,39,4,3,15222,YouGov,2012-09-07,2012-09-14,Likely Voters,825,Internet,Nonpartisan,None,53,2012_15222_massachusetts
2012-massachusetts-president-romney-vs-obama,2012,massachusetts,60,38,3,NA,15101,WNEU/MassLive.com,2012-09-06,2012-09-13,Likely Voters,444,Live Phone,Nonpartisan,None,54,2012_15101_massachusetts
2012-massachusetts-president-romney-vs-obama,2012,massachusetts,56,40,9,NA,14954,Kimball Political Consulting (R),2012-09-07,2012-09-09,Likely Voters,756,Automated Phone,Pollster,Rep,58,2012_14954_massachusetts
2012-massachusetts-president-romney-vs-obama,2012,massachusetts,52,41,7,NA,14792,Kimball Political Consulting (R),2012-08-21,2012-08-21,Likely Voters,592,Automated Phone,Pollster,Rep,77,2012_14792_massachusetts
2012-massachusetts-president-romney-vs-obama,2012,massachusetts,55,39,6,NA,14738,PPP (D),2012-08-16,2012-08-19,Likely Voters,1115,Automated Phone,Pollster,Dem,79,2012_14738_massachusetts
2012-massachusetts-president-romney-vs-obama,2012,massachusetts,55,39,6,NA,14195,PPP (D),2012-06-22,2012-06-24,Likely Voters,902,Automated Phone,Pollster,Dem,135,2012_14195_massachusetts
2012-massachusetts-president-romney-vs-obama,2012,massachusetts,56,34,9,NA,13986,WNEU/MassLive.com,2012-05-29,2012-05-31,Registered Voters,504,Live Phone,Nonpartisan,None,159,2012_13986_massachusetts
2012-massachusetts-president-romney-vs-obama,2012,massachusetts,46,34,19,NA,13985,Boston Globe/UNH,2012-05-25,2012-05-31,Likely Voters,651,Live Phone,Nonpartisan,None,159,2012_13985_massachusetts
2012-massachusetts-president-romney-vs-obama,2012,massachusetts,59,34,5,1,13887,Suffolk,2012-05-20,2012-05-22,Likely Voters,600,Live Phone,Nonpartisan,None,168,2012_13887_massachusetts
2012-massachusetts-president-romney-vs-obama,2012,massachusetts,56,35,2,6,13718,Rasmussen,2012-05-07,2012-05-07,Likely Voters,500,Automated Phone,Nonpartisan,None,183,2012_13718_massachusetts
2012-massachusetts-president-romney-vs-obama,2012,massachusetts,51,40,6,3,13505,Rasmussen,2012-04-09,2012-04-09,Likely Voters,500,Automated Phone,Nonpartisan,None,211,2012_13505_massachusetts
2012-massachusetts-president-romney-vs-obama,2012,massachusetts,49,33,16,NA,13398,Boston Globe/UNH,2012-03-21,2012-03-27,Likely Voters,544,Live Phone,Nonpartisan,None,224,2012_13398_massachusetts
2012-massachusetts-president-romney-vs-obama,2012,massachusetts,58,35,7,NA,13260,PPP (D),2012-03-16,2012-03-18,Registered Voters,936,Automated Phone,Pollster,Dem,233,2012_13260_massachusetts
2012-massachusetts-president-romney-vs-obama,2012,massachusetts,60,36,4,NA,13112,WNEU,2012-02-23,2012-03-01,Registered Voters,527,Live Phone,Nonpartisan,None,250,2012_13112_massachusetts
2012-massachusetts-president-romney-vs-obama,2012,massachusetts,55,38,3,4,13095,Rasmussen,2012-02-29,2012-02-29,Likely Voters,500,Automated Phone,Nonpartisan,None,251,2012_13095_massachusetts
2012-massachusetts-president-romney-vs-obama,2012,massachusetts,53,39,6,2,12946,Suffolk,2012-02-11,2012-02-15,Registered Voters,600,Live Phone,Nonpartisan,None,265,2012_12946_massachusetts
2012-massachusetts-president-romney-vs-obama,2012,massachusetts,55,34,7,1,12944,MassINC,2012-02-06,2012-02-09,Likely Voters,503,Live Phone,Nonpartisan,None,271,2012_12944_massachusetts
2012-massachusetts-president-romney-vs-obama,2012,massachusetts,53,35,NA,NA,13451,Mass Insight/Opinion Dynamics,2012-01-31,2012-02-04,Registered Voters,456,Live Phone,Nonpartisan,None,276,2012_13451_massachusetts
2012-maine-president-romney-vs-obama,2012,maine,53,42,3,2,16680,MPRC,2012-11-01,2012-11-03,Likely Voters,905,Automated Phone,Nonpartisan,None,3,2012_16680_maine
2012-maine-president-romney-vs-obama,2012,maine,55,42,2,NA,16486,PPP (D),2012-11-01,2012-11-02,Likely Voters,1633,Automated Phone,Pollster,Dem,4,2012_16486_maine
2012-maine-president-romney-vs-obama,2012,maine,49,42,6,2,16531,Critical Insights,2012-10-30,2012-10-31,Likely Voters,613,Live Phone,Nonpartisan,None,6,2012_16531_maine
2012-maine-president-romney-vs-obama,2012,maine,48,44,NA,NA,15791,NMB (R-American Crossroads),2012-10-07,2012-10-08,Likely Voters,500,Live Phone,Sponsor,Rep,29,2012_15791_maine
2012-maine-president-romney-vs-obama,2012,maine,51,37,10,3,15659,Pan Atlantic SMS Group,2012-09-24,2012-09-28,Likely Voters,400,Live Phone,Nonpartisan,None,39,2012_15659_maine
2012-maine-president-romney-vs-obama,2012,maine,52,40,4,4,15376,Rasmussen,2012-09-25,2012-09-25,Likely Voters,500,Automated Phone,Nonpartisan,None,42,2012_15376_maine
2012-maine-president-romney-vs-obama,2012,maine,55,39,7,NA,15138,PPP (D),2012-09-17,2012-09-18,Likely Voters,804,Automated Phone,Pollster,Dem,49,2012_15138_maine
2012-maine-president-romney-vs-obama,2012,maine,54,37,7,2,15133,MPRC/Maine People's Alliance (D),2012-09-15,2012-09-17,Likely Voters,856,Automated Phone,Sponsor,Dem,50,2012_15133_maine
2012-maine-president-romney-vs-obama,2012,maine,52,36,NA,NA,15430,Critical Insights,2012-09-12,2012-09-16,Likely Voters,618,Live Phone,Nonpartisan,None,51,2012_15430_maine
2012-maine-president-romney-vs-obama,2012,maine,49,35,13,NA,14297,Critical Insights,2012-06-20,2012-06-25,Registered Voters,615,Live Phone,Nonpartisan,None,134,2012_14297_maine
2012-maine-president-romney-vs-obama,2012,maine,48,34,13,4,14106,MassINC,2012-06-13,2012-06-14,Likely Voters,506,Live Phone,Nonpartisan,None,145,2012_14106_maine
2012-maine-president-romney-vs-obama,2012,maine,50,42,NA,NA,13781,Critical Insights,2012-05-02,2012-05-07,Registered Voters,600,Live Phone,Nonpartisan,None,183,2012_13781_maine
2012-maine-president-romney-vs-obama,2012,maine,55,37,9,NA,13495,MPRC,2012-03-31,2012-04-02,Registered Voters,993,Automated Phone,Nonpartisan,None,218,2012_13495_maine
2012-maine-president-romney-vs-obama,2012,maine,58,35,7,NA,13447,PPP (D),2012-03-02,2012-03-04,Registered Voters,1256,Automated Phone,Pollster,Dem,247,2012_13447_maine
2012-indiana-president-romney-vs-obama,2012,indiana,44,51,4,2,16590,YouGov,2012-10-31,2012-11-03,Likely Voters,768,Internet,Nonpartisan,None,3,2012_16590_indiana
2012-indiana-president-romney-vs-obama,2012,indiana,43,52,4,1,16551,Rasmussen,2012-11-01,2012-11-01,Likely Voters,600,Mixed,Nonpartisan,None,5,2012_16551_indiana
2012-indiana-president-romney-vs-obama,2012,indiana,41,54,5,NA,16446,McLaughlin (R-Mourdock),2012-10-31,2012-11-01,Likely Voters,600,Live Phone,Sponsor,Rep,5,2012_16446_indiana
2012-indiana-president-romney-vs-obama,2012,indiana,39,57,4,NA,16372,McLaughlin (R-Mourdock),2012-10-29,2012-10-30,Likely Voters,600,Live Phone,Sponsor,Rep,7,2012_16372_indiana
2012-indiana-president-romney-vs-obama,2012,indiana,42,55,NA,NA,16323,Pharos Research Group,2012-10-26,2012-10-28,Likely Voters,753,Live Phone,Nonpartisan,None,9,2012_16323_indiana
2012-indiana-president-romney-vs-obama,2012,indiana,41,55,4,NA,16187,McLaughlin (R-Mourdock),2012-10-24,2012-10-25,Likely Voters,600,Live Phone,Sponsor,Rep,12,2012_16187_indiana
2012-indiana-president-romney-vs-obama,2012,indiana,41,54,4,1,15830,Rasmussen,2012-10-10,2012-10-11,Likely Voters,600,Mixed,Nonpartisan,None,26,2012_15830_indiana
2012-indiana-president-romney-vs-obama,2012,indiana,41,53,3,2,15863,YouGov,2012-10-04,2012-10-11,Likely Voters,494,Internet,Nonpartisan,None,26,2012_15863_indiana
2012-indiana-president-romney-vs-obama,2012,indiana,40,52,NA,NA,15346,Howey-Depauw,2012-09-19,2012-09-23,Likely Voters,800,Live Phone,Nonpartisan,None,44,2012_15346_indiana
2012-indiana-president-romney-vs-obama,2012,indiana,45,50,3,2,15223,YouGov,2012-09-07,2012-09-14,Likely Voters,658,Internet,Nonpartisan,None,53,2012_15223_indiana
2012-indiana-president-romney-vs-obama,2012,indiana,41,47,NA,NA,15080,Global Strategy Group (D-Donnelly),2012-09-10,2012-09-12,Likely Voters,800,Live Phone,Sponsor,Dem,55,2012_15080_indiana
2012-indiana-president-romney-vs-obama,2012,indiana,35,51,11,3,14601,Rasmussen,2012-07-31,2012-08-01,Likely Voters,400,Mixed,Nonpartisan,None,97,2012_14601_indiana
2012-indiana-president-romney-vs-obama,2012,indiana,42,48,5,5,13924,Rasmussen,2012-05-23,2012-05-24,Likely Voters,600,Internet,Nonpartisan,None,166,2012_13924_indiana
2012-indiana-president-romney-vs-obama,2012,indiana,40,49,NA,NA,13470,Howey-Depauw,2012-03-26,2012-03-28,Likely Voters,503,Live Phone,Nonpartisan,None,223,2012_13470_indiana
2012-illinois-president-romney-vs-obama,2012,illinois,57,38,3,2,16574,YouGov,2012-10-31,2012-11-03,Likely Voters,1126,Internet,Nonpartisan,None,3,2012_16574_illinois
2012-illinois-president-romney-vs-obama,2012,illinois,57,41,NA,2,16359,We Ask America,2012-10-30,2012-10-30,Likely Voters,1198,Automated Phone,Nonpartisan,None,7,2012_16359_illinois
2012-illinois-president-romney-vs-obama,2012,illinois,58,38,3,1,15851,YouGov,2012-10-04,2012-10-11,Likely Voters,849,Internet,Nonpartisan,None,26,2012_15851_illinois
2012-illinois-president-romney-vs-obama,2012,illinois,55,36,5,4,15708,Chicago Tribune/WGN,2012-10-04,2012-10-08,Likely Voters,700,Live Phone,Nonpartisan,None,29,2012_15708_illinois
2012-illinois-president-romney-vs-obama,2012,illinois,59,36,3,2,15228,YouGov,2012-09-07,2012-09-14,Likely Voters,1068,Internet,Nonpartisan,None,53,2012_15228_illinois
2012-illinois-president-romney-vs-obama,2012,illinois,47,34,16,3,15079,Southern Illinois U,2012-09-04,2012-09-10,Registered Voters,1261,Live Phone,Nonpartisan,None,57,2012_15079_illinois
2012-illinois-president-romney-vs-obama,2012,illinois,54,37,6,3,14961,We Ask America,2012-09-05,2012-09-05,Likely Voters,1382,Automated Phone,Nonpartisan,None,62,2012_14961_illinois
2012-illinois-president-romney-vs-obama,2012,illinois,55,29,16,NA,14839,Ipsos/Crain's Business Journal,2012-08-17,2012-08-23,Adults,600,Internet,Nonpartisan,None,75,2012_14839_illinois
2012-illinois-president-romney-vs-obama,2012,illinois,51,31,14,NA,14473,Ipsos/Crain's Business Journal,2012-07-16,2012-07-22,Adults,600,Internet,Nonpartisan,None,107,2012_14473_illinois
2012-illinois-president-romney-vs-obama,2012,illinois,56,35,9,NA,13446,Chicago Tribune,2012-02-02,2012-02-06,Registered Voters,600,Live Phone,Nonpartisan,None,274,2012_13446_illinois
2012-georgia-president-romney-vs-obama,2012,georgia,44,52,2,1,16589,YouGov,2012-10-31,2012-11-03,Likely Voters,1070,Internet,Nonpartisan,None,3,2012_16589_georgia
2012-georgia-president-romney-vs-obama,2012,georgia,46,52,1,1,16444,20/20 Insight (D-Better Georgia),2012-10-29,2012-10-31,Likely Voters,1316,Automated Phone,Sponsor,Dem,6,2012_16444_georgia
2012-georgia-president-romney-vs-obama,2012,georgia,44,52,2,2,16316,SurveyUSA,2012-10-25,2012-10-28,Likely Voters,574,IVR/Online,Nonpartisan,None,9,2012_16316_georgia
2012-georgia-president-romney-vs-obama,2012,georgia,43,51,5,NA,15770,Abt SRBI Inc/Atlanta Journal-Constitution,2012-10-08,2012-10-11,Likely Voters,706,Live Phone,Nonpartisan,None,26,2012_15770_georgia
2012-georgia-president-romney-vs-obama,2012,georgia,44,52,3,1,15862,YouGov,2012-10-04,2012-10-11,Likely Voters,776,Internet,Nonpartisan,None,26,2012_15862_georgia
2012-georgia-president-romney-vs-obama,2012,georgia,35,56,7,2,15184,InsiderAdvantage/Fox 5 Atlanta,2012-09-18,2012-09-18,Likely Voters,483,Live Phone,Nonpartisan,None,49,2012_15184_georgia
2012-georgia-president-romney-vs-obama,2012,georgia,44,51,3,2,15224,YouGov,2012-09-07,2012-09-14,Likely Voters,1020,Internet,Nonpartisan,None,53,2012_15224_georgia
2012-georgia-president-romney-vs-obama,2012,georgia,46,49,4,1,14730,20/20 Insight (D-Better Georgia),2012-08-15,2012-08-18,Likely Voters,1158,Automated Phone,Sponsor,Dem,80,2012_14730_georgia
2012-georgia-president-romney-vs-obama,2012,georgia,40,52,8,NA,13912,InsiderAdvantage,2012-05-22,2012-05-22,Likely Voters,438,Automated Phone,Nonpartisan,None,168,2012_13912_georgia
2012-georgia-president-romney-vs-obama,2012,georgia,40,51,NA,NA,13782,Landmark/Rosetta Stone,2012-05-10,2012-05-10,Registered Voters,600,Automated Phone,Pollster,Rep,180,2012_13782_georgia
2012-georgia-president-romney-vs-obama,2012,georgia,42,49,8,NA,13060,SurveyUSA,2012-02-23,2012-02-26,Registered Voters,1156,IVR/Online,Nonpartisan,None,254,2012_13060_georgia
2012-georgia-president-romney-vs-obama,2012,georgia,43,51,6,NA,13073,SurveyUSA,2012-02-01,2012-02-02,Registered Voters,1144,IVR/Online,Nonpartisan,None,278,2012_13073_georgia
2012-connecticut-president-romney-vs-obama,2012,connecticut,54,39,5,2,16571,YouGov,2012-10-31,2012-11-03,Likely Voters,895,Internet,Nonpartisan,None,3,2012_16571_connecticut
2012-connecticut-president-romney-vs-obama,2012,connecticut,55,42,3,NA,16485,PPP (D),2012-11-01,2012-11-02,Likely Voters,1220,Automated Phone,Pollster,Dem,4,2012_16485_connecticut
2012-connecticut-president-romney-vs-obama,2012,connecticut,55,41,4,NA,16104,Quinnipiac,2012-10-19,2012-10-22,Likely Voters,1412,Live Phone,Nonpartisan,None,15,2012_16104_connecticut
2012-connecticut-president-romney-vs-obama,2012,connecticut,52,45,2,1,16092,Rasmussen,2012-10-21,2012-10-21,Likely Voters,500,Automated Phone,Nonpartisan,None,16,2012_16092_connecticut
2012-connecticut-president-romney-vs-obama,2012,connecticut,53,40,4,3,16063,SurveyUSA/WABC-TV,2012-10-19,2012-10-21,Likely Voters,575,IVR/Online,Nonpartisan,None,16,2012_16063_connecticut
2012-connecticut-president-romney-vs-obama,2012,connecticut,49,42,NA,NA,16168,Mason-Dixon,2012-10-15,2012-10-17,Likely Voters,625,Live Phone,Nonpartisan,None,20,2012_16168_connecticut
2012-connecticut-president-romney-vs-obama,2012,connecticut,53,44,4,NA,15928,PPP (D-LCV),2012-10-15,2012-10-16,Likely Voters,1015,Automated Phone,Sponsor,Dem,21,2012_15928_connecticut
2012-connecticut-president-romney-vs-obama,2012,connecticut,51,37,NA,NA,15912,UConn/Hartford Courant,2012-10-11,2012-10-16,Likely Voters,574,Live Phone,Nonpartisan,None,21,2012_15912_connecticut
2012-connecticut-president-romney-vs-obama,2012,connecticut,53,38,7,NA,15869,Siena,2012-10-04,2012-10-14,Likely Voters,552,Live Phone,Nonpartisan,None,23,2012_15869_connecticut
2012-connecticut-president-romney-vs-obama,2012,connecticut,53,39,5,3,15859,YouGov,2012-10-04,2012-10-11,Likely Voters,434,Internet,Nonpartisan,None,26,2012_15859_connecticut
2012-connecticut-president-romney-vs-obama,2012,connecticut,51,45,3,1,15637,Rasmussen,2012-10-07,2012-10-07,Likely Voters,500,Automated Phone,Nonpartisan,None,30,2012_15637_connecticut
2012-connecticut-president-romney-vs-obama,2012,connecticut,54,42,4,NA,15513,Quinnipiac,2012-09-28,2012-10-02,Likely Voters,1696,Live Phone,Nonpartisan,None,35,2012_15513_connecticut
2012-connecticut-president-romney-vs-obama,2012,connecticut,54,41,5,NA,15355,PPP (D),2012-09-24,2012-09-26,Likely Voters,801,Automated Phone,Pollster,Dem,41,2012_15355_connecticut
2012-connecticut-president-romney-vs-obama,2012,connecticut,53,32,12,NA,15150,UConn/Hartford Courant,2012-09-11,2012-09-16,Likely Voters,508,Live Phone,Nonpartisan,None,51,2012_15150_connecticut
2012-connecticut-president-romney-vs-obama,2012,connecticut,53,40,5,2,15189,YouGov,2012-09-07,2012-09-14,Likely Voters,634,Internet,Nonpartisan,None,53,2012_15189_connecticut
2012-connecticut-president-romney-vs-obama,2012,connecticut,52,45,2,NA,14806,Quinnipiac,2012-08-22,2012-08-26,Likely Voters,NA,Live Phone,Nonpartisan,None,72,2012_14806_connecticut
2012-connecticut-president-romney-vs-obama,2012,connecticut,53,40,7,NA,14822,PPP (D-League of Conservation Voters),2012-08-22,2012-08-23,Likely Voters,881,Automated Phone,Sponsor,Dem,75,2012_14822_connecticut
2012-connecticut-president-romney-vs-obama,2012,connecticut,51,43,3,3,14754,Rasmussen,2012-08-21,2012-08-21,Likely Voters,500,Automated Phone,Nonpartisan,None,77,2012_14754_connecticut
2012-connecticut-president-romney-vs-obama,2012,connecticut,51,43,6,NA,14536,PPP (D),2012-07-26,2012-07-29,Likely Voters,771,Automated Phone,Pollster,Dem,100,2012_14536_connecticut
2012-connecticut-president-romney-vs-obama,2012,connecticut,50,38,10,2,14016,Quinnipiac,2012-05-29,2012-06-03,Registered Voters,1408,Live Phone,Nonpartisan,None,156,2012_14016_connecticut
2012-connecticut-president-romney-vs-obama,2012,connecticut,53,37,6,1,13292,Quinnipiac,2012-03-14,2012-03-19,Registered Voters,1622,Live Phone,Nonpartisan,None,232,2012_13292_connecticut
2012-california-president-romney-vs-obama,2012,california,55,40,2,3,16569,YouGov,2012-10-31,2012-11-03,Likely Voters,1575,Internet,Nonpartisan,None,3,2012_16569_california
2012-california-president-romney-vs-obama,2012,california,54,39,5,2,16496,Field/UC Berkeley,2012-10-17,2012-10-30,Likely Voters,1566,Live Phone,Nonpartisan,None,7,2012_16496_california
2012-california-president-romney-vs-obama,2012,california,56,33,7,4,16376,CBRT/Pepperdine/M4,2012-10-21,2012-10-28,Likely Voters,2115,Internet,Nonpartisan,None,9,2012_16376_california
2012-california-president-romney-vs-obama,2012,california,55,39,2,NA,16136,USC/LATimes,2012-10-15,2012-10-21,Likely Voters,1440,Live Phone,Pollster,Dem,16,2012_16136_california
2012-california-president-romney-vs-obama,2012,california,53,41,4,2,16165,PPIC,2012-10-14,2012-10-21,Likely Voters,993,Live Phone,Nonpartisan,None,16,2012_16165_california
2012-california-president-romney-vs-obama,2012,california,53,38,5,4,15948,Reason/Rupe,2012-10-11,2012-10-15,Likely Voters,508,Live Phone,Nonpartisan,None,22,2012_15948_california
2012-california-president-romney-vs-obama,2012,california,58,39,1,2,15849,YouGov,2012-10-04,2012-10-11,Likely Voters,1169,Internet,Nonpartisan,None,26,2012_15849_california
2012-california-president-romney-vs-obama,2012,california,54,33,9,4,15722,CBRT/Pepperdine/M4,2012-10-07,2012-10-10,Likely Voters,830,Internet,Nonpartisan,None,27,2012_15722_california
2012-california-president-romney-vs-obama,2012,california,53,39,4,4,15694,SurveyUSA,2012-10-07,2012-10-09,Likely Voters,539,IVR/Online,Nonpartisan,None,28,2012_15694_california
2012-california-president-romney-vs-obama,2012,california,58,34,6,2,15140,Field/UC Berkeley,2012-09-05,2012-09-17,Likely Voters,891,Live Phone,Nonpartisan,None,50,2012_15140_california
2012-california-president-romney-vs-obama,2012,california,53,39,6,2,15221,PPIC,2012-09-09,2012-09-16,Likely Voters,995,Live Phone,Nonpartisan,None,51,2012_15221_california
2012-california-president-romney-vs-obama,2012,california,56,39,2,3,15220,YouGov,2012-09-07,2012-09-14,Likely Voters,1361,Internet,Nonpartisan,None,53,2012_15220_california
2012-california-president-romney-vs-obama,2012,california,55,33,7,4,15037,CBRT/Pepperdine/M4,2012-09-09,2012-09-12,Likely Voters,802,Internet,Nonpartisan,None,55,2012_15037_california
2012-california-president-romney-vs-obama,2012,california,57,35,3,4,14994,SurveyUSA,2012-09-09,2012-09-11,Likely Voters,524,IVR/Online,Nonpartisan,None,56,2012_14994_california
2012-california-president-romney-vs-obama,2012,california,56,33,8,4,14761,PACE/USC,2012-08-03,2012-08-07,Likely Voters,1041,Live Phone,Pollster,Dem,91,2012_14761_california
2012-california-president-romney-vs-obama,2012,california,52,33,10,5,14419,CBRT/Pepperdine/M4,2012-07-16,2012-07-17,Likely Voters,812,Internet,Nonpartisan,None,112,2012_14419_california
2012-california-president-romney-vs-obama,2012,california,55,37,5,3,14260,Field,2012-06-21,2012-07-02,Likely Voters,848,Live Phone,Nonpartisan,None,127,2012_14260_california
2012-california-president-romney-vs-obama,2012,california,57,36,7,NA,13975,SurveyUSA,2012-05-27,2012-05-29,Registered Voters,1575,IVR/Online,Nonpartisan,None,161,2012_13975_california
2012-california-president-romney-vs-obama,2012,california,48,32,17,NA,13976,Field,2012-05-21,2012-05-29,Registered Voters,710,Live Phone,Nonpartisan,None,161,2012_13976_california
2012-california-president-romney-vs-obama,2012,california,56,37,2,NA,13908,USC/LATimes,2012-05-17,2012-05-21,Registered Voters,1002,Live Phone,Pollster,Dem,169,2012_13908_california
2012-california-president-romney-vs-obama,2012,california,50,39,8,3,13907,PPIC,2012-05-14,2012-05-20,Likely Voters,894,Live Phone,Nonpartisan,None,170,2012_13907_california
2012-california-president-romney-vs-obama,2012,california,62,31,8,NA,13427,SurveyUSA,2012-03-29,2012-04-02,Registered Voters,1995,IVR/Online,Nonpartisan,None,218,2012_13427_california
2012-california-president-romney-vs-obama,2012,california,57,36,NA,NA,13359,USC/LATimes,2012-03-14,2012-03-19,Registered Voters,1500,Live Phone,Nonpartisan,None,232,2012_13359_california
2012-california-president-romney-vs-obama,2012,california,55,35,10,NA,13138,Field,2012-02-11,2012-02-18,Registered Voters,1003,Live Phone,Nonpartisan,None,262,2012_13138_california
2012-california-president-romney-vs-obama,2012,california,57,35,4,4,13137,Rasmussen,2012-02-08,2012-02-16,Likely Voters,500,Automated Phone,Nonpartisan,None,264,2012_13137_california
2012-california-president-romney-vs-obama,2012,california,60,31,9,NA,13139,SurveyUSA,2012-02-08,2012-02-09,Registered Voters,2088,IVR/Online,Nonpartisan,None,271,2012_13139_california
2012-arkansas-president-romney-vs-obama,2012,arkansas,31,58,11,NA,16105,U of Arkansas,2012-10-09,2012-10-14,Likely Voters,642,Live Phone,Nonpartisan,None,23,2012_16105_arkansas
2012-arkansas-president-romney-vs-obama,2012,arkansas,35,56,7,NA,15292,Hendrix College,2012-09-17,2012-09-17,Likely Voters,2228,Automated Phone,Nonpartisan,None,50,2012_15292_arkansas
2012-arkansas-president-romney-vs-obama,2012,arkansas,33,57,11,NA,13437,Hendrix College,2012-03-26,2012-03-26,Likely Voters,759,Automated Phone,Nonpartisan,None,225,2012_13437_arkansas
2012-wisconsin-president-romney-vs-obama,2012,wisconsin,51,48,1,NA,16530,PPP (D),2012-11-02,2012-11-03,Likely Voters,1256,Automated Phone,Pollster,Dem,3,2012_16530_wisconsin
2012-wisconsin-president-romney-vs-obama,2012,wisconsin,53,46,NA,1,16648,Angus-Reid,2012-11-01,2012-11-03,Likely Voters,454,Internet,Nonpartisan,None,3,2012_16648_wisconsin
2012-wisconsin-president-romney-vs-obama,2012,wisconsin,50,46,3,1,16588,YouGov,2012-10-31,2012-11-03,Likely Voters,1225,Internet,Nonpartisan,None,3,2012_16588_wisconsin
2012-wisconsin-president-romney-vs-obama,2012,wisconsin,48,42,8,2,16503,Grove Insight (D-Project New America/USAction),2012-11-01,2012-11-02,Likely Voters,500,Live Phone,Sponsor,Dem,4,2012_16503_wisconsin
2012-wisconsin-president-romney-vs-obama,2012,wisconsin,52,45,NA,4,16473,We Ask America,2012-10-30,2012-11-01,Likely Voters,1210,Automated Phone,Nonpartisan,None,5,2012_16473_wisconsin
2012-wisconsin-president-romney-vs-obama,2012,wisconsin,49,47,NA,NA,16431,Wenzel Strategies (R-Citizens United),2012-10-30,2012-10-31,Likely Voters,1074,Live Phone,Sponsor,Rep,6,2012_16431_wisconsin
2012-wisconsin-president-romney-vs-obama,2012,wisconsin,49,48,2,1,16605,Pulse Opinion Research/Let Freedom Ring (R),2012-10-30,2012-10-30,Likely Voters,1000,Automated Phone,Sponsor,Rep,7,2012_16605_wisconsin
2012-wisconsin-president-romney-vs-obama,2012,wisconsin,51,46,3,NA,16352,PPP (D-Health Care for America Now),2012-10-29,2012-10-30,Likely Voters,825,Automated Phone,Sponsor,Dem,7,2012_16352_wisconsin
2012-wisconsin-president-romney-vs-obama,2012,wisconsin,49,49,2,NA,16423,Rasmussen,2012-10-29,2012-10-29,Likely Voters,750,Automated Phone,Nonpartisan,None,8,2012_16423_wisconsin
2012-wisconsin-president-romney-vs-obama,2012,wisconsin,49,46,3,2,16397,NBC/WSJ/Marist,2012-10-28,2012-10-29,Likely Voters,1065,Live Phone,Nonpartisan,None,8,2012_16397_wisconsin
2012-wisconsin-president-romney-vs-obama,2012,wisconsin,52,43,NA,NA,16432,St Norbert,2012-10-25,2012-10-29,Likely Voters,402,Live Phone,Nonpartisan,None,8,2012_16432_wisconsin
2012-wisconsin-president-romney-vs-obama,2012,wisconsin,51,43,3,NA,16383,Marquette Law School,2012-10-25,2012-10-28,Likely Voters,1243,Live Phone,Nonpartisan,None,9,2012_16383_wisconsin
2012-wisconsin-president-romney-vs-obama,2012,wisconsin,49,49,2,1,16185,Rasmussen,2012-10-25,2012-10-25,Likely Voters,500,Automated Phone,Nonpartisan,None,12,2012_16185_wisconsin
2012-wisconsin-president-romney-vs-obama,2012,wisconsin,48,43,9,NA,16233,Grove Insight (D-Project New America),2012-10-24,2012-10-25,Likely Voters,500,Live Phone,Pollster,Dem,12,2012_16233_wisconsin
2012-wisconsin-president-romney-vs-obama,2012,wisconsin,51,45,4,NA,16159,PPP (D-Health Care for America Now),2012-10-23,2012-10-24,Likely Voters,827,Automated Phone,Sponsor,Dem,13,2012_16159_wisconsin
2012-wisconsin-president-romney-vs-obama,2012,wisconsin,51,46,NA,3,16021,Angus-Reid,2012-10-18,2012-10-20,Likely Voters,469,Internet,Nonpartisan,None,17,2012_16021_wisconsin
2012-wisconsin-president-romney-vs-obama,2012,wisconsin,50,48,0,1,15960,Rasmussen,2012-10-18,2012-10-18,Likely Voters,500,Automated Phone,Nonpartisan,None,19,2012_15960_wisconsin
2012-wisconsin-president-romney-vs-obama,2012,wisconsin,47,44,8,2,15994,Grove Insight (D-Project New America),2012-10-17,2012-10-18,Likely Voters,500,Live Phone,Pollster,Dem,19,2012_15994_wisconsin
2012-wisconsin-president-romney-vs-obama,2012,wisconsin,48,46,NA,NA,16127,Mason-Dixon,2012-10-15,2012-10-17,Likely Voters,625,Live Phone,Nonpartisan,None,20,2012_16127_wisconsin
2012-wisconsin-president-romney-vs-obama,2012,wisconsin,51,45,3,1,15938,NBC/WSJ/Marist,2012-10-15,2012-10-17,Likely Voters,1013,Live Phone,Nonpartisan,None,20,2012_15938_wisconsin
2012-wisconsin-president-romney-vs-obama,2012,wisconsin,50,47,2,1,16079,Pulse Opinion Research/Let Freedom Ring (R),2012-10-15,2012-10-15,Likely Voters,1000,Automated Phone,Sponsor,Rep,22,2012_16079_wisconsin
2012-wisconsin-president-romney-vs-obama,2012,wisconsin,49,48,2,NA,15886,Marquette Law School,2012-10-11,2012-10-14,Likely Voters,870,Live Phone,Nonpartisan,None,23,2012_15886_wisconsin
2012-wisconsin-president-romney-vs-obama,2012,wisconsin,51,47,2,NA,15850,YouGov,2012-10-04,2012-10-11,Likely Voters,638,Internet,Nonpartisan,None,26,2012_15850_wisconsin
2012-wisconsin-president-romney-vs-obama,2012,wisconsin,51,49,NA,NA,15660,Rasmussen,2012-10-09,2012-10-09,Likely Voters,500,Automated Phone,Nonpartisan,None,28,2012_15660_wisconsin
2012-wisconsin-president-romney-vs-obama,2012,wisconsin,50,47,3,NA,15682,Quinnipiac/NYT/CBS,2012-10-04,2012-10-09,Likely Voters,1327,Live Phone,Nonpartisan,None,28,2012_15682_wisconsin
2012-wisconsin-president-romney-vs-obama,2012,wisconsin,50,46,2,2,15721,Pulse Opinion Research/Let Freedom Ring (R),2012-10-08,2012-10-08,Likely Voters,1000,Automated Phone,Sponsor,Rep,29,2012_15721_wisconsin
2012-wisconsin-president-romney-vs-obama,2012,wisconsin,49,47,3,NA,15566,PPP (D),2012-10-04,2012-10-06,Likely Voters,979,Automated Phone,Pollster,Dem,31,2012_15566_wisconsin
2012-wisconsin-president-romney-vs-obama,2012,wisconsin,51,44,2,3,15725,Pulse Opinion Research/Let Freedom Ring (R),2012-10-01,2012-10-01,Likely Voters,1000,Automated Phone,Sponsor,Rep,36,2012_15725_wisconsin
2012-wisconsin-president-romney-vs-obama,2012,wisconsin,49,39,11,NA,15492,JZ Analytics,2012-09-29,2012-09-30,Likely Voters,414,Internet,Nonpartisan,None,37,2012_15492_wisconsin
2012-wisconsin-president-romney-vs-obama,2012,wisconsin,53,42,3,NA,15500,Marquette Law School,2012-09-27,2012-09-30,Likely Voters,894,Live Phone,Nonpartisan,None,37,2012_15500_wisconsin
2012-wisconsin-president-romney-vs-obama,2012,wisconsin,53,41,5,1,15258,We Ask America,2012-09-20,2012-09-23,Likely Voters,1238,Automated Phone,Nonpartisan,None,44,2012_15258_wisconsin
2012-wisconsin-president-romney-vs-obama,2012,wisconsin,52,45,3,NA,15168,PPP (D),2012-09-18,2012-09-19,Likely Voters,842,Automated Phone,Pollster,Dem,48,2012_15168_wisconsin
2012-wisconsin-president-romney-vs-obama,2012,wisconsin,50,45,4,1,15192,NBC/WSJ/Marist,2012-09-16,2012-09-18,Likely Voters,968,Live Phone,Nonpartisan,None,49,2012_15192_wisconsin
2012-wisconsin-president-romney-vs-obama,2012,wisconsin,49,46,2,2,15170,Rasmussen,2012-09-17,2012-09-17,Likely Voters,500,Automated Phone,Nonpartisan,None,50,2012_15170_wisconsin
2012-wisconsin-president-romney-vs-obama,2012,wisconsin,51,45,3,1,15118,Quinnipiac/NYT/CBS,2012-09-11,2012-09-17,Likely Voters,1485,Live Phone,Nonpartisan,None,50,2012_15118_wisconsin
2012-wisconsin-president-romney-vs-obama,2012,wisconsin,54,40,5,NA,15139,Marquette Law School,2012-09-13,2012-09-16,Likely Voters,601,Live Phone,Nonpartisan,None,51,2012_15139_wisconsin
2012-wisconsin-president-romney-vs-obama,2012,wisconsin,48,47,4,1,15165,YouGov,2012-09-07,2012-09-14,Likely Voters,753,Internet,Nonpartisan,None,53,2012_15165_wisconsin
2012-wisconsin-president-romney-vs-obama,2012,wisconsin,49,48,4,NA,15084,PPP (D-Democracy for America),2012-09-12,2012-09-13,Likely Voters,959,Automated Phone,Sponsor,Dem,54,2012_15084_wisconsin
2012-wisconsin-president-romney-vs-obama,2012,wisconsin,49,47,3,1,14740,Quinnipiac/NYT/CBS,2012-08-15,2012-08-21,Likely Voters,1190,Live Phone,Nonpartisan,None,77,2012_14740_wisconsin
2012-wisconsin-president-romney-vs-obama,2012,wisconsin,49,46,4,NA,14731,Marquette Law School,2012-08-16,2012-08-19,Likely Voters,576,Live Phone,Nonpartisan,None,79,2012_14731_wisconsin
2012-wisconsin-president-romney-vs-obama,2012,wisconsin,47,48,5,NA,14711,PPP (D),2012-08-16,2012-08-19,Likely Voters,1308,Automated Phone,Pollster,Dem,79,2012_14711_wisconsin
2012-wisconsin-president-romney-vs-obama,2012,wisconsin,47,48,2,3,14672,Rasmussen,2012-08-15,2012-08-15,Likely Voters,500,Automated Phone,Nonpartisan,None,83,2012_14672_wisconsin
2012-wisconsin-president-romney-vs-obama,2012,wisconsin,49,45,NA,NA,14681,CNN,2012-08-13,2012-08-14,Registered Voters,920,Live Phone,Nonpartisan,None,84,2012_14681_wisconsin
2012-wisconsin-president-romney-vs-obama,2012,wisconsin,51,45,4,NA,14586,Quinnipiac/NYT/CBS,2012-07-31,2012-08-06,Likely Voters,1428,Live Phone,Nonpartisan,None,92,2012_14586_wisconsin
2012-wisconsin-president-romney-vs-obama,2012,wisconsin,50,45,NA,NA,14599,Marquette Law School,2012-08-02,2012-08-05,Likely Voters,1188,Live Phone,Nonpartisan,None,93,2012_14599_wisconsin
2012-wisconsin-president-romney-vs-obama,2012,wisconsin,49,46,4,2,14477,Rasmussen,2012-07-25,2012-07-25,Likely Voters,500,Automated Phone,Nonpartisan,None,104,2012_14477_wisconsin
2012-wisconsin-president-romney-vs-obama,2012,wisconsin,49,42,9,NA,14386,We Ask America,2012-07-17,2012-07-18,Likely Voters,1162,Automated Phone,Nonpartisan,None,111,2012_14386_wisconsin
2012-wisconsin-president-romney-vs-obama,2012,wisconsin,51,43,6,NA,14306,Marquette Law School,2012-07-05,2012-07-08,Likely Voters,810,Live Phone,Nonpartisan,None,121,2012_14306_wisconsin
2012-wisconsin-president-romney-vs-obama,2012,wisconsin,50,44,6,NA,14298,PPP (D),2012-07-05,2012-07-08,Likely Voters,1057,Automated Phone,Pollster,Dem,121,2012_14298_wisconsin
2012-wisconsin-president-romney-vs-obama,2012,wisconsin,49,43,NA,NA,14140,Marquette Law School,2012-06-13,2012-06-16,Likely Voters,594,Live Phone,Nonpartisan,None,143,2012_14140_wisconsin
2012-wisconsin-president-romney-vs-obama,2012,wisconsin,44,47,4,5,14083,Rasmussen,2012-06-12,2012-06-12,Likely Voters,500,Automated Phone,Nonpartisan,None,147,2012_14083_wisconsin
2012-wisconsin-president-romney-vs-obama,2012,wisconsin,48,43,9,NA,14024,We Ask America,2012-06-03,2012-06-03,Likely Voters,1270,Automated Phone,Nonpartisan,None,156,2012_14024_wisconsin
2012-wisconsin-president-romney-vs-obama,2012,wisconsin,51,43,6,NA,13954,Marquette Law School,2012-05-23,2012-05-26,Likely Voters,600,Live Phone,Nonpartisan,None,164,2012_13954_wisconsin
2012-wisconsin-president-romney-vs-obama,2012,wisconsin,49,43,4,4,13890,St Norbert,2012-05-17,2012-05-22,Likely Voters,406,Live Phone,Nonpartisan,None,168,2012_13890_wisconsin
2012-wisconsin-president-romney-vs-obama,2012,wisconsin,46,36,12,6,13888,Reason/Rupe,2012-05-14,2012-05-20,Likely Voters,609,Live Phone,Nonpartisan,None,170,2012_13888_wisconsin
2012-wisconsin-president-romney-vs-obama,2012,wisconsin,47,46,7,NA,13807,DailyKos/PPP (D),2012-05-11,2012-05-13,Registered Voters,851,Automated Phone,Sponsor,Dem,177,2012_13807_wisconsin
2012-wisconsin-president-romney-vs-obama,2012,wisconsin,46,46,8,NA,13815,Marquette Law School,2012-05-09,2012-05-12,Likely Voters,600,Live Phone,Nonpartisan,None,178,2012_13815_wisconsin
2012-wisconsin-president-romney-vs-obama,2012,wisconsin,49,45,2,4,13765,Rasmussen,2012-05-09,2012-05-09,Likely Voters,500,Automated Phone,Nonpartisan,None,181,2012_13765_wisconsin
2012-wisconsin-president-romney-vs-obama,2012,wisconsin,51,42,NA,NA,13671,Marquette Law School,2012-04-26,2012-04-29,Registered Voters,705,Live Phone,Nonpartisan,None,191,2012_13671_wisconsin
2012-wisconsin-president-romney-vs-obama,2012,wisconsin,50,44,6,NA,13535,DailyKos/PPP (D),2012-04-13,2012-04-15,Likely Voters,1136,Automated Phone,Sponsor,Dem,205,2012_13535_wisconsin
2012-wisconsin-president-romney-vs-obama,2012,wisconsin,52,41,2,6,13375,Rasmussen,2012-03-27,2012-03-27,Likely Voters,500,Automated Phone,Nonpartisan,None,224,2012_13375_wisconsin
2012-wisconsin-president-romney-vs-obama,2012,wisconsin,52,35,13,NA,13384,NBC/Marist,2012-03-26,2012-03-27,Registered Voters,1391,Live Phone,Nonpartisan,None,224,2012_13384_wisconsin
2012-wisconsin-president-romney-vs-obama,2012,wisconsin,48,43,10,NA,13348,Marquette Law School,2012-03-22,2012-03-25,Registered Voters,707,Live Phone,Nonpartisan,None,226,2012_13348_wisconsin
2012-wisconsin-president-romney-vs-obama,2012,wisconsin,47,42,5,5,13079,Rasmussen,2012-02-27,2012-02-27,Likely Voters,500,Automated Phone,Nonpartisan,None,253,2012_13079_wisconsin
2012-wisconsin-president-romney-vs-obama,2012,wisconsin,53,39,8,NA,13389,PPP (D),2012-02-23,2012-02-26,Registered Voters,900,Live Phone,Pollster,Dem,254,2012_13389_wisconsin
2012-wisconsin-president-romney-vs-obama,2012,wisconsin,53,38,6,NA,13156,Marquette Law School,2012-02-16,2012-02-19,Registered Voters,716,Live Phone,Nonpartisan,None,261,2012_13156_wisconsin
2012-wisconsin-president-romney-vs-obama,2012,wisconsin,48,40,NA,NA,12632,Marquette Law School,2012-01-19,2012-01-22,Registered Voters,701,Live Phone,Nonpartisan,None,289,2012_12632_wisconsin
2012-virginia-president-romney-vs-obama,2012,virginia,48,46,5,2,16664,Ipsos/Reuters (Web),2012-11-03,2012-11-05,Likely Voters,828,Internet,Nonpartisan,None,1,2012_16664_virginia
2012-virginia-president-romney-vs-obama,2012,virginia,48,50,1,1,16620,Rasmussen,2012-11-04,2012-11-04,Likely Voters,750,Automated Phone,Nonpartisan,None,2,2012_16620_virginia
2012-virginia-president-romney-vs-obama,2012,virginia,51,47,1,NA,16608,PPP (D),2012-11-03,2012-11-04,Likely Voters,975,Automated Phone,Pollster,Dem,2,2012_16608_virginia
2012-virginia-president-romney-vs-obama,2012,virginia,52,44,4,NA,16653,JZ Analytics/Newsmax,2012-11-02,2012-11-04,Likely Voters,814,Internet,Sponsor,Rep,2,2012_16653_virginia
2012-virginia-president-romney-vs-obama,2012,virginia,48,46,5,2,16578,YouGov,2012-10-31,2012-11-03,Likely Voters,1497,Internet,Nonpartisan,None,3,2012_16578_virginia
2012-virginia-president-romney-vs-obama,2012,virginia,48,47,3,1,16614,NBC/WSJ/Marist,2012-11-01,2012-11-02,Likely Voters,1165,Live Phone,Nonpartisan,None,4,2012_16614_virginia
2012-virginia-president-romney-vs-obama,2012,virginia,48,45,2,5,16478,Ipsos/Reuters (Web),2012-10-31,2012-11-02,Likely Voters,1065,Internet,Nonpartisan,None,4,2012_16478_virginia
2012-virginia-president-romney-vs-obama,2012,virginia,48,45,4,1,16642,Mellman (D-Americans United for Change),2012-10-30,2012-11-02,Likely Voters,800,Live Phone,Sponsor,Dem,4,2012_16642_virginia
2012-virginia-president-romney-vs-obama,2012,virginia,49,48,NA,4,16474,We Ask America,2012-10-30,2012-11-01,Likely Voters,1069,Automated Phone,Nonpartisan,None,5,2012_16474_virginia
2012-virginia-president-romney-vs-obama,2012,virginia,49,46,4,NA,16391,PPP (D-Health Care for America Now),2012-10-30,2012-10-31,Likely Voters,600,Automated Phone,Sponsor,Dem,6,2012_16391_virginia
2012-virginia-president-romney-vs-obama,2012,virginia,49,48,3,1,16603,Pulse Opinion Research/Let Freedom Ring (R),2012-10-30,2012-10-30,Likely Voters,1000,Automated Phone,Sponsor,Rep,7,2012_16603_virginia
2012-virginia-president-romney-vs-obama,2012,virginia,47,48,6,NA,16403,JZ Analytics/Newsmax,2012-10-28,2012-10-30,Likely Voters,800,Internet,Sponsor,Rep,7,2012_16403_virginia
2012-virginia-president-romney-vs-obama,2012,virginia,49,47,3,1,16351,Quinnipiac/NYT/CBS,2012-10-23,2012-10-28,Likely Voters,1074,Live Phone,Nonpartisan,None,9,2012_16351_virginia
2012-virginia-president-romney-vs-obama,2012,virginia,49,46,NA,NA,16264,Garin-Hart-Yang (D-Priorities USA Action),2012-10-25,2012-10-27,Likely Voters,807,Live Phone,Sponsor,Dem,10,2012_16264_virginia
2012-virginia-president-romney-vs-obama,2012,virginia,48,48,4,NA,16292,Gravis Marketing,2012-10-26,2012-10-26,Likely Voters,645,Automated Phone,Nonpartisan,None,11,2012_16292_virginia
2012-virginia-president-romney-vs-obama,2012,virginia,44,50,3,4,16360,Roanoke College,2012-10-23,2012-10-26,Likely Voters,638,Live Phone,Nonpartisan,None,11,2012_16360_virginia
2012-virginia-president-romney-vs-obama,2012,virginia,51,47,2,1,16229,Washington Post,2012-10-22,2012-10-26,Likely Voters,1228,Live Phone,Nonpartisan,None,11,2012_16229_virginia
2012-virginia-president-romney-vs-obama,2012,virginia,48,48,NA,NA,16210,JZ Analytics/Newsmax,2012-10-23,2012-10-25,Likely Voters,834,Internet,Sponsor,Rep,12,2012_16210_virginia
2012-virginia-president-romney-vs-obama,2012,virginia,47,47,7,NA,16207,Purple Strategies,2012-10-23,2012-10-25,Likely Voters,600,IVR/Online,Nonpartisan,None,12,2012_16207_virginia
2012-virginia-president-romney-vs-obama,2012,virginia,48,50,1,NA,16149,Rasmussen,2012-10-24,2012-10-24,Likely Voters,750,Automated Phone,Nonpartisan,None,13,2012_16149_virginia
2012-virginia-president-romney-vs-obama,2012,virginia,44,46,7,2,16173,FOX,2012-10-23,2012-10-24,Likely Voters,1126,Live Phone,Nonpartisan,None,13,2012_16173_virginia
2012-virginia-president-romney-vs-obama,2012,virginia,51,46,3,NA,16132,PPP (D-Health Care for America Now),2012-10-23,2012-10-24,Likely Voters,722,Automated Phone,Sponsor,Dem,13,2012_16132_virginia
2012-virginia-president-romney-vs-obama,2012,virginia,46,45,8,NA,16097,Mellman (D-Americans United for Change),2012-10-18,2012-10-21,Likely Voters,800,Live Phone,Sponsor,Dem,16,2012_16097_virginia
2012-virginia-president-romney-vs-obama,2012,virginia,47,49,3,NA,16042,Wenzel Strategies (R-Citizens United),2012-10-19,2012-10-20,Likely Voters,1000,Live Phone,Sponsor,Rep,17,2012_16042_virginia
2012-virginia-president-romney-vs-obama,2012,virginia,49,47,4,NA,15980,PPP (D-Health Care for America Now),2012-10-18,2012-10-19,Likely Voters,500,Automated Phone,Sponsor,Dem,18,2012_15980_virginia
2012-virginia-president-romney-vs-obama,2012,virginia,47,50,2,NA,15972,Rasmussen,2012-10-18,2012-10-18,Likely Voters,750,Automated Phone,Nonpartisan,None,19,2012_15972_virginia
2012-virginia-president-romney-vs-obama,2012,virginia,50,43,3,3,16108,ODU/Virginian-Pilot,2012-09-19,2012-10-17,Likely Voters,465,Live Phone,Nonpartisan,None,20,2012_16108_virginia
2012-virginia-president-romney-vs-obama,2012,virginia,49,48,NA,NA,15923,PPP (D-LCV),2012-10-15,2012-10-16,Likely Voters,733,Automated Phone,Sponsor,Dem,21,2012_15923_virginia
2012-virginia-president-romney-vs-obama,2012,virginia,47,46,3,4,16030,Pulse Opinion Research/Let Freedom Ring (R),2012-10-15,2012-10-15,Likely Voters,1000,Automated Phone,Sponsor,Rep,22,2012_16030_virginia
2012-virginia-president-romney-vs-obama,2012,virginia,47,48,4,1,15784,ARG,2012-10-12,2012-10-14,Likely Voters,600,Live Phone,Nonpartisan,None,23,2012_15784_virginia
2012-virginia-president-romney-vs-obama,2012,virginia,47,49,3,1,15745,Rasmussen,2012-10-11,2012-10-11,Likely Voters,750,Automated Phone,Nonpartisan,None,26,2012_15745_virginia
2012-virginia-president-romney-vs-obama,2012,virginia,46,45,6,2,15845,YouGov,2012-10-04,2012-10-11,Likely Voters,742,Internet,Nonpartisan,None,26,2012_15845_virginia
2012-virginia-president-romney-vs-obama,2012,virginia,44,51,4,1,15709,McLaughlin (R-Allen),2012-10-08,2012-10-09,Likely Voters,600,Live Phone,Sponsor,Rep,28,2012_15709_virginia
2012-virginia-president-romney-vs-obama,2012,virginia,47,48,4,1,15679,NBC/WSJ/Marist,2012-10-07,2012-10-09,Likely Voters,981,Live Phone,Nonpartisan,None,28,2012_15679_virginia
2012-virginia-president-romney-vs-obama,2012,virginia,51,46,3,1,15681,Quinnipiac/NYT/CBS,2012-10-04,2012-10-09,Likely Voters,1288,Live Phone,Nonpartisan,None,28,2012_15681_virginia
2012-virginia-president-romney-vs-obama,2012,virginia,48,48,2,2,15724,Pulse Opinion Research/Let Freedom Ring (R),2012-10-08,2012-10-08,Likely Voters,1000,Automated Phone,Sponsor,Rep,29,2012_15724_virginia
2012-virginia-president-romney-vs-obama,2012,virginia,50,47,3,NA,15579,PPP (D),2012-10-04,2012-10-07,Likely Voters,725,Automated Phone,Pollster,Dem,30,2012_15579_virginia
2012-virginia-president-romney-vs-obama,2012,virginia,48,49,3,NA,15541,Rasmussen,2012-10-04,2012-10-04,Likely Voters,500,Automated Phone,Nonpartisan,None,33,2012_15541_virginia
2012-virginia-president-romney-vs-obama,2012,virginia,45,48,5,2,15540,We Ask America,2012-10-04,2012-10-04,Likely Voters,1200,Automated Phone,Nonpartisan,None,33,2012_15540_virginia
2012-virginia-president-romney-vs-obama,2012,virginia,48,47,3,2,15727,Pulse Opinion Research/Let Freedom Ring (R),2012-10-01,2012-10-01,Likely Voters,1000,Automated Phone,Sponsor,Rep,36,2012_15727_virginia
2012-virginia-president-romney-vs-obama,2012,virginia,48,46,5,1,15483,NBC/WSJ/Marist,2012-09-30,2012-10-01,Likely Voters,969,Live Phone,Nonpartisan,None,36,2012_15483_virginia
2012-virginia-president-romney-vs-obama,2012,virginia,47,39,10,5,15466,Roanoke College,2012-09-19,2012-09-28,Likely Voters,589,Live Phone,Nonpartisan,None,39,2012_15466_virginia
2012-virginia-president-romney-vs-obama,2012,virginia,49,47,3,1,15387,ARG,2012-09-24,2012-09-27,Likely Voters,600,Live Phone,Nonpartisan,None,40,2012_15387_virginia
2012-virginia-president-romney-vs-obama,2012,virginia,46,44,8,2,15367,Suffolk/NBC12,2012-09-24,2012-09-26,Likely Voters,600,Live Phone,Nonpartisan,None,41,2012_15367_virginia
2012-virginia-president-romney-vs-obama,2012,virginia,49,43,8,NA,15394,PPP (D)/NRDC,2012-09-17,2012-09-19,Likely Voters,2770,Automated Phone,Pollster,Dem,48,2012_15394_virginia
2012-virginia-president-romney-vs-obama,2012,virginia,46,43,11,NA,15202,Purple Strategies,2012-09-15,2012-09-19,Likely Voters,600,IVR/Online,Nonpartisan,None,48,2012_15202_virginia
2012-virginia-president-romney-vs-obama,2012,virginia,49,42,6,3,15148,FOX,2012-09-16,2012-09-18,Likely Voters,1006,Live Phone,Nonpartisan,None,49,2012_15148_virginia
2012-virginia-president-romney-vs-obama,2012,virginia,49,46,5,1,15122,We Ask America,2012-09-17,2012-09-17,Likely Voters,1238,Automated Phone,Nonpartisan,None,50,2012_15122_virginia
2012-virginia-president-romney-vs-obama,2012,virginia,50,46,3,1,15119,Quinnipiac/NYT/CBS,2012-09-11,2012-09-17,Likely Voters,1474,Live Phone,Nonpartisan,None,50,2012_15119_virginia
2012-virginia-president-romney-vs-obama,2012,virginia,51,46,3,NA,15072,PPP (D),2012-09-13,2012-09-16,Likely Voters,1021,Automated Phone,Pollster,Dem,51,2012_15072_virginia
2012-virginia-president-romney-vs-obama,2012,virginia,52,44,NA,NA,15106,Washington Post,2012-09-12,2012-09-16,Likely Voters,847,Live Phone,Nonpartisan,None,51,2012_15106_virginia
2012-virginia-president-romney-vs-obama,2012,virginia,48,44,6,2,15164,YouGov,2012-09-07,2012-09-14,Likely Voters,1047,Internet,Nonpartisan,None,53,2012_15164_virginia
2012-virginia-president-romney-vs-obama,2012,virginia,49,48,2,1,15044,Rasmussen,2012-09-13,2012-09-13,Likely Voters,500,Automated Phone,Nonpartisan,None,54,2012_15044_virginia
2012-virginia-president-romney-vs-obama,2012,virginia,49,44,5,2,15029,NBC/WSJ/Marist,2012-09-09,2012-09-11,Likely Voters,996,Live Phone,Nonpartisan,None,56,2012_15029_virginia
2012-virginia-president-romney-vs-obama,2012,virginia,44,49,7,NA,14971,Gravis Marketing,2012-09-08,2012-09-09,Likely Voters,2238,Automated Phone,Nonpartisan,None,58,2012_14971_virginia
2012-virginia-president-romney-vs-obama,2012,virginia,47,47,3,3,14789,Rasmussen,2012-08-23,2012-08-23,Likely Voters,500,Automated Phone,Nonpartisan,None,75,2012_14789_virginia
2012-virginia-president-romney-vs-obama,2012,virginia,50,45,5,NA,14717,PPP (D),2012-08-16,2012-08-19,Likely Voters,855,Automated Phone,Pollster,Dem,79,2012_14717_virginia
2012-virginia-president-romney-vs-obama,2012,virginia,45,48,8,NA,14666,Purple Strategies,2012-08-13,2012-08-14,Likely Voters,600,Automated Phone,Nonpartisan,None,84,2012_14666_virginia
2012-virginia-president-romney-vs-obama,2012,virginia,48,46,3,2,14594,Rasmussen,2012-08-07,2012-08-07,Likely Voters,500,Automated Phone,Nonpartisan,None,91,2012_14594_virginia
2012-virginia-president-romney-vs-obama,2012,virginia,49,45,5,1,14585,Quinnipiac/NYT/CBS,2012-07-31,2012-08-06,Likely Voters,1412,Live Phone,Nonpartisan,None,92,2012_14585_virginia
2012-virginia-president-romney-vs-obama,2012,virginia,47,46,3,3,14375,Rasmussen,2012-07-16,2012-07-17,Likely Voters,500,Automated Phone,Nonpartisan,None,112,2012_14375_virginia
2012-virginia-president-romney-vs-obama,2012,virginia,44,44,10,2,14383,Quinnipiac,2012-07-11,2012-07-16,Registered Voters,1673,Live Phone,Nonpartisan,None,113,2012_14383_virginia
2012-virginia-president-romney-vs-obama,2012,virginia,46,44,10,NA,14356,Purple Strategies,2012-07-09,2012-07-13,Likely Voters,600,Automated Phone,Nonpartisan,None,116,2012_14356_virginia
2012-virginia-president-romney-vs-obama,2012,virginia,50,42,8,NA,14286,PPP (D),2012-07-05,2012-07-08,Registered Voters,647,Automated Phone,Pollster,Dem,121,2012_14286_virginia
2012-virginia-president-romney-vs-obama,2012,virginia,46,43,NA,NA,14324,Garin-Hart-Yang (D-Priorities USA),2012-06-25,2012-07-03,Likely Voters,810,Live Phone,Sponsor,Dem,126,2012_14324_virginia
2012-virginia-president-romney-vs-obama,2012,virginia,43,48,9,NA,14173,We Ask America,2012-06-25,2012-06-25,Likely Voters,1106,Automated Phone,Nonpartisan,None,134,2012_14173_virginia
2012-virginia-president-romney-vs-obama,2012,virginia,49,42,8,1,14194,ODU/Virginian-Pilot,2012-05-16,2012-06-15,Registered Voters,776,Live Phone,Nonpartisan,None,144,2012_14194_virginia
2012-virginia-president-romney-vs-obama,2012,virginia,49,46,5,NA,14035,Purple Strategies,2012-05-31,2012-06-05,Likely Voters,600,Automated Phone,Nonpartisan,None,154,2012_14035_virginia
2012-virginia-president-romney-vs-obama,2012,virginia,47,42,8,3,14020,Quinnipiac,2012-05-30,2012-06-04,Registered Voters,1282,Live Phone,Nonpartisan,None,155,2012_14020_virginia
2012-virginia-president-romney-vs-obama,2012,virginia,47,47,3,3,14001,Rasmussen,2012-06-03,2012-06-03,Likely Voters,500,Automated Phone,Nonpartisan,None,156,2012_14001_virginia
2012-virginia-president-romney-vs-obama,2012,virginia,48,44,7,1,13893,NBC/Marist,2012-05-17,2012-05-20,Registered Voters,1076,Live Phone,Nonpartisan,None,170,2012_13893_virginia
2012-virginia-president-romney-vs-obama,2012,virginia,51,44,2,3,13686,Washington Post,2012-04-28,2012-05-02,Registered Voters,964,Live Phone,Nonpartisan,None,188,2012_13686_virginia
2012-virginia-president-romney-vs-obama,2012,virginia,51,43,6,NA,13657,PPP (D),2012-04-26,2012-04-29,Registered Voters,680,Automated Phone,Pollster,Dem,191,2012_13657_virginia
2012-virginia-president-romney-vs-obama,2012,virginia,44,45,5,6,13612,Rasmussen,2012-04-23,2012-04-23,Likely Voters,500,Automated Phone,Nonpartisan,None,197,2012_13612_virginia
2012-virginia-president-romney-vs-obama,2012,virginia,48,46,6,NA,13620,Purple Strategies,2012-04-19,2012-04-23,Likely Voters,600,Automated Phone,Nonpartisan,None,197,2012_13620_virginia
2012-virginia-president-romney-vs-obama,2012,virginia,40,46,NA,NA,13494,Roanoke College,2012-03-26,2012-04-05,Registered Voters,537,Live Phone,Nonpartisan,None,215,2012_13494_virginia
2012-virginia-president-romney-vs-obama,2012,virginia,51,42,4,4,13295,Rasmussen,2012-03-20,2012-03-20,Likely Voters,500,Automated Phone,Nonpartisan,None,231,2012_13295_virginia
2012-virginia-president-romney-vs-obama,2012,virginia,50,42,3,1,13274,Quinnipiac,2012-03-13,2012-03-18,Registered Voters,1034,Live Phone,Nonpartisan,None,233,2012_13274_virginia
2012-virginia-president-romney-vs-obama,2012,virginia,52,35,12,NA,13121,NBC/Marist,2012-02-29,2012-03-02,Registered Voters,1273,Live Phone,Nonpartisan,None,249,2012_13121_virginia
2012-virginia-president-romney-vs-obama,2012,virginia,42,43,16,NA,13080,Roanoke College,2012-02-13,2012-02-26,Adults,607,Live Phone,Nonpartisan,None,254,2012_13080_virginia
2012-virginia-president-romney-vs-obama,2012,virginia,49,43,3,5,13152,Rasmussen,2012-02-21,2012-02-21,Likely Voters,500,Automated Phone,Nonpartisan,None,259,2012_13152_virginia
2012-virginia-president-romney-vs-obama,2012,virginia,43,46,4,7,13153,Christopher Newport /Times Dispatch,2012-02-04,2012-02-13,Registered Voters,1018,Live Phone,Nonpartisan,None,267,2012_13153_virginia
2012-virginia-president-romney-vs-obama,2012,virginia,47,43,8,1,12745,Quinnipiac,2012-02-01,2012-02-06,Registered Voters,1544,Live Phone,Nonpartisan,None,274,2012_12745_virginia
2012-virginia-president-romney-vs-obama,2012,virginia,45,44,11,NA,12872,Mason-Dixon,2012-01-16,2012-01-18,Likely Voters,625,Live Phone,Nonpartisan,None,293,2012_12872_virginia
2012-pennsylvania-president-romney-vs-obama,2012,pennsylvania,49,46,NA,NA,16660,Gravis Marketing,2012-11-04,2012-11-04,Likely Voters,1060,Automated Phone,Nonpartisan,None,2,2012_16660_pennsylvania
2012-pennsylvania-president-romney-vs-obama,2012,pennsylvania,51,47,NA,2,16628,Angus-Reid,2012-11-02,2012-11-04,Likely Voters,479,Internet,Nonpartisan,None,2,2012_16628_pennsylvania
2012-pennsylvania-president-romney-vs-obama,2012,pennsylvania,52,46,1,NA,16529,PPP (D),2012-11-02,2012-11-03,Likely Voters,790,Automated Phone,Pollster,Dem,3,2012_16529_pennsylvania
2012-pennsylvania-president-romney-vs-obama,2012,pennsylvania,49,46,3,2,16559,Muhlenberg,2012-11-01,2012-11-03,Likely Voters,430,Live Phone,Nonpartisan,None,3,2012_16559_pennsylvania
2012-pennsylvania-president-romney-vs-obama,2012,pennsylvania,52,44,3,1,16581,YouGov,2012-10-31,2012-11-03,Likely Voters,1273,Internet,Nonpartisan,None,3,2012_16581_pennsylvania
2012-pennsylvania-president-romney-vs-obama,2012,pennsylvania,47,47,NA,NA,16537,Susquehanna (R)/Pittsburgh Tribune-Review,2012-10-29,2012-10-31,Likely Voters,800,Automated Phone,Pollster,Rep,6,2012_16537_pennsylvania
2012-pennsylvania-president-romney-vs-obama,2012,pennsylvania,49,46,3,2,16604,Pulse Opinion Research/Let Freedom Ring (R),2012-10-30,2012-10-30,Likely Voters,1000,Automated Phone,Sponsor,Rep,7,2012_16604_pennsylvania
2012-pennsylvania-president-romney-vs-obama,2012,pennsylvania,49,45,4,2,16348,Franklin and Marshall College,2012-10-23,2012-10-28,Likely Voters,547,Live Phone,Nonpartisan,None,9,2012_16348_pennsylvania
2012-pennsylvania-president-romney-vs-obama,2012,pennsylvania,49,43,7,NA,16212,Philadelphia Inquirer/National Research (R)/GSG (D),2012-10-23,2012-10-25,Likely Voters,600,Live Phone,Nonpartisan,None,12,2012_16212_pennsylvania
2012-pennsylvania-president-romney-vs-obama,2012,pennsylvania,51,46,2,1,16155,Rasmussen,2012-10-24,2012-10-24,Likely Voters,500,Automated Phone,Nonpartisan,None,13,2012_16155_pennsylvania
2012-pennsylvania-president-romney-vs-obama,2012,pennsylvania,48,45,6,NA,16045,Gravis Marketing,2012-10-21,2012-10-21,Likely Voters,887,Automated Phone,Nonpartisan,None,16,2012_16045_pennsylvania
2012-pennsylvania-president-romney-vs-obama,2012,pennsylvania,49,46,NA,NA,16252,Pharos Research Group,2012-10-19,2012-10-21,Likely Voters,760,Live Phone,Nonpartisan,None,16,2012_16252_pennsylvania
2012-pennsylvania-president-romney-vs-obama,2012,pennsylvania,50,45,3,2,16015,Muhlenberg,2012-10-17,2012-10-21,Likely Voters,444,Live Phone,Nonpartisan,None,16,2012_16015_pennsylvania
2012-pennsylvania-president-romney-vs-obama,2012,pennsylvania,52,42,NA,6,16018,Angus-Reid,2012-10-18,2012-10-20,Likely Voters,511,Internet,Nonpartisan,None,17,2012_16018_pennsylvania
2012-pennsylvania-president-romney-vs-obama,2012,pennsylvania,48,44,5,3,16029,Pulse Opinion Research/Let Freedom Ring (R),2012-10-15,2012-10-15,Likely Voters,1000,Automated Phone,Sponsor,Rep,22,2012_16029_pennsylvania
2012-pennsylvania-president-romney-vs-obama,2012,pennsylvania,50,46,3,1,15818,Quinnipiac,2012-10-12,2012-10-14,Likely Voters,1519,Live Phone,Nonpartisan,None,23,2012_15818_pennsylvania
2012-pennsylvania-president-romney-vs-obama,2012,pennsylvania,51,44,6,NA,15801,PPP (D),2012-10-12,2012-10-14,Likely Voters,500,Automated Phone,Pollster,Dem,23,2012_15801_pennsylvania
2012-pennsylvania-president-romney-vs-obama,2012,pennsylvania,49,45,3,3,15800,Muhlenberg,2012-10-10,2012-10-14,Likely Voters,438,Live Phone,Nonpartisan,None,23,2012_15800_pennsylvania
2012-pennsylvania-president-romney-vs-obama,2012,pennsylvania,45,49,2,3,15940,Susquehanna (R - Republican State Committee of Pennsylvania),2012-10-11,2012-10-13,Likely Voters,1376,Automated Phone,Sponsor,Rep,24,2012_15940_pennsylvania
2012-pennsylvania-president-romney-vs-obama,2012,pennsylvania,51,44,4,1,15858,YouGov,2012-10-04,2012-10-11,Likely Voters,966,Internet,Nonpartisan,None,26,2012_15858_pennsylvania
2012-pennsylvania-president-romney-vs-obama,2012,pennsylvania,51,46,1,1,15654,Rasmussen,2012-10-09,2012-10-09,Likely Voters,500,Automated Phone,Nonpartisan,None,28,2012_15654_pennsylvania
2012-pennsylvania-president-romney-vs-obama,2012,pennsylvania,47,45,NA,NA,15703,Pulse Opinion Research/Let Freedom Ring (R),2012-10-08,2012-10-08,Likely Voters,1000,Automated Phone,Sponsor,Rep,29,2012_15703_pennsylvania
2012-pennsylvania-president-romney-vs-obama,2012,pennsylvania,50,42,8,NA,15692,Philadelphia Inquirer/National Research (R)/GSG (D),2012-10-04,2012-10-08,Likely Voters,600,Live Phone,Nonpartisan,None,29,2012_15692_pennsylvania
2012-pennsylvania-president-romney-vs-obama,2012,pennsylvania,47,45,4,3,15599,Susquehanna (R),2012-10-04,2012-10-06,Likely Voters,725,Live Phone,Pollster,Rep,31,2012_15599_pennsylvania
2012-pennsylvania-president-romney-vs-obama,2012,pennsylvania,43,40,12,NA,15617,Siena,2012-10-01,2012-10-05,Likely Voters,545,Live Phone,Nonpartisan,None,32,2012_15617_pennsylvania
2012-pennsylvania-president-romney-vs-obama,2012,pennsylvania,49,42,5,4,15384,Muhlenberg,2012-09-22,2012-09-26,Likely Voters,427,Live Phone,Nonpartisan,None,41,2012_15384_pennsylvania
2012-pennsylvania-president-romney-vs-obama,2012,pennsylvania,54,42,2,1,15315,Quinnipiac/NYT/CBS,2012-09-18,2012-09-24,Likely Voters,1180,Live Phone,Nonpartisan,None,43,2012_15315_pennsylvania
2012-pennsylvania-president-romney-vs-obama,2012,pennsylvania,52,43,3,NA,15323,Franklin and Marshall College,2012-09-18,2012-09-23,Likely Voters,392,Live Phone,Nonpartisan,None,44,2012_15323_pennsylvania
2012-pennsylvania-president-romney-vs-obama,2012,pennsylvania,47,45,6,NA,15276,Susquehanna (R)/Tribune-Review,2012-09-18,2012-09-20,Likely Voters,800,Live Phone,Pollster,Rep,47,2012_15276_pennsylvania
2012-pennsylvania-president-romney-vs-obama,2012,pennsylvania,48,40,6,5,15264,Mercyhurst University,2012-09-12,2012-09-20,Likely Voters,522,Live Phone,Nonpartisan,None,47,2012_15264_pennsylvania
2012-pennsylvania-president-romney-vs-obama,2012,pennsylvania,51,39,7,3,15232,Rasmussen,2012-09-19,2012-09-19,Likely Voters,500,Automated Phone,Nonpartisan,None,48,2012_15232_pennsylvania
2012-pennsylvania-president-romney-vs-obama,2012,pennsylvania,48,42,9,1,15157,We Ask America,2012-09-18,2012-09-18,Likely Voters,1214,Automated Phone,Nonpartisan,None,49,2012_15157_pennsylvania
2012-pennsylvania-president-romney-vs-obama,2012,pennsylvania,52,40,8,NA,15398,PPP (D)/NRDC,2012-09-17,2012-09-18,Likely Voters,2051,Automated Phone,Pollster,Dem,49,2012_15398_pennsylvania
2012-pennsylvania-president-romney-vs-obama,2012,pennsylvania,48,47,3,1,15203,Susquehanna (R-Republican State Committee of Pennsylvania),2012-09-15,2012-09-17,Likely Voters,800,Live Phone,Pollster,Rep,50,2012_15203_pennsylvania
2012-pennsylvania-president-romney-vs-obama,2012,pennsylvania,50,41,4,5,15114,Muhlenberg,2012-09-10,2012-09-16,Likely Voters,640,Live Phone,Nonpartisan,None,51,2012_15114_pennsylvania
2012-pennsylvania-president-romney-vs-obama,2012,pennsylvania,52,43,2,2,15180,YouGov,2012-09-07,2012-09-14,Likely Voters,1139,Internet,Nonpartisan,None,53,2012_15180_pennsylvania
2012-pennsylvania-president-romney-vs-obama,2012,pennsylvania,50,39,11,NA,15076,Philadelphia Inquirer/National Research (R)/GSG (D),2012-09-09,2012-09-12,Likely Voters,600,Live Phone,Nonpartisan,None,55,2012_15076_pennsylvania
2012-pennsylvania-president-romney-vs-obama,2012,pennsylvania,51,42,7,NA,14787,Philadelphia Inquirer,2012-08-21,2012-08-23,Likely Voters,601,Live Phone,Nonpartisan,None,75,2012_14787_pennsylvania
2012-pennsylvania-president-romney-vs-obama,2012,pennsylvania,49,40,NA,NA,14748,Muhlenberg,2012-08-20,2012-08-22,Likely Voters,422,Live Phone,Nonpartisan,None,76,2012_14748_pennsylvania
2012-pennsylvania-president-romney-vs-obama,2012,pennsylvania,47,42,7,NA,14673,Franklin and Marshall College,2012-08-07,2012-08-12,Registered Voters,681,Live Phone,Nonpartisan,None,86,2012_14673_pennsylvania
2012-pennsylvania-president-romney-vs-obama,2012,pennsylvania,53,42,4,1,14521,Quinnipiac/NYT/CBS,2012-07-24,2012-07-30,Likely Voters,1168,Live Phone,Nonpartisan,None,99,2012_14521_pennsylvania
2012-pennsylvania-president-romney-vs-obama,2012,pennsylvania,49,43,8,NA,14444,PPP (D),2012-07-21,2012-07-23,Likely Voters,758,Automated Phone,Pollster,Dem,106,2012_14444_pennsylvania
2012-pennsylvania-president-romney-vs-obama,2012,pennsylvania,46,43,NA,NA,14494,Susquehanna (R),2012-07-19,2012-07-23,Likely Voters,800,Automated Phone,Pollster,Rep,106,2012_14494_pennsylvania
2012-pennsylvania-president-romney-vs-obama,2012,pennsylvania,48,44,5,4,14401,Rasmussen,2012-07-18,2012-07-18,Likely Voters,500,Automated Phone,Nonpartisan,None,111,2012_14401_pennsylvania
2012-pennsylvania-president-romney-vs-obama,2012,pennsylvania,47,40,13,NA,14295,We Ask America,2012-07-09,2012-07-10,Likely Voters,1227,Automated Phone,Nonpartisan,None,119,2012_14295_pennsylvania
2012-pennsylvania-president-romney-vs-obama,2012,pennsylvania,49,40,NA,NA,14323,Garin-Hart-Yang (D-Priorities USA),2012-06-25,2012-07-03,Likely Voters,816,Live Phone,Sponsor,Dem,126,2012_14323_pennsylvania
2012-pennsylvania-president-romney-vs-obama,2012,pennsylvania,45,39,13,4,14189,Quinnipiac,2012-06-19,2012-06-25,Registered Voters,1252,Live Phone,Nonpartisan,None,134,2012_14189_pennsylvania
2012-pennsylvania-president-romney-vs-obama,2012,pennsylvania,46,40,12,2,14067,Quinnipiac,2012-06-05,2012-06-10,Registered Voters,997,Live Phone,Nonpartisan,None,149,2012_14067_pennsylvania
2012-pennsylvania-president-romney-vs-obama,2012,pennsylvania,48,36,12,5,14014,Franklin and Marshall College,2012-05-29,2012-06-04,Registered Voters,412,Live Phone,Nonpartisan,None,155,2012_14014_pennsylvania
2012-pennsylvania-president-romney-vs-obama,2012,pennsylvania,47,41,5,7,13876,Rasmussen,2012-05-21,2012-05-21,Likely Voters,500,Automated Phone,Nonpartisan,None,169,2012_13876_pennsylvania
2012-pennsylvania-president-romney-vs-obama,2012,pennsylvania,50,42,8,NA,13866,PPP (D),2012-05-17,2012-05-20,Likely Voters,671,Automated Phone,Pollster,Dem,170,2012_13866_pennsylvania
2012-pennsylvania-president-romney-vs-obama,2012,pennsylvania,47,39,8,2,13678,Quinnipiac,2012-04-25,2012-05-01,Registered Voters,1167,Live Phone,Nonpartisan,None,189,2012_13678_pennsylvania
2012-pennsylvania-president-romney-vs-obama,2012,pennsylvania,45,40,4,11,13591,Muhlenberg,2012-03-23,2012-04-01,Registered Voters,492,Live Phone,Nonpartisan,None,219,2012_13591_pennsylvania
2012-pennsylvania-president-romney-vs-obama,2012,pennsylvania,45,42,7,2,13370,Quinnipiac,2012-03-20,2012-03-26,Registered Voters,1232,Live Phone,Nonpartisan,None,225,2012_13370_pennsylvania
2012-pennsylvania-president-romney-vs-obama,2012,pennsylvania,46,40,8,2,13251,Quinnipiac,2012-03-07,2012-03-12,Registered Voters,1256,Live Phone,Nonpartisan,None,239,2012_13251_pennsylvania
2012-pennsylvania-president-romney-vs-obama,2012,pennsylvania,49,42,9,NA,13252,PPP (D),2012-03-08,2012-03-11,Likely Voters,689,Automated Phone,Pollster,Dem,240,2012_13252_pennsylvania
2012-pennsylvania-president-romney-vs-obama,2012,pennsylvania,45,44,3,8,13151,Rasmussen,2012-02-08,2012-02-23,Likely Voters,438,Automated Phone,Nonpartisan,None,257,2012_13151_pennsylvania
2012-pennsylvania-president-romney-vs-obama,2012,pennsylvania,48,37,6,9,13149,Muhlenberg,2012-02-15,2012-02-21,Registered Voters,625,Live Phone,Nonpartisan,None,259,2012_13149_pennsylvania
2012-pennsylvania-president-romney-vs-obama,2012,pennsylvania,41,33,18,8,13150,Franklin and Marshall College,2012-02-14,2012-02-20,Registered Voters,592,Live Phone,Nonpartisan,None,260,2012_13150_pennsylvania
2012-pennsylvania-president-romney-vs-obama,2012,pennsylvania,43,45,NA,NA,12835,Susquehanna (R),2012-02-02,2012-02-06,Registered Voters,800,Automated Phone,Pollster,Rep,274,2012_12835_pennsylvania
2012-pennsylvania-president-romney-vs-obama,2012,pennsylvania,41,30,24,6,13432,Franklin and Marshall College,2012-01-17,2012-01-22,Registered Voters,614,Live Phone,Nonpartisan,None,289,2012_13432_pennsylvania
2012-ohio-president-romney-vs-obama,2012,ohio,49,48,NA,NA,16657,Gravis Marketing,2012-11-04,2012-11-05,Likely Voters,1316,Automated Phone,Nonpartisan,None,1,2012_16657_ohio
2012-ohio-president-romney-vs-obama,2012,ohio,51,44,6,NA,16672,JZ Analytics/Newsmax,2012-11-03,2012-11-05,Likely Voters,832,Internet,Sponsor,Rep,1,2012_16672_ohio
2012-ohio-president-romney-vs-obama,2012,ohio,50,46,2,1,16665,Ipsos/Reuters (Web),2012-11-03,2012-11-05,Likely Voters,680,Internet,Nonpartisan,None,1,2012_16665_ohio
2012-ohio-president-romney-vs-obama,2012,ohio,49,49,1,1,16632,Rasmussen,2012-11-04,2012-11-04,Likely Voters,750,Automated Phone,Nonpartisan,None,2,2012_16632_ohio
2012-ohio-president-romney-vs-obama,2012,ohio,52,47,2,NA,16607,PPP (D),2012-11-03,2012-11-04,Likely Voters,1000,Automated Phone,Pollster,Dem,2,2012_16607_ohio
2012-ohio-president-romney-vs-obama,2012,ohio,51,48,NA,1,16675,Angus-Reid,2012-11-02,2012-11-04,Likely Voters,572,Internet,Nonpartisan,None,2,2012_16675_ohio
2012-ohio-president-romney-vs-obama,2012,ohio,49,44,4,3,16639,SurveyUSA,2012-11-01,2012-11-04,Likely Voters,803,IVR/Online,Nonpartisan,None,2,2012_16639_ohio
2012-ohio-president-romney-vs-obama,2012,ohio,50,49,NA,NA,16627,The Ohio Poll/University of Cincinnati,2012-10-31,2012-11-04,Likely Voters,889,Live Phone,Nonpartisan,None,2,2012_16627_ohio
2012-ohio-president-romney-vs-obama,2012,ohio,49,46,3,2,16591,YouGov,2012-10-31,2012-11-03,Likely Voters,1620,Internet,Nonpartisan,None,3,2012_16591_ohio
2012-ohio-president-romney-vs-obama,2012,ohio,50,48,NA,NA,16536,Columbus Dispatch,2012-10-24,2012-11-03,Likely Voters,1501,Mail,Nonpartisan,None,3,2012_16536_ohio
2012-ohio-president-romney-vs-obama,2012,ohio,49,45,4,1,16505,Grove Insight (D-Project New America/USAction),2012-11-01,2012-11-02,Likely Voters,500,Live Phone,Sponsor,Dem,4,2012_16505_ohio
2012-ohio-president-romney-vs-obama,2012,ohio,47,45,4,3,16480,Ipsos/Reuters (Web),2012-10-31,2012-11-02,Likely Voters,1012,Internet,Nonpartisan,None,4,2012_16480_ohio
2012-ohio-president-romney-vs-obama,2012,ohio,49,49,1,2,16469,Rasmussen,2012-11-01,2012-11-01,Likely Voters,750,Automated Phone,Nonpartisan,None,5,2012_16469_ohio
2012-ohio-president-romney-vs-obama,2012,ohio,51,45,3,1,16489,NBC/WSJ/Marist,2012-10-31,2012-11-01,Likely Voters,971,Live Phone,Nonpartisan,None,5,2012_16489_ohio
2012-ohio-president-romney-vs-obama,2012,ohio,50,47,3,1,16476,CNN,2012-10-30,2012-11-01,Likely Voters,796,Live Phone,Nonpartisan,None,5,2012_16476_ohio
2012-ohio-president-romney-vs-obama,2012,ohio,50,46,NA,4,16475,We Ask America,2012-10-30,2012-11-01,Likely Voters,1649,Automated Phone,Nonpartisan,None,5,2012_16475_ohio
2012-ohio-president-romney-vs-obama,2012,ohio,46,49,NA,NA,16430,Wenzel Strategies (R-Citizens United),2012-10-30,2012-10-31,Likely Voters,1281,Live Phone,Sponsor,Rep,6,2012_16430_ohio
2012-ohio-president-romney-vs-obama,2012,ohio,50,45,4,NA,16368,PPP (D-Health Care for America Now),2012-10-29,2012-10-30,Likely Voters,600,Automated Phone,Sponsor,Dem,7,2012_16368_ohio
2012-ohio-president-romney-vs-obama,2012,ohio,50,44,5,NA,16402,JZ Analytics/Newsmax,2012-10-28,2012-10-30,Likely Voters,826,Internet,Sponsor,Rep,7,2012_16402_ohio
2012-ohio-president-romney-vs-obama,2012,ohio,48,46,2,4,16373,The Ohio Poll/University of Cincinnati,2012-10-25,2012-10-30,Likely Voters,1141,Live Phone,Nonpartisan,None,7,2012_16373_ohio
2012-ohio-president-romney-vs-obama,2012,ohio,48,46,3,3,16602,Pulse Opinion Research/Let Freedom Ring (R),2012-10-29,2012-10-29,Likely Voters,1000,Automated Phone,Sponsor,Rep,8,2012_16602_ohio
2012-ohio-president-romney-vs-obama,2012,ohio,48,45,NA,NA,16338,Grove Insight (D-Project New America/USAction),2012-10-28,2012-10-29,Likely Voters,500,Live Phone,Sponsor,Dem,8,2012_16338_ohio
2012-ohio-president-romney-vs-obama,2012,ohio,48,45,6,2,16347,SurveyUSA,2012-10-26,2012-10-29,Likely Voters,603,IVR/Online,Nonpartisan,None,8,2012_16347_ohio
2012-ohio-president-romney-vs-obama,2012,ohio,48,50,1,1,16262,Rasmussen,2012-10-28,2012-10-28,Likely Voters,750,Automated Phone,Nonpartisan,None,9,2012_16262_ohio
2012-ohio-president-romney-vs-obama,2012,ohio,49,46,5,NA,16327,Pharos Research Group,2012-10-26,2012-10-28,Likely Voters,765,Live Phone,Nonpartisan,None,9,2012_16327_ohio
2012-ohio-president-romney-vs-obama,2012,ohio,51,47,2,NA,16253,PPP (D),2012-10-26,2012-10-28,Likely Voters,718,Automated Phone,Pollster,Dem,9,2012_16253_ohio
2012-ohio-president-romney-vs-obama,2012,ohio,50,45,4,1,16349,Quinnipiac/NYT/CBS,2012-10-23,2012-10-28,Likely Voters,1100,Live Phone,Nonpartisan,None,9,2012_16349_ohio
2012-ohio-president-romney-vs-obama,2012,ohio,50,49,2,NA,16254,Gravis Marketing,2012-10-27,2012-10-27,Likely Voters,730,Automated Phone,Nonpartisan,None,10,2012_16254_ohio
2012-ohio-president-romney-vs-obama,2012,ohio,49,44,7,NA,16313,Mellman (D-Americans United for Change),2012-10-23,2012-10-25,Likely Voters,600,Live Phone,Sponsor,Dem,12,2012_16313_ohio
2012-ohio-president-romney-vs-obama,2012,ohio,50,46,4,1,16211,CNN,2012-10-23,2012-10-25,Likely Voters,741,Live Phone,Nonpartisan,None,12,2012_16211_ohio
2012-ohio-president-romney-vs-obama,2012,ohio,46,44,8,1,16208,Purple Strategies,2012-10-23,2012-10-25,Likely Voters,600,IVR/Online,Nonpartisan,None,12,2012_16208_ohio
2012-ohio-president-romney-vs-obama,2012,ohio,49,47,3,1,16190,ARG,2012-10-23,2012-10-25,Likely Voters,600,Live Phone,Nonpartisan,None,12,2012_16190_ohio
2012-ohio-president-romney-vs-obama,2012,ohio,48,48,3,2,16100,Rasmussen,2012-10-23,2012-10-23,Likely Voters,750,Automated Phone,Nonpartisan,None,14,2012_16100_ohio
2012-ohio-president-romney-vs-obama,2012,ohio,49,44,6,1,16122,Time,2012-10-22,2012-10-23,Likely Voters,742,Live Phone,Nonpartisan,None,14,2012_16122_ohio
2012-ohio-president-romney-vs-obama,2012,ohio,46,44,9,NA,16121,Lake Research (D-USAction),2012-10-20,2012-10-23,Likely Voters,600,Live Phone,Sponsor,Dem,14,2012_16121_ohio
2012-ohio-president-romney-vs-obama,2012,ohio,49,49,1,1,16234,Ohio Newspaper Organization/University of Cincinnati,2012-10-18,2012-10-23,Likely Voters,1015,Live Phone,Nonpartisan,None,14,2012_16234_ohio
2012-ohio-president-romney-vs-obama,2012,ohio,47,44,6,2,16098,SurveyUSA,2012-10-20,2012-10-22,Likely Voters,609,IVR/Online,Nonpartisan,None,15,2012_16098_ohio
2012-ohio-president-romney-vs-obama,2012,ohio,50,45,NA,NA,16251,Pharos Research Group,2012-10-19,2012-10-21,Likely Voters,810,Live Phone,Nonpartisan,None,16,2012_16251_ohio
2012-ohio-president-romney-vs-obama,2012,ohio,47,47,5,3,16035,Suffolk,2012-10-18,2012-10-21,Likely Voters,600,Live Phone,Nonpartisan,None,16,2012_16035_ohio
2012-ohio-president-romney-vs-obama,2012,ohio,48,48,NA,4,16008,Angus-Reid,2012-10-18,2012-10-20,Likely Voters,502,Internet,Nonpartisan,None,17,2012_16008_ohio
2012-ohio-president-romney-vs-obama,2012,ohio,49,48,3,NA,15993,PPP (D),2012-10-18,2012-10-20,Likely Voters,523,Automated Phone,Pollster,Dem,17,2012_15993_ohio
2012-ohio-president-romney-vs-obama,2012,ohio,50,45,3,1,16014,Quinnipiac/CBS,2012-10-17,2012-10-20,Likely Voters,1548,Live Phone,Nonpartisan,None,17,2012_16014_ohio
2012-ohio-president-romney-vs-obama,2012,ohio,47,47,6,NA,15981,Gravis Marketing,2012-10-18,2012-10-19,Likely Voters,1943,Automated Phone,Nonpartisan,None,18,2012_15981_ohio
2012-ohio-president-romney-vs-obama,2012,ohio,46,43,10,1,15970,FOX,2012-10-17,2012-10-18,Likely Voters,1131,Live Phone,Nonpartisan,None,19,2012_15970_ohio
2012-ohio-president-romney-vs-obama,2012,ohio,49,48,2,1,15908,Rasmussen,2012-10-17,2012-10-17,Likely Voters,750,Automated Phone,Nonpartisan,None,20,2012_15908_ohio
2012-ohio-president-romney-vs-obama,2012,ohio,46,47,4,3,16033,Pulse Opinion Research/Let Freedom Ring (R),2012-10-15,2012-10-15,Likely Voters,1000,Automated Phone,Sponsor,Rep,22,2012_16033_ohio
2012-ohio-president-romney-vs-obama,2012,ohio,45,42,9,3,15905,SurveyUSA,2012-10-12,2012-10-15,Likely Voters,613,IVR/Online,Nonpartisan,None,22,2012_15905_ohio
2012-ohio-president-romney-vs-obama,2012,ohio,51,46,3,NA,15762,PPP (D),2012-10-12,2012-10-13,Likely Voters,880,Automated Phone,Pollster,Dem,24,2012_15762_ohio
2012-ohio-president-romney-vs-obama,2012,ohio,50,46,2,2,15855,YouGov,2012-10-04,2012-10-11,Likely Voters,851,Internet,Nonpartisan,None,26,2012_15855_ohio
2012-ohio-president-romney-vs-obama,2012,ohio,48,47,3,2,15697,Rasmussen,2012-10-10,2012-10-10,Likely Voters,750,Automated Phone,Nonpartisan,None,27,2012_15697_ohio
2012-ohio-president-romney-vs-obama,2012,ohio,45,46,9,NA,15698,Gravis Marketing,2012-10-06,2012-10-10,Likely Voters,1313,Automated Phone,Nonpartisan,None,27,2012_15698_ohio
2012-ohio-president-romney-vs-obama,2012,ohio,51,45,4,1,15678,NBC/WSJ/Marist,2012-10-07,2012-10-09,Likely Voters,994,Live Phone,Nonpartisan,None,28,2012_15678_ohio
2012-ohio-president-romney-vs-obama,2012,ohio,47,46,4,3,15723,Pulse Opinion Research/Let Freedom Ring (R),2012-10-08,2012-10-08,Likely Voters,1000,Automated Phone,Sponsor,Rep,29,2012_15723_ohio
2012-ohio-president-romney-vs-obama,2012,ohio,45,44,8,3,15642,SurveyUSA,2012-10-05,2012-10-08,Likely Voters,808,IVR/Online,Nonpartisan,None,29,2012_15642_ohio
2012-ohio-president-romney-vs-obama,2012,ohio,51,47,2,NA,15640,CNN,2012-10-05,2012-10-08,Likely Voters,722,Live Phone,Nonpartisan,None,29,2012_15640_ohio
2012-ohio-president-romney-vs-obama,2012,ohio,47,48,4,1,15627,ARG,2012-10-05,2012-10-08,Likely Voters,600,Live Phone,Nonpartisan,None,29,2012_15627_ohio
2012-ohio-president-romney-vs-obama,2012,ohio,47,48,5,NA,15588,Wenzel Strategies (R-Citizens United),2012-10-04,2012-10-05,Likely Voters,1072,Live Phone,Sponsor,Rep,32,2012_15588_ohio
2012-ohio-president-romney-vs-obama,2012,ohio,50,49,1,1,15542,Rasmussen,2012-10-04,2012-10-04,Likely Voters,500,Automated Phone,Nonpartisan,None,33,2012_15542_ohio
2012-ohio-president-romney-vs-obama,2012,ohio,46,47,6,1,15536,We Ask America,2012-10-04,2012-10-04,Likely Voters,1200,Automated Phone,Nonpartisan,None,33,2012_15536_ohio
2012-ohio-president-romney-vs-obama,2012,ohio,50,43,4,3,15726,Pulse Opinion Research/Let Freedom Ring (R),2012-10-01,2012-10-01,Likely Voters,1000,Automated Phone,Sponsor,Rep,36,2012_15726_ohio
2012-ohio-president-romney-vs-obama,2012,ohio,51,43,4,1,15482,NBC/WSJ/Marist,2012-09-30,2012-10-01,Likely Voters,931,Live Phone,Nonpartisan,None,36,2012_15482_ohio
2012-ohio-president-romney-vs-obama,2012,ohio,49,45,7,NA,15417,PPP (D),2012-09-27,2012-09-30,Likely Voters,897,Automated Phone,Pollster,Dem,37,2012_15417_ohio
2012-ohio-president-romney-vs-obama,2012,ohio,51,42,NA,NA,15418,Columbus Dispatch,2012-09-19,2012-09-29,Likely Voters,1662,Mail,Nonpartisan,None,38,2012_15418_ohio
2012-ohio-president-romney-vs-obama,2012,ohio,53,43,3,1,15314,Quinnipiac/NYT/CBS,2012-09-18,2012-09-24,Likely Voters,1162,Live Phone,Nonpartisan,None,43,2012_15314_ohio
2012-ohio-president-romney-vs-obama,2012,ohio,52,44,2,2,15288,Washington Post,2012-09-19,2012-09-23,Likely Voters,759,Live Phone,Nonpartisan,None,44,2012_15288_ohio
2012-ohio-president-romney-vs-obama,2012,ohio,45,44,10,NA,15298,Gravis Marketing,2012-09-21,2012-09-22,Likely Voters,594,Automated Phone,Nonpartisan,None,45,2012_15298_ohio
2012-ohio-president-romney-vs-obama,2012,ohio,48,44,8,NA,15201,Purple Strategies,2012-09-15,2012-09-19,Likely Voters,600,IVR/Online,Nonpartisan,None,48,2012_15201_ohio
2012-ohio-president-romney-vs-obama,2012,ohio,49,42,7,3,15147,FOX,2012-09-16,2012-09-18,Likely Voters,1009,Live Phone,Nonpartisan,None,49,2012_15147_ohio
2012-ohio-president-romney-vs-obama,2012,ohio,50,44,6,NA,15395,PPP (D)/NRDC,2012-09-14,2012-09-18,Likely Voters,2890,Automated Phone,Pollster,Dem,49,2012_15395_ohio
2012-ohio-president-romney-vs-obama,2012,ohio,51,46,2,1,15247,Ohio Newspaper Organization/University of Cincinnati,2012-09-13,2012-09-18,Likely Voters,861,Live Phone,Nonpartisan,None,49,2012_15247_ohio
2012-ohio-president-romney-vs-obama,2012,ohio,47,44,9,NA,15174,Caddell/McLaughlin (R)/Secure America Now,2012-09-13,2012-09-15,Likely Voters,600,Live Phone,Pollster,Rep,52,2012_15174_ohio
2012-ohio-president-romney-vs-obama,2012,ohio,47,44,2,6,15179,YouGov,2012-09-07,2012-09-14,Likely Voters,1036,Internet,Nonpartisan,None,53,2012_15179_ohio
2012-ohio-president-romney-vs-obama,2012,ohio,47,46,3,3,15017,Rasmussen,2012-09-12,2012-09-12,Likely Voters,500,Automated Phone,Nonpartisan,None,55,2012_15017_ohio
2012-ohio-president-romney-vs-obama,2012,ohio,48,47,4,1,15009,ARG,2012-09-10,2012-09-12,Likely Voters,600,Live Phone,Nonpartisan,None,55,2012_15009_ohio
2012-ohio-president-romney-vs-obama,2012,ohio,50,43,6,1,15030,NBC/WSJ/Marist,2012-09-09,2012-09-11,Likely Voters,979,Live Phone,Nonpartisan,None,56,2012_15030_ohio
2012-ohio-president-romney-vs-obama,2012,ohio,50,45,5,NA,14939,PPP (D),2012-09-07,2012-09-09,Likely Voters,1072,Automated Phone,Pollster,Dem,58,2012_14939_ohio
2012-ohio-president-romney-vs-obama,2012,ohio,47,43,10,NA,14964,Gravis Marketing,2012-09-07,2012-09-08,Likely Voters,1548,Automated Phone,Nonpartisan,None,59,2012_14964_ohio
2012-ohio-president-romney-vs-obama,2012,ohio,44,47,10,NA,14894,Gravis Marketing,2012-09-02,2012-09-02,Registered Voters,1381,Automated Phone,Nonpartisan,None,65,2012_14894_ohio
2012-ohio-president-romney-vs-obama,2012,ohio,45,44,10,NA,14834,Gravis Marketing,2012-08-27,2012-08-27,Likely Voters,1397,Automated Phone,Nonpartisan,None,71,2012_14834_ohio
2012-ohio-president-romney-vs-obama,2012,ohio,45,45,NA,NA,14785,Columbus Dispatch,2012-08-15,2012-08-25,Likely Voters,1758,Mail,Nonpartisan,None,73,2012_14785_ohio
2012-ohio-president-romney-vs-obama,2012,ohio,50,44,4,2,14741,Quinnipiac/NYT/CBS,2012-08-21,2012-08-21,Likely Voters,1253,Live Phone,Nonpartisan,None,77,2012_14741_ohio
2012-ohio-president-romney-vs-obama,2012,ohio,49,46,2,2,14742,The Ohio Poll/University of Cincinnati,2012-08-16,2012-08-21,Likely Voters,808,Live Phone,Nonpartisan,None,77,2012_14742_ohio
2012-ohio-president-romney-vs-obama,2012,ohio,44,46,10,NA,14667,Purple Strategies,2012-08-13,2012-08-14,Likely Voters,600,Automated Phone,Nonpartisan,None,84,2012_14667_ohio
2012-ohio-president-romney-vs-obama,2012,ohio,45,45,4,6,14648,Rasmussen,2012-08-13,2012-08-13,Likely Voters,500,Automated Phone,Nonpartisan,None,85,2012_14648_ohio
2012-ohio-president-romney-vs-obama,2012,ohio,48,45,6,NA,14651,PPP (D),2012-08-09,2012-08-12,Likely Voters,961,Automated Phone,Pollster,Dem,86,2012_14651_ohio
2012-ohio-president-romney-vs-obama,2012,ohio,50,44,4,1,14520,Quinnipiac/NYT/CBS,2012-07-24,2012-07-30,Likely Voters,1193,Live Phone,Nonpartisan,None,99,2012_14520_ohio
2012-ohio-president-romney-vs-obama,2012,ohio,48,40,10,2,14470,We Ask America,2012-07-24,2012-07-24,Likely Voters,1115,Automated Phone,Nonpartisan,None,105,2012_14470_ohio
2012-ohio-president-romney-vs-obama,2012,ohio,45,43,3,9,14492,Magellan (R-Opportunity Ohio),2012-07-23,2012-07-24,Likely Voters,597,Automated Phone,Pollster,Rep,105,2012_14492_ohio
2012-ohio-president-romney-vs-obama,2012,ohio,47,45,4,5,14394,Rasmussen,2012-07-18,2012-07-18,Likely Voters,500,Automated Phone,Nonpartisan,None,111,2012_14394_ohio
2012-ohio-president-romney-vs-obama,2012,ohio,48,45,7,NA,14357,Purple Strategies,2012-07-09,2012-07-13,Likely Voters,600,Automated Phone,Nonpartisan,None,116,2012_14357_ohio
2012-ohio-president-romney-vs-obama,2012,ohio,48,41,NA,NA,14322,Garin-Hart-Yang (D-Priorities USA),2012-06-25,2012-07-03,Likely Voters,805,Live Phone,Sponsor,Dem,126,2012_14322_ohio
2012-ohio-president-romney-vs-obama,2012,ohio,47,38,12,3,14188,Quinnipiac,2012-06-19,2012-06-25,Registered Voters,1237,Live Phone,Nonpartisan,None,134,2012_14188_ohio
2012-ohio-president-romney-vs-obama,2012,ohio,47,44,9,NA,14177,PPP (D),2012-06-21,2012-06-24,Likely Voters,673,Automated Phone,Pollster,Dem,135,2012_14177_ohio
2012-ohio-president-romney-vs-obama,2012,ohio,45,48,8,NA,14036,Purple Strategies,2012-05-31,2012-06-05,Likely Voters,600,Automated Phone,Nonpartisan,None,154,2012_14036_ohio
2012-ohio-president-romney-vs-obama,2012,ohio,44,46,5,6,13965,Rasmussen,2012-05-29,2012-05-29,Likely Voters,500,Automated Phone,Nonpartisan,None,161,2012_13965_ohio
2012-ohio-president-romney-vs-obama,2012,ohio,48,42,8,2,13892,NBC/Marist,2012-05-17,2012-05-20,Registered Voters,1103,Live Phone,Nonpartisan,None,170,2012_13892_ohio
2012-ohio-president-romney-vs-obama,2012,ohio,45,44,10,2,13724,Quinnipiac,2012-05-02,2012-05-07,Registered Voters,1069,Live Phone,Nonpartisan,None,183,2012_13724_ohio
2012-ohio-president-romney-vs-obama,2012,ohio,50,43,8,NA,13708,PPP (D),2012-04-28,2012-05-06,Likely Voters,875,Automated Phone,Pollster,Dem,184,2012_13708_ohio
2012-ohio-president-romney-vs-obama,2012,ohio,44,42,11,3,13676,Quinnipiac,2012-04-25,2012-05-01,Registered Voters,1130,Live Phone,Nonpartisan,None,189,2012_13676_ohio
2012-ohio-president-romney-vs-obama,2012,ohio,49,44,7,NA,13619,Purple Strategies,2012-04-19,2012-04-23,Likely Voters,600,Automated Phone,Nonpartisan,None,197,2012_13619_ohio
2012-ohio-president-romney-vs-obama,2012,ohio,46,42,NA,NA,13578,Rasmussen,2012-04-18,2012-04-18,Likely Voters,500,Automated Phone,Nonpartisan,None,202,2012_13578_ohio
2012-ohio-president-romney-vs-obama,2012,ohio,45,39,12,3,13571,FOX,2012-04-15,2012-04-17,Registered Voters,606,Live Phone,Nonpartisan,None,203,2012_13571_ohio
2012-ohio-president-romney-vs-obama,2012,ohio,48,40,3,8,13371,Rasmussen,2012-03-26,2012-03-26,Likely Voters,500,Automated Phone,Nonpartisan,None,225,2012_13371_ohio
2012-ohio-president-romney-vs-obama,2012,ohio,47,41,7,2,13369,Quinnipiac,2012-03-20,2012-03-26,Registered Voters,1246,Live Phone,Nonpartisan,None,225,2012_13369_ohio
2012-ohio-president-romney-vs-obama,2012,ohio,50,38,12,NA,13107,NBC/Marist,2012-02-29,2012-03-02,Registered Voters,1573,Live Phone,Nonpartisan,None,249,2012_13107_ohio
2012-ohio-president-romney-vs-obama,2012,ohio,38,44,9,2,13147,FOX,2012-02-11,2012-02-13,Likely Voters,505,Automated Phone,Nonpartisan,None,267,2012_13147_ohio
2012-ohio-president-romney-vs-obama,2012,ohio,46,44,7,1,13148,Quinnipiac,2012-02-07,2012-02-12,Registered Voters,1421,Live Phone,Nonpartisan,None,268,2012_13148_ohio
2012-ohio-president-romney-vs-obama,2012,ohio,45,41,4,10,12834,Rasmussen,2012-02-08,2012-02-08,Likely Voters,500,Automated Phone,Nonpartisan,None,272,2012_12834_ohio
2012-ohio-president-romney-vs-obama,2012,ohio,49,42,9,NA,12696,PPP (D),2012-01-28,2012-01-29,Likely Voters,820,Automated Phone,Pollster,Dem,282,2012_12696_ohio
2012-ohio-president-romney-vs-obama,2012,ohio,44,42,8,3,12500,Quinnipiac,2012-01-09,2012-01-16,Registered Voters,1610,Live Phone,Nonpartisan,None,295,2012_12500_ohio
2012-north-carolina-president-romney-vs-obama,2012,north-carolina,46,50,4,NA,16621,Gravis Marketing,2012-11-04,2012-11-04,Likely Voters,1130,Automated Phone,Nonpartisan,None,2,2012_16621_north-carolina
2012-north-carolina-president-romney-vs-obama,2012,north-carolina,49,49,1,NA,16613,PPP (D),2012-11-03,2012-11-04,Likely Voters,926,Automated Phone,Pollster,Dem,2,2012_16613_north-carolina
2012-north-carolina-president-romney-vs-obama,2012,north-carolina,47,49,3,1,16572,YouGov,2012-10-31,2012-11-03,Likely Voters,1500,Internet,Nonpartisan,None,3,2012_16572_north-carolina
2012-north-carolina-president-romney-vs-obama,2012,north-carolina,49,49,1,NA,16377,PPP (D),2012-10-29,2012-10-31,Likely Voters,730,Automated Phone,Pollster,Dem,6,2012_16377_north-carolina
2012-north-carolina-president-romney-vs-obama,2012,north-carolina,45,46,9,NA,16426,High Point University,2012-10-22,2012-10-30,Registered Voters,403,Live Phone,Nonpartisan,None,7,2012_16426_north-carolina
2012-north-carolina-president-romney-vs-obama,2012,north-carolina,45,50,3,2,16356,SurveyUSA,2012-10-27,2012-10-29,Likely Voters,682,IVR/Online,Nonpartisan,None,8,2012_16356_north-carolina
2012-north-carolina-president-romney-vs-obama,2012,north-carolina,45,45,9,NA,16267,Elon,2012-10-21,2012-10-26,Likely Voters,1238,Live Phone,Nonpartisan,None,11,2012_16267_north-carolina
2012-north-carolina-president-romney-vs-obama,2012,north-carolina,46,52,1,1,16217,Rasmussen,2012-10-25,2012-10-25,Likely Voters,500,Automated Phone,Nonpartisan,None,12,2012_16217_north-carolina
2012-north-carolina-president-romney-vs-obama,2012,north-carolina,48,48,4,NA,16162,PPP (D),2012-10-23,2012-10-25,Likely Voters,880,Automated Phone,Pollster,Dem,12,2012_16162_north-carolina
2012-north-carolina-president-romney-vs-obama,2012,north-carolina,45,53,3,NA,16198,Gravis Marketing,2012-10-24,2012-10-24,Likely Voters,1723,Automated Phone,Nonpartisan,None,13,2012_16198_north-carolina
2012-north-carolina-president-romney-vs-obama,2012,north-carolina,47,44,7,2,16232,Grove Insight (D-Project New America),2012-10-23,2012-10-24,Likely Voters,500,Live Phone,Pollster,Dem,13,2012_16232_north-carolina
2012-north-carolina-president-romney-vs-obama,2012,north-carolina,47,48,5,NA,16195,Civitas (R) / National Research (R),2012-10-20,2012-10-21,Likely Voters,600,Live Phone,Pollster,Rep,16,2012_16195_north-carolina
2012-north-carolina-president-romney-vs-obama,2012,north-carolina,47,44,NA,NA,15957,Grove Insight (D-Project New America),2012-10-17,2012-10-18,Likely Voters,500,Live Phone,Pollster,Dem,19,2012_15957_north-carolina
2012-north-carolina-president-romney-vs-obama,2012,north-carolina,46,52,1,NA,15918,Rasmussen,2012-10-17,2012-10-17,Likely Voters,500,Automated Phone,Nonpartisan,None,20,2012_15918_north-carolina
2012-north-carolina-president-romney-vs-obama,2012,north-carolina,47,49,4,NA,15775,PPP (D),2012-10-12,2012-10-14,Likely Voters,1084,Automated Phone,Pollster,Dem,23,2012_15775_north-carolina
2012-north-carolina-president-romney-vs-obama,2012,north-carolina,45,49,NA,NA,15986,Tel Opinion Research (R-North Carolina Republican Party),2012-10-12,2012-10-13,Likely Voters,600,Live Phone,Sponsor,Rep,24,2012_15986_north-carolina
2012-north-carolina-president-romney-vs-obama,2012,north-carolina,48,49,2,1,15843,YouGov,2012-10-04,2012-10-11,Likely Voters,810,Internet,Nonpartisan,None,26,2012_15843_north-carolina
2012-north-carolina-president-romney-vs-obama,2012,north-carolina,46,45,7,2,15757,High Point University/UNC,2012-09-29,2012-10-10,Registered Voters,605,Live Phone,Nonpartisan,None,27,2012_15757_north-carolina
2012-north-carolina-president-romney-vs-obama,2012,north-carolina,48,51,1,1,15701,Rasmussen,2012-10-09,2012-10-09,Likely Voters,500,Automated Phone,Nonpartisan,None,28,2012_15701_north-carolina
2012-north-carolina-president-romney-vs-obama,2012,north-carolina,41,50,9,NA,15630,Gravis Marketing,2012-10-06,2012-10-08,Likely Voters,1325,Automated Phone,Nonpartisan,None,29,2012_15630_north-carolina
2012-north-carolina-president-romney-vs-obama,2012,north-carolina,47,51,1,1,15490,Rasmussen,2012-10-02,2012-10-02,Likely Voters,500,Automated Phone,Nonpartisan,None,35,2012_15490_north-carolina
2012-north-carolina-president-romney-vs-obama,2012,north-carolina,49,47,2,2,15477,SurveyUSA,2012-09-29,2012-10-01,Likely Voters,573,IVR/Online,Nonpartisan,None,36,2012_15477_north-carolina
2012-north-carolina-president-romney-vs-obama,2012,north-carolina,46,50,3,1,15433,ARG,2012-09-28,2012-09-30,Likely Voters,600,Live Phone,Nonpartisan,None,37,2012_15433_north-carolina
2012-north-carolina-president-romney-vs-obama,2012,north-carolina,48,48,4,NA,15416,PPP (D),2012-09-27,2012-09-30,Likely Voters,981,Automated Phone,Pollster,Dem,37,2012_15416_north-carolina
2012-north-carolina-president-romney-vs-obama,2012,north-carolina,48,46,5,1,15369,NBC/WSJ/Marist,2012-09-23,2012-09-25,Likely Voters,1035,Live Phone,Nonpartisan,None,42,2012_15369_north-carolina
2012-north-carolina-president-romney-vs-obama,2012,north-carolina,49,45,7,NA,15268,Civitas (R) / National Research (R),2012-09-18,2012-09-19,Registered Voters,600,Live Phone,Pollster,Rep,48,2012_15268_north-carolina
2012-north-carolina-president-romney-vs-obama,2012,north-carolina,48,46,6,NA,15205,Purple Strategies,2012-09-15,2012-09-19,Likely Voters,600,IVR/Online,Nonpartisan,None,48,2012_15205_north-carolina
2012-north-carolina-president-romney-vs-obama,2012,north-carolina,46,43,9,3,15198,High Point University/Fox 8,2012-09-08,2012-09-18,Registered Voters,448,Live Phone,Nonpartisan,None,49,2012_15198_north-carolina
2012-north-carolina-president-romney-vs-obama,2012,north-carolina,46,48,4,2,15154,YouGov,2012-09-07,2012-09-14,Likely Voters,1060,Internet,Nonpartisan,None,53,2012_15154_north-carolina
2012-north-carolina-president-romney-vs-obama,2012,north-carolina,45,51,3,1,15034,Rasmussen,2012-09-13,2012-09-13,Likely Voters,500,Automated Phone,Nonpartisan,None,54,2012_15034_north-carolina
2012-north-carolina-president-romney-vs-obama,2012,north-carolina,49,48,3,NA,14940,PPP (D),2012-09-07,2012-09-09,Likely Voters,1087,Automated Phone,Pollster,Dem,58,2012_14940_north-carolina
2012-north-carolina-president-romney-vs-obama,2012,north-carolina,43,53,1,3,14948,Civitas (R) / SurveyUSA,2012-09-04,2012-09-06,Registered Voters,500,Automated Phone,Pollster,Rep,61,2012_14948_north-carolina
2012-north-carolina-president-romney-vs-obama,2012,north-carolina,48,48,4,NA,14869,PPP (D),2012-08-31,2012-09-02,Likely Voters,1012,Automated Phone,Pollster,Dem,65,2012_14869_north-carolina
2012-north-carolina-president-romney-vs-obama,2012,north-carolina,43,46,6,5,14876,High Point University/SurveyUSA,2012-08-26,2012-08-30,Registered Voters,543,IVR/Online,Nonpartisan,None,68,2012_14876_north-carolina
2012-north-carolina-president-romney-vs-obama,2012,north-carolina,43,47,6,3,14878,Elon,2012-08-25,2012-08-30,Likely Voters,1089,Live Phone,Nonpartisan,None,68,2012_14878_north-carolina
2012-north-carolina-president-romney-vs-obama,2012,north-carolina,47,48,3,1,14801,CNN/Time/ORC,2012-08-22,2012-08-26,Likely Voters,766,Live Phone,Nonpartisan,None,72,2012_14801_north-carolina
2012-north-carolina-president-romney-vs-obama,2012,north-carolina,43,43,8,6,14796,High Point University/SurveyUSA,2012-08-18,2012-08-23,Registered Voters,540,IVR/Online,Nonpartisan,None,75,2012_14796_north-carolina
2012-north-carolina-president-romney-vs-obama,2012,north-carolina,49,46,5,NA,14578,PPP (D),2012-08-02,2012-08-05,Likely Voters,813,Automated Phone,Pollster,Dem,93,2012_14578_north-carolina
2012-north-carolina-president-romney-vs-obama,2012,north-carolina,44,49,4,3,14549,Rasmussen,2012-08-01,2012-08-01,Likely Voters,500,Automated Phone,Nonpartisan,None,97,2012_14549_north-carolina
2012-north-carolina-president-romney-vs-obama,2012,north-carolina,48,49,3,NA,14405,Civitas (R) / National Research (R),2012-07-16,2012-07-18,Registered Voters,600,Live Phone,Pollster,Rep,111,2012_14405_north-carolina
2012-north-carolina-president-romney-vs-obama,2012,north-carolina,47,46,6,NA,14285,PPP (D),2012-07-05,2012-07-08,Registered Voters,775,Automated Phone,Pollster,Dem,121,2012_14285_north-carolina
2012-north-carolina-president-romney-vs-obama,2012,north-carolina,48,49,3,NA,14326,Project New America/Myers (D),2012-07-01,2012-07-08,Likely Voters,500,Live Phone,Pollster,Dem,121,2012_14326_north-carolina
2012-north-carolina-president-romney-vs-obama,2012,north-carolina,45,50,2,3,14242,Civitas (R) / SurveyUSA,2012-06-29,2012-07-01,Registered Voters,558,Automated Phone,Pollster,Rep,128,2012_14242_north-carolina
2012-north-carolina-president-romney-vs-obama,2012,north-carolina,44,47,6,3,14178,Rasmussen,2012-06-25,2012-06-25,Likely Voters,500,Automated Phone,Nonpartisan,None,134,2012_14178_north-carolina
2012-north-carolina-president-romney-vs-obama,2012,north-carolina,46,44,9,1,14206,NBC/Marist,2012-06-24,2012-06-25,Registered Voters,1019,Live Phone,Nonpartisan,None,134,2012_14206_north-carolina
2012-north-carolina-president-romney-vs-obama,2012,north-carolina,46,48,6,NA,14073,PPP (D),2012-06-07,2012-06-10,Likely Voters,810,Automated Phone,Pollster,Dem,149,2012_14073_north-carolina
2012-north-carolina-president-romney-vs-obama,2012,north-carolina,44,45,6,4,13870,SurveyUSA,2012-05-18,2012-05-21,Likely Voters,524,IVR/Online,Nonpartisan,None,169,2012_13870_north-carolina
2012-north-carolina-president-romney-vs-obama,2012,north-carolina,45,47,6,NA,13895,Civitas (R) / National Research (R),2012-05-19,2012-05-20,Registered Voters,600,Live Phone,Pollster,Rep,170,2012_13895_north-carolina
2012-north-carolina-president-romney-vs-obama,2012,north-carolina,43,51,4,2,13810,Rasmussen,2012-05-14,2012-05-14,Likely Voters,500,Automated Phone,Nonpartisan,None,176,2012_13810_north-carolina
2012-north-carolina-president-romney-vs-obama,2012,north-carolina,48,47,5,NA,13811,PPP (D),2012-05-10,2012-05-13,Likely Voters,666,Automated Phone,Pollster,Dem,177,2012_13811_north-carolina
2012-north-carolina-president-romney-vs-obama,2012,north-carolina,47,43,9,NA,13661,SurveyUSA,2012-04-26,2012-04-30,Registered Voters,1636,IVR/Online,Nonpartisan,None,190,2012_13661_north-carolina
2012-north-carolina-president-romney-vs-obama,2012,north-carolina,44,46,6,4,13523,Rasmussen,2012-04-10,2012-04-10,Likely Voters,500,Automated Phone,Nonpartisan,None,210,2012_13523_north-carolina
2012-north-carolina-president-romney-vs-obama,2012,north-carolina,49,44,8,NA,13503,PPP (D),2012-04-04,2012-04-07,Likely Voters,975,Automated Phone,Pollster,Dem,213,2012_13503_north-carolina
2012-north-carolina-president-romney-vs-obama,2012,north-carolina,49,46,5,NA,13250,PPP (D),2012-03-08,2012-03-11,Registered Voters,804,Automated Phone,Pollster,Dem,240,2012_13250_north-carolina
2012-north-carolina-president-romney-vs-obama,2012,north-carolina,47,46,7,NA,12820,PPP (D),2012-02-03,2012-02-05,Likely Voters,1052,Automated Phone,Pollster,Dem,275,2012_12820_north-carolina
2012-north-carolina-president-romney-vs-obama,2012,north-carolina,39,48,11,NA,12670,Civitas (R) / National Research (R),2012-01-09,2012-01-11,Registered Voters,300,Live Phone,Pollster,Rep,300,2012_12670_north-carolina
2012-north-carolina-president-romney-vs-obama,2012,north-carolina,46,45,9,NA,12446,PPP (D),2012-01-05,2012-01-08,Registered Voters,780,Automated Phone,Pollster,Dem,303,2012_12446_north-carolina
2012-new-mexico-president-romney-vs-obama,2012,new-mexico,49,43,3,5,16597,YouGov,2012-10-31,2012-11-03,Likely Voters,650,Internet,Nonpartisan,None,3,2012_16597_new-mexico
2012-new-mexico-president-romney-vs-obama,2012,new-mexico,49,41,NA,6,16545,POS (R-Wilson),2012-10-30,2012-10-31,Likely Voters,500,Live Phone,Sponsor,Rep,6,2012_16545_new-mexico
2012-new-mexico-president-romney-vs-obama,2012,new-mexico,47,42,NA,6,16335,POS (R-Wilson),2012-10-21,2012-10-22,Likely Voters,500,Live Phone,Sponsor,Rep,15,2012_16335_new-mexico
2012-new-mexico-president-romney-vs-obama,2012,new-mexico,49,39,5,6,15798,Albuquerque Journal,2012-10-09,2012-10-10,Likely Voters,658,Live Phone,Nonpartisan,None,27,2012_15798_new-mexico
2012-new-mexico-president-romney-vs-obama,2012,new-mexico,54,43,2,2,15647,Rasmussen,2012-10-08,2012-10-08,Likely Voters,500,Automated Phone,Nonpartisan,None,29,2012_15647_new-mexico
2012-new-mexico-president-romney-vs-obama,2012,new-mexico,52,43,5,NA,16662,PPP (D-League of Conservation Voters),2012-10-02,2012-10-03,Likely Voters,778,Automated Phone,Sponsor,Dem,34,2012_16662_new-mexico
2012-new-mexico-president-romney-vs-obama,2012,new-mexico,51,40,2,6,15451,Rasmussen,2012-09-27,2012-09-27,Likely Voters,500,Automated Phone,Nonpartisan,None,40,2012_15451_new-mexico
2012-new-mexico-president-romney-vs-obama,2012,new-mexico,51,41,5,4,15446,We Ask America,2012-09-25,2012-09-27,Likely Voters,1258,Automated Phone,Nonpartisan,None,40,2012_15446_new-mexico
2012-new-mexico-president-romney-vs-obama,2012,new-mexico,47,40,NA,9,15401,POS (R-Wilson),2012-09-25,2012-09-27,Likely Voters,500,Live Phone,Sponsor,Rep,40,2012_15401_new-mexico
2012-new-mexico-president-romney-vs-obama,2012,new-mexico,52,43,6,NA,15397,PPP (D)/NRDC,2012-09-17,2012-09-20,Likely Voters,3111,Automated Phone,Pollster,Dem,47,2012_15397_new-mexico
2012-new-mexico-president-romney-vs-obama,2012,new-mexico,51,43,1,4,15194,YouGov,2012-09-07,2012-09-14,Likely Voters,293,Internet,Nonpartisan,None,53,2012_15194_new-mexico
2012-new-mexico-president-romney-vs-obama,2012,new-mexico,53,42,5,NA,14981,PPP (D-League of Conservation Voters),2012-09-07,2012-09-09,Likely Voters,1122,Automated Phone,Sponsor,Dem,58,2012_14981_new-mexico
2012-new-mexico-president-romney-vs-obama,2012,new-mexico,45,40,8,7,14945,Albuquerque Journal,2012-09-03,2012-09-06,Likely Voters,667,Live Phone,Nonpartisan,None,61,2012_14945_new-mexico
2012-new-mexico-president-romney-vs-obama,2012,new-mexico,52,38,1,9,14736,Rasmussen,2012-08-21,2012-08-21,Likely Voters,500,Automated Phone,Nonpartisan,None,77,2012_14736_new-mexico
2012-new-mexico-president-romney-vs-obama,2012,new-mexico,49,44,6,NA,14380,PPP (D),2012-07-13,2012-07-16,Likely Voters,724,Automated Phone,Pollster,Dem,113,2012_14380_new-mexico
2012-new-mexico-president-romney-vs-obama,2012,new-mexico,48,35,5,12,13979,FMMMA (D),2012-05-16,2012-05-21,Registered Voters,502,Live Phone,Pollster,Dem,169,2012_13979_new-mexico
2012-new-mexico-president-romney-vs-obama,2012,new-mexico,48,35,2,15,13626,PPP (D),2012-04-19,2012-04-22,Likely Voters,526,Automated Phone,Pollster,Dem,198,2012_13626_new-mexico
2012-new-mexico-president-romney-vs-obama,2012,new-mexico,52,36,3,9,13487,Rasmussen,2012-04-03,2012-04-03,Likely Voters,500,Automated Phone,Nonpartisan,None,217,2012_13487_new-mexico
2012-new-mexico-president-romney-vs-obama,2012,new-mexico,55,36,5,5,13145,Rasmussen,2012-02-14,2012-02-14,Likely Voters,500,Automated Phone,Nonpartisan,None,266,2012_13145_new-mexico
2012-new-hampshire-president-romney-vs-obama,2012,new-hampshire,50,48,2,NA,16654,Rasmussen,2012-11-04,2012-11-04,Likely Voters,750,Automated Phone,Nonpartisan,None,2,2012_16654_new-hampshire
2012-new-hampshire-president-romney-vs-obama,2012,new-hampshire,50,46,3,1,16647,New England College,2012-11-03,2012-11-04,Likely Voters,687,Automated Phone,Nonpartisan,None,2,2012_16647_new-hampshire
2012-new-hampshire-president-romney-vs-obama,2012,new-hampshire,50,48,1,NA,16600,PPP (D),2012-11-03,2012-11-04,Likely Voters,1550,Automated Phone,Pollster,Dem,2,2012_16600_new-hampshire
2012-new-hampshire-president-romney-vs-obama,2012,new-hampshire,49,49,2,1,16638,ARG,2012-11-02,2012-11-04,Likely Voters,600,Live Phone,Nonpartisan,None,2,2012_16638_new-hampshire
2012-new-hampshire-president-romney-vs-obama,2012,new-hampshire,50,46,3,1,16623,UNH/WMUR,2012-11-01,2012-11-04,Likely Voters,776,Live Phone,Nonpartisan,None,2,2012_16623_new-hampshire
2012-new-hampshire-president-romney-vs-obama,2012,new-hampshire,47,43,6,4,16595,YouGov,2012-10-31,2012-11-03,Likely Voters,690,Internet,Nonpartisan,None,3,2012_16595_new-hampshire
2012-new-hampshire-president-romney-vs-obama,2012,new-hampshire,48,48,3,2,16528,UNH/WMUR,2012-10-31,2012-11-02,Likely Voters,502,Live Phone,Nonpartisan,None,4,2012_16528_new-hampshire
2012-new-hampshire-president-romney-vs-obama,2012,new-hampshire,50,49,NA,NA,16495,Gravis Marketing,2012-11-01,2012-11-01,Likely Voters,497,Automated Phone,Nonpartisan,None,5,2012_16495_new-hampshire
2012-new-hampshire-president-romney-vs-obama,2012,new-hampshire,50,44,4,2,16447,New England College,2012-10-29,2012-10-31,Likely Voters,1017,Automated Phone,Nonpartisan,None,6,2012_16447_new-hampshire
2012-new-hampshire-president-romney-vs-obama,2012,new-hampshire,49,47,3,1,16398,NBC/WSJ/Marist,2012-10-28,2012-10-29,Likely Voters,1013,Live Phone,Nonpartisan,None,8,2012_16398_new-hampshire
2012-new-hampshire-president-romney-vs-obama,2012,new-hampshire,49,47,5,NA,16255,PPP (D),2012-10-26,2012-10-28,Likely Voters,874,Automated Phone,Pollster,Dem,9,2012_16255_new-hampshire
2012-new-hampshire-president-romney-vs-obama,2012,new-hampshire,47,42,7,4,16317,Lake Research (D-USAction),2012-10-24,2012-10-28,Likely Voters,400,Live Phone,Sponsor,Dem,9,2012_16317_new-hampshire
2012-new-hampshire-president-romney-vs-obama,2012,new-hampshire,47,44,7,2,16245,Grove Insight (D-Project New America),2012-10-24,2012-10-25,Likely Voters,500,Live Phone,Pollster,Dem,12,2012_16245_new-hampshire
2012-new-hampshire-president-romney-vs-obama,2012,new-hampshire,49,46,4,2,16204,New England College,2012-10-23,2012-10-25,Likely Voters,571,Automated Phone,Nonpartisan,None,12,2012_16204_new-hampshire
2012-new-hampshire-president-romney-vs-obama,2012,new-hampshire,48,50,1,1,16106,Rasmussen,2012-10-23,2012-10-23,Likely Voters,500,Automated Phone,Nonpartisan,None,14,2012_16106_new-hampshire
2012-new-hampshire-president-romney-vs-obama,2012,new-hampshire,47,49,3,1,16070,ARG,2012-10-19,2012-10-22,Likely Voters,600,Live Phone,Nonpartisan,None,15,2012_16070_new-hampshire
2012-new-hampshire-president-romney-vs-obama,2012,new-hampshire,48,45,7,NA,16107,Lake Research (D-USAction),2012-10-18,2012-10-22,Likely Voters,400,Live Phone,Sponsor,Dem,15,2012_16107_new-hampshire
2012-new-hampshire-president-romney-vs-obama,2012,new-hampshire,51,42,5,2,16050,UNH,2012-10-17,2012-10-21,Likely Voters,773,Live Phone,Nonpartisan,None,16,2012_16050_new-hampshire
2012-new-hampshire-president-romney-vs-obama,2012,new-hampshire,48,49,3,NA,15964,PPP (D),2012-10-17,2012-10-19,Likely Voters,1036,Automated Phone,Pollster,Dem,18,2012_15964_new-hampshire
2012-new-hampshire-president-romney-vs-obama,2012,new-hampshire,50,49,1,NA,15868,Rasmussen,2012-10-15,2012-10-15,Likely Voters,500,Automated Phone,Nonpartisan,None,22,2012_15868_new-hampshire
2012-new-hampshire-president-romney-vs-obama,2012,new-hampshire,47,47,4,2,15815,Suffolk,2012-10-12,2012-10-14,Likely Voters,500,Live Phone,Nonpartisan,None,23,2012_15815_new-hampshire
2012-new-hampshire-president-romney-vs-obama,2012,new-hampshire,46,50,3,1,15735,ARG,2012-10-09,2012-10-11,Likely Voters,600,Live Phone,Nonpartisan,None,26,2012_15735_new-hampshire
2012-new-hampshire-president-romney-vs-obama,2012,new-hampshire,48,48,1,3,15665,Rasmussen,2012-10-09,2012-10-09,Likely Voters,500,Automated Phone,Nonpartisan,None,28,2012_15665_new-hampshire
2012-new-hampshire-president-romney-vs-obama,2012,new-hampshire,50,44,4,2,15641,UNH/WMUR,2012-09-30,2012-10-06,Likely Voters,545,Live Phone,Nonpartisan,None,31,2012_15641_new-hampshire
2012-new-hampshire-president-romney-vs-obama,2012,new-hampshire,54,39,4,3,15447,UNH/WMUR,2012-09-27,2012-09-30,Likely Voters,588,Live Phone,Nonpartisan,None,37,2012_15447_new-hampshire
2012-new-hampshire-president-romney-vs-obama,2012,new-hampshire,50,45,4,1,15386,ARG,2012-09-25,2012-09-27,Likely Voters,600,Live Phone,Nonpartisan,None,40,2012_15386_new-hampshire
2012-new-hampshire-president-romney-vs-obama,2012,new-hampshire,51,44,6,NA,15476,PPP (D-Progressive Change Campaign Committee),2012-09-24,2012-09-25,Likely Voters,862,Automated Phone,Sponsor,Dem,42,2012_15476_new-hampshire
2012-new-hampshire-president-romney-vs-obama,2012,new-hampshire,51,44,4,1,15370,NBC/WSJ/Marist,2012-09-23,2012-09-25,Likely Voters,1012,Live Phone,Nonpartisan,None,42,2012_15370_new-hampshire
2012-new-hampshire-president-romney-vs-obama,2012,new-hampshire,52,45,NA,NA,15344,GQR (D-New Hampshire Democratic Party),2012-09-15,2012-09-19,Likely Voters,600,Live Phone,Sponsor,Dem,48,2012_15344_new-hampshire
2012-new-hampshire-president-romney-vs-obama,2012,new-hampshire,45,48,3,4,15130,Rasmussen,2012-09-18,2012-09-18,Likely Voters,500,Automated Phone,Nonpartisan,None,49,2012_15130_new-hampshire
2012-new-hampshire-president-romney-vs-obama,2012,new-hampshire,48,47,NA,NA,15107,ARG,2012-09-15,2012-09-17,Likely Voters,463,Live Phone,Nonpartisan,None,50,2012_15107_new-hampshire
2012-new-hampshire-president-romney-vs-obama,2012,new-hampshire,48,42,5,5,15152,YouGov,2012-09-07,2012-09-14,Likely Voters,340,Internet,Nonpartisan,None,53,2012_15152_new-hampshire
2012-new-hampshire-president-romney-vs-obama,2012,new-hampshire,45,40,12,3,15025,UNH/WMUR,2012-09-04,2012-09-10,Likely Voters,592,Live Phone,Nonpartisan,None,57,2012_15025_new-hampshire
2012-new-hampshire-president-romney-vs-obama,2012,new-hampshire,51,45,5,NA,14654,PPP (D),2012-08-09,2012-08-12,Likely Voters,1055,Automated Phone,Pollster,Dem,86,2012_14654_new-hampshire
2012-new-hampshire-president-romney-vs-obama,2012,new-hampshire,49,46,NA,NA,14645,UNH/WMUR,2012-08-01,2012-08-12,Likely Voters,555,Live Phone,Nonpartisan,None,86,2012_14645_new-hampshire
2012-new-hampshire-president-romney-vs-obama,2012,new-hampshire,50,44,6,NA,14660,PPP (D-Democracy for America),2012-08-07,2012-08-08,Likely Voters,1591,Automated Phone,Sponsor,Dem,90,2012_14660_new-hampshire
2012-new-hampshire-president-romney-vs-obama,2012,new-hampshire,49,45,NA,NA,14370,UNH/WMUR,2012-07-05,2012-07-15,Likely Voters,470,Live Phone,Nonpartisan,None,114,2012_14370_new-hampshire
2012-new-hampshire-president-romney-vs-obama,2012,new-hampshire,45,45,8,1,14205,NBC/Marist,2012-06-24,2012-06-25,Registered Voters,1029,Live Phone,Nonpartisan,None,134,2012_14205_new-hampshire
2012-new-hampshire-president-romney-vs-obama,2012,new-hampshire,49,46,6,NA,14167,ARG,2012-06-21,2012-06-24,Likely Voters,417,Live Phone,Nonpartisan,None,135,2012_14167_new-hampshire
2012-new-hampshire-president-romney-vs-obama,2012,new-hampshire,48,43,6,2,14145,Rasmussen,2012-06-20,2012-06-20,Likely Voters,500,Automated Phone,Nonpartisan,None,139,2012_14145_new-hampshire
2012-new-hampshire-president-romney-vs-obama,2012,new-hampshire,53,41,6,NA,13806,PPP (D),2012-05-10,2012-05-13,Likely Voters,1163,Automated Phone,Pollster,Dem,177,2012_13806_new-hampshire
2012-new-hampshire-president-romney-vs-obama,2012,new-hampshire,51,42,5,2,13594,UNH/WMUR,2012-04-09,2012-04-20,Likely Voters,486,Live Phone,Nonpartisan,None,200,2012_13594_new-hampshire
2012-new-hampshire-president-romney-vs-obama,2012,new-hampshire,42,44,NA,NA,13561,Dartmouth,2012-04-02,2012-04-05,Registered Voters,403,Live Phone,Nonpartisan,None,215,2012_13561_new-hampshire
2012-new-hampshire-president-romney-vs-obama,2012,new-hampshire,48,41,11,NA,13424,ARG,2012-03-15,2012-03-18,Registered Voters,557,Live Phone,Nonpartisan,None,233,2012_13424_new-hampshire
2012-new-hampshire-president-romney-vs-obama,2012,new-hampshire,50,40,9,NA,12833,UNH/WMUR,2012-01-25,2012-02-02,Likely Voters,495,Live Phone,Nonpartisan,None,278,2012_12833_new-hampshire
2012-nevada-president-romney-vs-obama,2012,nevada,51,47,1,NA,16645,PPP (D),2012-11-03,2012-11-04,Likely Voters,750,Automated Phone,Pollster,Dem,2,2012_16645_nevada
2012-nevada-president-romney-vs-obama,2012,nevada,49,45,3,2,16592,YouGov,2012-10-31,2012-11-03,Likely Voters,732,Internet,Nonpartisan,None,3,2012_16592_nevada
2012-nevada-president-romney-vs-obama,2012,nevada,50,44,4,NA,16493,Mellman (D-Americans United for Change),2012-10-29,2012-10-31,Likely Voters,600,Live Phone,Sponsor,Dem,6,2012_16493_nevada
2012-nevada-president-romney-vs-obama,2012,nevada,50,46,2,2,16409,SurveyUSA,2012-10-23,2012-10-29,Likely Voters,1212,Mixed,Nonpartisan,None,8,2012_16409_nevada
2012-nevada-president-romney-vs-obama,2012,nevada,49,43,NA,NA,16308,Grove Insight (D-Project New America/USAction),2012-10-27,2012-10-28,Likely Voters,500,Live Phone,Pollster,Dem,9,2012_16308_nevada
2012-nevada-president-romney-vs-obama,2012,nevada,50,49,2,NA,16183,Gravis Marketing,2012-10-24,2012-10-24,Likely Voters,955,Automated Phone,Nonpartisan,None,13,2012_16183_nevada
2012-nevada-president-romney-vs-obama,2012,nevada,50,47,2,1,16174,NBC/WSJ/Marist,2012-10-23,2012-10-24,Likely Voters,1042,Live Phone,Nonpartisan,None,13,2012_16174_nevada
2012-nevada-president-romney-vs-obama,2012,nevada,51,47,2,NA,16123,PPP (D),2012-10-22,2012-10-24,Likely Voters,636,Automated Phone,Pollster,Dem,13,2012_16123_nevada
2012-nevada-president-romney-vs-obama,2012,nevada,50,48,1,1,16111,Rasmussen,2012-10-23,2012-10-23,Likely Voters,500,Automated Phone,Nonpartisan,None,14,2012_16111_nevada
2012-nevada-president-romney-vs-obama,2012,nevada,49,47,3,1,16069,ARG,2012-10-19,2012-10-22,Likely Voters,600,Live Phone,Nonpartisan,None,15,2012_16069_nevada
2012-nevada-president-romney-vs-obama,2012,nevada,51,43,NA,NA,15958,Mellman (D-Americans United for Change),2012-10-15,2012-10-17,Likely Voters,600,Live Phone,Sponsor,Dem,20,2012_15958_nevada
2012-nevada-president-romney-vs-obama,2012,nevada,50,43,4,4,15911,Grove Insight (D-Project New America),2012-10-15,2012-10-16,Likely Voters,500,Live Phone,Pollster,Dem,21,2012_15911_nevada
2012-nevada-president-romney-vs-obama,2012,nevada,50,47,1,2,15879,Rasmussen,2012-10-15,2012-10-15,Likely Voters,500,Automated Phone,Nonpartisan,None,22,2012_15879_nevada
2012-nevada-president-romney-vs-obama,2012,nevada,48,45,3,3,15874,SurveyUSA,2012-10-11,2012-10-15,Likely Voters,806,Mixed,Nonpartisan,None,22,2012_15874_nevada
2012-nevada-president-romney-vs-obama,2012,nevada,50,45,3,1,15853,YouGov,2012-10-04,2012-10-11,Likely Voters,358,Internet,Nonpartisan,None,26,2012_15853_nevada
2012-nevada-president-romney-vs-obama,2012,nevada,51,47,2,NA,15676,PPP (D),2012-10-08,2012-10-10,Likely Voters,594,Automated Phone,Pollster,Dem,27,2012_15676_nevada
2012-nevada-president-romney-vs-obama,2012,nevada,47,45,6,2,15687,Suffolk/KSNV,2012-10-06,2012-10-09,Likely Voters,500,Live Phone,Nonpartisan,None,28,2012_15687_nevada
2012-nevada-president-romney-vs-obama,2012,nevada,47,47,3,3,15631,Rasmussen,2012-10-08,2012-10-08,Likely Voters,500,Automated Phone,Nonpartisan,None,29,2012_15631_nevada
2012-nevada-president-romney-vs-obama,2012,nevada,47,46,4,3,15648,SurveyUSA,2012-10-03,2012-10-08,Likely Voters,1222,Mixed,Nonpartisan,None,29,2012_15648_nevada
2012-nevada-president-romney-vs-obama,2012,nevada,49,48,3,NA,15554,Gravis Marketing,2012-10-03,2012-10-03,Likely Voters,1006,Automated Phone,Nonpartisan,None,34,2012_15554_nevada
2012-nevada-president-romney-vs-obama,2012,nevada,53,42,3,2,15453,We Ask America,2012-09-25,2012-09-27,Likely Voters,1078,Automated Phone,Nonpartisan,None,40,2012_15453_nevada
2012-nevada-president-romney-vs-obama,2012,nevada,49,47,3,1,15371,NBC/WSJ/Marist,2012-09-23,2012-09-25,Likely Voters,984,Live Phone,Nonpartisan,None,42,2012_15371_nevada
2012-nevada-president-romney-vs-obama,2012,nevada,51,44,4,1,15272,ARG,2012-09-20,2012-09-23,Likely Voters,600,Live Phone,Nonpartisan,None,44,2012_15272_nevada
2012-nevada-president-romney-vs-obama,2012,nevada,46,46,2,5,15302,POS (R),2012-09-19,2012-09-20,Likely Voters,500,Live Phone,Pollster,Rep,47,2012_15302_nevada
2012-nevada-president-romney-vs-obama,2012,nevada,52,43,5,NA,15301,PPP (D-League of Conservation Voters),2012-09-18,2012-09-20,Likely Voters,501,Automated Phone,Sponsor,Dem,47,2012_15301_nevada
2012-nevada-president-romney-vs-obama,2012,nevada,47,45,3,4,15175,Rasmussen,2012-09-18,2012-09-18,Likely Voters,500,Automated Phone,Nonpartisan,None,49,2012_15175_nevada
2012-nevada-president-romney-vs-obama,2012,nevada,49,46,4,1,15182,CNN,2012-09-14,2012-09-18,Likely Voters,741,Live Phone,Nonpartisan,None,49,2012_15182_nevada
2012-nevada-president-romney-vs-obama,2012,nevada,51,44,3,2,15155,YouGov,2012-09-07,2012-09-14,Likely Voters,541,Internet,Nonpartisan,None,53,2012_15155_nevada
2012-nevada-president-romney-vs-obama,2012,nevada,50,47,4,NA,14828,PPP (D),2012-08-23,2012-08-26,Likely Voters,831,Automated Phone,Pollster,Dem,72,2012_14828_nevada
2012-nevada-president-romney-vs-obama,2012,nevada,47,45,4,5,14725,SurveyUSA,2012-08-16,2012-08-21,Likely Voters,869,IVR/Online,Nonpartisan,None,77,2012_14725_nevada
2012-nevada-president-romney-vs-obama,2012,nevada,50,45,4,1,14462,Rasmussen,2012-07-24,2012-07-24,Likely Voters,500,Automated Phone,Nonpartisan,None,105,2012_14462_nevada
2012-nevada-president-romney-vs-obama,2012,nevada,49,43,6,2,14387,We Ask America,2012-07-17,2012-07-18,Likely Voters,1092,Automated Phone,Nonpartisan,None,111,2012_14387_nevada
2012-nevada-president-romney-vs-obama,2012,nevada,50,46,4,NA,14389,Magellan (R),2012-07-16,2012-07-17,Registered Voters,665,Mixed,Pollster,Rep,112,2012_14389_nevada
2012-nevada-president-romney-vs-obama,2012,nevada,48,42,10,NA,14087,PPP (D),2012-06-07,2012-06-10,Likely Voters,500,Automated Phone,Pollster,Dem,149,2012_14087_nevada
2012-nevada-president-romney-vs-obama,2012,nevada,48,46,5,1,13961,NBC/Marist,2012-05-22,2012-05-24,Registered Voters,1040,Live Phone,Nonpartisan,None,166,2012_13961_nevada
2012-nevada-president-romney-vs-obama,2012,nevada,52,44,2,2,13659,Rasmussen,2012-04-30,2012-04-30,Likely Voters,500,Automated Phone,Nonpartisan,None,190,2012_13659_nevada
2012-nevada-president-romney-vs-obama,2012,nevada,51,43,6,NA,13430,PPP (D),2012-03-29,2012-04-01,Registered Voters,553,Automated Phone,Pollster,Dem,219,2012_13430_nevada
2012-nevada-president-romney-vs-obama,2012,nevada,50,44,2,3,13272,Rasmussen,2012-03-19,2012-03-19,Likely Voters,500,Automated Phone,Nonpartisan,None,232,2012_13272_nevada
2012-missouri-president-romney-vs-obama,2012,missouri,45,53,2,NA,16550,PPP (D),2012-11-02,2012-11-03,Likely Voters,835,Automated Phone,Pollster,Dem,3,2012_16550_missouri
2012-missouri-president-romney-vs-obama,2012,missouri,42,53,3,NA,16593,YouGov,2012-10-31,2012-11-03,Likely Voters,779,Internet,Nonpartisan,None,3,2012_16593_missouri
2012-missouri-president-romney-vs-obama,2012,missouri,43,50,3,NA,16615,SurveyUSA,2012-10-28,2012-11-03,Likely Voters,589,IVR/Online,Nonpartisan,None,3,2012_16615_missouri
2012-missouri-president-romney-vs-obama,2012,missouri,42,54,NA,NA,16395,We Ask America,2012-10-30,2012-10-30,Likely Voters,1217,Automated Phone,Nonpartisan,None,7,2012_16395_missouri
2012-missouri-president-romney-vs-obama,2012,missouri,41,54,4,NA,16218,Mason-Dixon,2012-10-23,2012-10-25,Likely Voters,625,Live Phone,Nonpartisan,None,12,2012_16218_missouri
2012-missouri-president-romney-vs-obama,2012,missouri,46,52,2,NA,16009,PPP (D),2012-10-19,2012-10-21,Likely Voters,582,Automated Phone,Pollster,Dem,16,2012_16009_missouri
2012-missouri-president-romney-vs-obama,2012,missouri,43,54,3,NA,15947,Rasmussen,2012-10-17,2012-10-17,Likely Voters,500,Automated Phone,Nonpartisan,None,20,2012_15947_missouri
2012-missouri-president-romney-vs-obama,2012,missouri,41,55,4,NA,15813,Wenzel Strategies (R),2012-10-12,2012-10-13,Likely Voters,1000,Live Phone,Pollster,Rep,24,2012_15813_missouri
2012-missouri-president-romney-vs-obama,2012,missouri,42,52,4,NA,15864,YouGov,2012-10-04,2012-10-11,Likely Voters,546,Internet,Nonpartisan,None,26,2012_15864_missouri
2012-missouri-president-romney-vs-obama,2012,missouri,45,51,4,NA,15497,PPP (D),2012-10-01,2012-10-03,Likely Voters,700,Automated Phone,Pollster,Dem,34,2012_15497_missouri
2012-missouri-president-romney-vs-obama,2012,missouri,46,49,3,NA,15514,Rasmussen,2012-10-02,2012-10-02,Likely Voters,500,Automated Phone,Nonpartisan,None,35,2012_15514_missouri
2012-missouri-president-romney-vs-obama,2012,missouri,40,50,NA,NA,15546,Wenzel Strategies (R-Akin),2012-09-30,2012-10-01,Likely Voters,675,Live Phone,Sponsor,Rep,36,2012_15546_missouri
2012-missouri-president-romney-vs-obama,2012,missouri,45,48,6,NA,15455,We Ask America,2012-09-25,2012-09-27,Likely Voters,1145,Automated Phone,Nonpartisan,None,40,2012_15455_missouri
2012-missouri-president-romney-vs-obama,2012,missouri,44,50,6,NA,15341,Chilenski Strategies/Missouri Scout,2012-09-20,2012-09-20,Likely Voters,817,Automated Phone,Nonpartisan,None,47,2012_15341_missouri
2012-missouri-president-romney-vs-obama,2012,missouri,43,50,4,NA,15225,YouGov,2012-09-07,2012-09-14,Likely Voters,734,Internet,Nonpartisan,None,53,2012_15225_missouri
2012-missouri-president-romney-vs-obama,2012,missouri,45,48,3,NA,14997,Rasmussen,2012-09-11,2012-09-11,Likely Voters,500,Automated Phone,Nonpartisan,None,56,2012_14997_missouri
2012-missouri-president-romney-vs-obama,2012,missouri,38,57,5,NA,15007,Wenzel Strategies (R-Citizens United),2012-09-10,2012-09-11,Likely Voters,850,Live Phone,Sponsor,Rep,56,2012_15007_missouri
2012-missouri-president-romney-vs-obama,2012,missouri,41,53,6,NA,14838,PPP (D),2012-08-28,2012-08-29,Likely Voters,621,Automated Phone,Pollster,Dem,69,2012_14838_missouri
2012-missouri-president-romney-vs-obama,2012,missouri,36,53,7,NA,14836,Gravis Marketing,2012-08-23,2012-08-23,Likely Voters,1057,Automated Phone,Nonpartisan,None,75,2012_14836_missouri
2012-missouri-president-romney-vs-obama,2012,missouri,43,50,NA,NA,14770,Mason-Dixon,2012-08-22,2012-08-23,Likely Voters,625,Live Phone,Nonpartisan,None,75,2012_14770_missouri
2012-missouri-president-romney-vs-obama,2012,missouri,47,46,3,NA,14759,Rasmussen,2012-08-22,2012-08-22,Likely Voters,500,Automated Phone,Nonpartisan,None,76,2012_14759_missouri
2012-missouri-president-romney-vs-obama,2012,missouri,42,52,7,NA,14749,PPP (D),2012-08-20,2012-08-20,Likely Voters,500,Automated Phone,Pollster,Dem,78,2012_14749_missouri
2012-missouri-president-romney-vs-obama,2012,missouri,44,45,5,NA,14630,SurveyUSA,2012-08-09,2012-08-12,Likely Voters,585,IVR/Online,Nonpartisan,None,86,2012_14630_missouri
2012-missouri-president-romney-vs-obama,2012,missouri,47,48,5,NA,14646,Chilenski Strategies/Missouri Scout,2012-08-08,2012-08-08,Likely Voters,663,Automated Phone,Nonpartisan,None,90,2012_14646_missouri
2012-missouri-president-romney-vs-obama,2012,missouri,44,50,3,NA,14510,Rasmussen,2012-07-30,2012-07-30,Likely Voters,500,Automated Phone,Nonpartisan,None,99,2012_14510_missouri
2012-missouri-president-romney-vs-obama,2012,missouri,42,51,5,NA,14495,Mason-Dixon,2012-07-23,2012-07-25,Likely Voters,625,Live Phone,Nonpartisan,None,104,2012_14495_missouri
2012-missouri-president-romney-vs-obama,2012,missouri,40,49,9,NA,14457,We Ask America,2012-07-24,2012-07-24,Likely Voters,1172,Automated Phone,Nonpartisan,None,105,2012_14457_missouri
2012-missouri-president-romney-vs-obama,2012,missouri,42,49,3,NA,14044,Rasmussen,2012-06-07,2012-06-07,Likely Voters,500,Automated Phone,Nonpartisan,None,152,2012_14044_missouri
2012-missouri-president-romney-vs-obama,2012,missouri,45,44,11,NA,13958,PPP (D),2012-05-24,2012-05-27,Registered Voters,602,Automated Phone,Pollster,Dem,163,2012_13958_missouri
2012-missouri-president-romney-vs-obama,2012,missouri,45,48,4,NA,13574,Rasmussen,2012-04-17,2012-04-17,Likely Voters,500,Automated Phone,Nonpartisan,None,203,2012_13574_missouri
2012-missouri-president-romney-vs-obama,2012,missouri,41,50,2,NA,13249,Rasmussen,2012-03-14,2012-03-15,Likely Voters,500,Automated Phone,Nonpartisan,None,236,2012_13249_missouri
2012-missouri-president-romney-vs-obama,2012,missouri,45,45,9,NA,12708,PPP (D),2012-01-27,2012-01-29,Likely Voters,582,Automated Phone,Pollster,Dem,282,2012_12708_missouri
2012-minnesota-president-romney-vs-obama,2012,minnesota,53,45,2,NA,16533,PPP (D),2012-11-02,2012-11-03,Likely Voters,1164,Automated Phone,Pollster,Dem,3,2012_16533_minnesota
2012-minnesota-president-romney-vs-obama,2012,minnesota,52,41,4,3,16611,SurveyUSA,2012-11-01,2012-11-03,Likely Voters,556,IVR/Online,Nonpartisan,None,3,2012_16611_minnesota
2012-minnesota-president-romney-vs-obama,2012,minnesota,50,43,4,2,16584,YouGov,2012-10-31,2012-11-03,Likely Voters,790,Internet,Nonpartisan,None,3,2012_16584_minnesota
2012-minnesota-president-romney-vs-obama,2012,minnesota,53,44,3,NA,16470,PPP (D-LCV),2012-10-31,2012-11-01,Likely Voters,772,Automated Phone,Sponsor,Dem,5,2012_16470_minnesota
2012-minnesota-president-romney-vs-obama,2012,minnesota,45,46,NA,NA,16534,NMB (R-American Future Fund),2012-10-30,2012-10-31,Likely Voters,500,Live Phone,Sponsor,Rep,6,2012_16534_minnesota
2012-minnesota-president-romney-vs-obama,2012,minnesota,50,43,3,4,16410,SurveyUSA,2012-10-26,2012-10-28,Likely Voters,574,IVR/Online,Nonpartisan,None,9,2012_16410_minnesota
2012-minnesota-president-romney-vs-obama,2012,minnesota,47,44,7,2,16231,The Star Tribune Minnesota Poll/Mason-Dixon,2012-10-23,2012-10-25,Likely Voters,800,Live Phone,Nonpartisan,None,12,2012_16231_minnesota
2012-minnesota-president-romney-vs-obama,2012,minnesota,51,46,1,1,16073,Rasmussen,2012-10-21,2012-10-21,Likely Voters,500,Automated Phone,Nonpartisan,None,16,2012_16073_minnesota
2012-minnesota-president-romney-vs-obama,2012,minnesota,53,45,2,NA,16227,St. Cloud St,2012-10-15,2012-10-21,Likely Voters,601,Live Phone,Nonpartisan,None,16,2012_16227_minnesota
2012-minnesota-president-romney-vs-obama,2012,minnesota,50,40,6,4,15919,SurveyUSA,2012-10-12,2012-10-14,Likely Voters,550,IVR/Online,Nonpartisan,None,23,2012_15919_minnesota
2012-minnesota-president-romney-vs-obama,2012,minnesota,52,44,3,1,15860,YouGov,2012-10-04,2012-10-11,Likely Voters,683,Internet,Nonpartisan,None,26,2012_15860_minnesota
2012-minnesota-president-romney-vs-obama,2012,minnesota,47,43,NA,NA,15786,NMB (R-American Future Fund),2012-10-07,2012-10-08,Likely Voters,500,Live Phone,Sponsor,Rep,29,2012_15786_minnesota
2012-minnesota-president-romney-vs-obama,2012,minnesota,53,43,4,NA,15632,PPP (D),2012-10-05,2012-10-08,Likely Voters,937,Automated Phone,Pollster,Dem,29,2012_15632_minnesota
2012-minnesota-president-romney-vs-obama,2012,minnesota,48,40,7,5,15262,The Star Tribune Minnesota Poll/Mason-Dixon,2012-09-17,2012-09-19,Likely Voters,800,Live Phone,Nonpartisan,None,48,2012_15262_minnesota
2012-minnesota-president-romney-vs-obama,2012,minnesota,50,42,4,4,15191,YouGov,2012-09-07,2012-09-14,Likely Voters,816,Internet,Nonpartisan,None,53,2012_15191_minnesota
2012-minnesota-president-romney-vs-obama,2012,minnesota,51,44,5,NA,15015,PPP (D),2012-09-10,2012-09-11,Likely Voters,824,Automated Phone,Pollster,Dem,56,2012_15015_minnesota
2012-minnesota-president-romney-vs-obama,2012,minnesota,50,40,5,5,14966,SurveyUSA,2012-09-06,2012-09-09,Likely Voters,551,IVR/Online,Nonpartisan,None,58,2012_14966_minnesota
2012-minnesota-president-romney-vs-obama,2012,minnesota,46,40,7,7,14418,SurveyUSA,2012-07-17,2012-07-19,Likely Voters,552,IVR/Online,Nonpartisan,None,110,2012_14418_minnesota
2012-minnesota-president-romney-vs-obama,2012,minnesota,54,39,7,NA,14033,PPP (D),2012-05-31,2012-06-03,Registered Voters,973,Automated Phone,Pollster,Dem,156,2012_14033_minnesota
2012-minnesota-president-romney-vs-obama,2012,minnesota,52,38,10,NA,13783,SurveyUSA,2012-05-09,2012-05-10,Registered Voters,516,IVR/Online,Nonpartisan,None,180,2012_13783_minnesota
2012-minnesota-president-romney-vs-obama,2012,minnesota,49,36,15,NA,13143,SurveyUSA,2012-01-31,2012-02-02,Registered Voters,542,IVR/Online,Nonpartisan,None,278,2012_13143_minnesota
2012-minnesota-president-romney-vs-obama,2012,minnesota,51,41,8,NA,12641,PPP (D),2012-01-21,2012-01-22,Likely Voters,1236,Automated Phone,Pollster,Dem,289,2012_12641_minnesota
2012-michigan-president-romney-vs-obama,2012,michigan,51,46,1,2,16684,Mitchell Research,2012-11-04,2012-11-04,Likely Voters,1305,Automated Phone,Pollster,Rep,2,2012_16684_michigan
2012-michigan-president-romney-vs-obama,2012,michigan,52,47,NA,NA,16622,Angus-Reid,2012-11-01,2012-11-03,Likely Voters,502,Internet,Nonpartisan,None,3,2012_16622_michigan
2012-michigan-president-romney-vs-obama,2012,michigan,52,46,1,NA,16502,PPP (D),2012-11-01,2012-11-03,Likely Voters,700,Automated Phone,Pollster,Dem,3,2012_16502_michigan
2012-michigan-president-romney-vs-obama,2012,michigan,51,44,3,3,16580,YouGov,2012-10-31,2012-11-03,Likely Voters,1091,Internet,Nonpartisan,None,3,2012_16580_michigan
2012-michigan-president-romney-vs-obama,2012,michigan,46,47,2,5,16547,FMWB (D),2012-11-02,2012-11-02,Likely Voters,1913,Automated Phone,Pollster,Dem,4,2012_16547_michigan
2012-michigan-president-romney-vs-obama,2012,michigan,52,47,1,1,16468,Rasmussen,2012-11-01,2012-11-01,Likely Voters,750,Automated Phone,Nonpartisan,None,5,2012_16468_michigan
2012-michigan-president-romney-vs-obama,2012,michigan,52,46,2,NA,16472,PPP (D-LCV),2012-10-31,2012-11-01,Likely Voters,500,Automated Phone,Sponsor,Dem,5,2012_16472_michigan
2012-michigan-president-romney-vs-obama,2012,michigan,48,41,9,2,16461,Grove Insight (D-Project New America/USAction),2012-10-31,2012-11-01,Likely Voters,500,Live Phone,Pollster,Dem,5,2012_16461_michigan
2012-michigan-president-romney-vs-obama,2012,michigan,53,45,3,NA,16390,PPP (D-Health Care for America Now),2012-10-30,2012-10-31,Likely Voters,500,Automated Phone,Sponsor,Dem,6,2012_16390_michigan
2012-michigan-president-romney-vs-obama,2012,michigan,48,45,6,1,16358,Glengariff Group,2012-10-27,2012-10-29,Likely Voters,600,Live Phone,Nonpartisan,None,8,2012_16358_michigan
2012-michigan-president-romney-vs-obama,2012,michigan,48,42,6,4,16412,EPIC-MRA,2012-10-26,2012-10-29,Likely Voters,600,Automated Phone,Nonpartisan,None,8,2012_16412_michigan
2012-michigan-president-romney-vs-obama,2012,michigan,47,47,4,2,16167,FMWB (D),2012-10-23,2012-10-23,Likely Voters,1122,Automated Phone,Pollster,Dem,14,2012_16167_michigan
2012-michigan-president-romney-vs-obama,2012,michigan,52,43,NA,5,16007,Angus-Reid,2012-10-18,2012-10-20,Likely Voters,513,Internet,Nonpartisan,None,17,2012_16007_michigan
2012-michigan-president-romney-vs-obama,2012,michigan,52,46,2,NA,15934,EPIC-MRA,2012-10-17,2012-10-17,Likely Voters,800,Automated Phone,Nonpartisan,None,20,2012_15934_michigan
2012-michigan-president-romney-vs-obama,2012,michigan,52,45,1,1,15751,Rasmussen,2012-10-11,2012-10-11,Likely Voters,500,Automated Phone,Nonpartisan,None,26,2012_15751_michigan
2012-michigan-president-romney-vs-obama,2012,michigan,52,42,4,1,15857,YouGov,2012-10-04,2012-10-11,Likely Voters,895,Internet,Nonpartisan,None,26,2012_15857_michigan
2012-michigan-president-romney-vs-obama,2012,michigan,44,41,13,NA,15929,"Denno/ Lambert, Edwards & Associates",2012-10-09,2012-10-10,Likely Voters,600,Live Phone,Pollster,Dem,27,2012_15929_michigan
2012-michigan-president-romney-vs-obama,2012,michigan,49,42,8,NA,15690,Glengariff Group,2012-10-06,2012-10-08,Likely Voters,600,Live Phone,Nonpartisan,None,29,2012_15690_michigan
2012-michigan-president-romney-vs-obama,2012,michigan,46,44,10,NA,15688,Gravis Marketing,2012-10-05,2012-10-08,Likely Voters,1122,Automated Phone,Nonpartisan,None,29,2012_15688_michigan
2012-michigan-president-romney-vs-obama,2012,michigan,48,45,7,NA,15605,EPIC-MRA,2012-10-04,2012-10-06,Likely Voters,600,Automated Phone,Nonpartisan,None,31,2012_15605_michigan
2012-michigan-president-romney-vs-obama,2012,michigan,49,46,3,2,15606,FMWB (D),2012-10-05,2012-10-05,Likely Voters,1122,Automated Phone,Pollster,Dem,32,2012_15606_michigan
2012-michigan-president-romney-vs-obama,2012,michigan,52,40,7,1,15421,We Ask America,2012-09-25,2012-09-27,Likely Voters,1064,Automated Phone,Nonpartisan,None,40,2012_15421_michigan
2012-michigan-president-romney-vs-obama,2012,michigan,50,46,4,NA,15377,Gravis Marketing,2012-09-21,2012-09-22,Likely Voters,804,Automated Phone,Nonpartisan,None,45,2012_15377_michigan
2012-michigan-president-romney-vs-obama,2012,michigan,54,42,3,1,15267,Rasmussen,2012-09-20,2012-09-20,Likely Voters,500,Automated Phone,Nonpartisan,None,47,2012_15267_michigan
2012-michigan-president-romney-vs-obama,2012,michigan,51,42,7,NA,15396,PPP (D)/NRDC,2012-09-17,2012-09-19,Likely Voters,2386,Automated Phone,Pollster,Dem,48,2012_15396_michigan
2012-michigan-president-romney-vs-obama,2012,michigan,52,44,3,1,15143,CNN,2012-09-14,2012-09-18,Likely Voters,754,Live Phone,Nonpartisan,None,49,2012_15143_michigan
2012-michigan-president-romney-vs-obama,2012,michigan,52,38,9,NA,15166,Glengariff Group,2012-09-15,2012-09-17,Likely Voters,600,Live Phone,Nonpartisan,None,50,2012_15166_michigan
2012-michigan-president-romney-vs-obama,2012,michigan,48,42,8,NA,15098,Marketing Resource Group (R),2012-09-10,2012-09-14,Likely Voters,600,Live Phone,Pollster,Rep,53,2012_15098_michigan
2012-michigan-president-romney-vs-obama,2012,michigan,51,42,4,3,15178,YouGov,2012-09-07,2012-09-14,Likely Voters,1114,Internet,Nonpartisan,None,53,2012_15178_michigan
2012-michigan-president-romney-vs-obama,2012,michigan,45,44,5,5,15058,FMWB (D),2012-09-12,2012-09-12,Likely Voters,1156,Automated Phone,Pollster,Dem,55,2012_15058_michigan
2012-michigan-president-romney-vs-obama,2012,michigan,47,37,NA,NA,14992,EPIC-MRA,2012-09-08,2012-09-11,Likely Voters,600,Automated Phone,Nonpartisan,None,56,2012_14992_michigan
2012-michigan-president-romney-vs-obama,2012,michigan,51,44,5,NA,14871,PPP (D),2012-08-31,2012-09-02,Likely Voters,815,Automated Phone,Pollster,Dem,65,2012_14871_michigan
2012-michigan-president-romney-vs-obama,2012,michigan,49,46,5,NA,14848,EPIC-MRA,2012-08-28,2012-08-28,Likely Voters,1200,Automated Phone,Nonpartisan,None,70,2012_14848_michigan
2012-michigan-president-romney-vs-obama,2012,michigan,47,47,3,3,14783,Mitchell Research,2012-08-23,2012-08-23,Likely Voters,1277,Automated Phone,Pollster,Rep,75,2012_14783_michigan
2012-michigan-president-romney-vs-obama,2012,michigan,48,42,11,NA,14746,Glengariff Group,2012-08-18,2012-08-20,Likely Voters,600,Live Phone,Nonpartisan,None,78,2012_14746_michigan
2012-michigan-president-romney-vs-obama,2012,michigan,44,48,4,4,14716,FMWB (D),2012-08-16,2012-08-16,Likely Voters,1733,Automated Phone,Nonpartisan,None,82,2012_14716_michigan
2012-michigan-president-romney-vs-obama,2012,michigan,49,44,4,NA,14682,Mitchell Research,2012-08-13,2012-08-13,Likely Voters,1079,Automated Phone,Pollster,Rep,85,2012_14682_michigan
2012-michigan-president-romney-vs-obama,2012,michigan,48,42,NA,NA,14522,EPIC-MRA,2012-07-24,2012-07-31,Likely Voters,600,Live Phone,Nonpartisan,None,98,2012_14522_michigan
2012-michigan-president-romney-vs-obama,2012,michigan,44,45,NA,NA,14441,Mitchell Research,2012-07-23,2012-07-23,Likely Voters,825,Automated Phone,Pollster,Rep,106,2012_14441_michigan
2012-michigan-president-romney-vs-obama,2012,michigan,48,42,4,5,14431,Rasmussen,2012-07-23,2012-07-23,Likely Voters,500,Automated Phone,Nonpartisan,None,106,2012_14431_michigan
2012-michigan-president-romney-vs-obama,2012,michigan,53,39,8,NA,14443,PPP (D),2012-07-21,2012-07-23,Likely Voters,579,Automated Phone,Pollster,Dem,106,2012_14443_michigan
2012-michigan-president-romney-vs-obama,2012,michigan,47,43,10,1,14204,NBC/Marist,2012-06-24,2012-06-25,Registered Voters,1078,Live Phone,Nonpartisan,None,134,2012_14204_michigan
2012-michigan-president-romney-vs-obama,2012,michigan,47,46,NA,NA,14142,Mitchell Research,2012-06-18,2012-06-18,Likely Voters,750,Automated Phone,Pollster,Rep,141,2012_14142_michigan
2012-michigan-president-romney-vs-obama,2012,michigan,43,45,12,NA,14131,We Ask America,2012-06-18,2012-06-18,Likely Voters,1010,Automated Phone,Nonpartisan,None,141,2012_14131_michigan
2012-michigan-president-romney-vs-obama,2012,michigan,50,42,4,4,14097,Rasmussen,2012-06-14,2012-06-14,Likely Voters,500,Automated Phone,Nonpartisan,None,145,2012_14097_michigan
2012-michigan-president-romney-vs-obama,2012,michigan,47,45,4,4,14092,FMWB (D),2012-06-12,2012-06-12,Likely Voters,1783,Automated Phone,Pollster,Dem,147,2012_14092_michigan
2012-michigan-president-romney-vs-obama,2012,michigan,45,46,9,NA,14031,EPIC-MRA,2012-06-02,2012-06-05,Likely Voters,600,Live Phone,Nonpartisan,None,154,2012_14031_michigan
2012-michigan-president-romney-vs-obama,2012,michigan,53,39,8,NA,13929,PPP (D),2012-05-24,2012-05-27,Registered Voters,500,Automated Phone,Pollster,Dem,163,2012_13929_michigan
2012-michigan-president-romney-vs-obama,2012,michigan,45,40,15,NA,13780,Glengariff Group,2012-05-10,2012-05-11,Likely Voters,600,Live Phone,Nonpartisan,None,179,2012_13780_michigan
2012-michigan-president-romney-vs-obama,2012,michigan,47,43,10,NA,13486,EPIC-MRA,2012-03-31,2012-04-03,Likely Voters,600,Live Phone,Nonpartisan,None,217,2012_13486_michigan
2012-michigan-president-romney-vs-obama,2012,michigan,49,42,9,NA,13423,Marketing Resource Group (R),2012-03-14,2012-03-19,Likely Voters,600,Live Phone,Pollster,Rep,232,2012_13423_michigan
2012-michigan-president-romney-vs-obama,2012,michigan,51,33,15,NA,12991,NBC/Marist,2012-02-19,2012-02-20,Registered Voters,3149,Live Phone,Nonpartisan,None,260,2012_12991_michigan
2012-michigan-president-romney-vs-obama,2012,michigan,54,38,8,NA,12849,PPP (D),2012-02-10,2012-02-12,Registered Voters,560,Automated Phone,Pollster,Dem,268,2012_12849_michigan
2012-michigan-president-romney-vs-obama,2012,michigan,48,40,12,NA,12648,EPIC-MRA,2012-01-21,2012-01-25,Likely Voters,600,Live Phone,Nonpartisan,None,286,2012_12648_michigan
2012-iowa-president-romney-vs-obama,2012,iowa,50,48,2,NA,16599,PPP (D),2012-11-03,2012-11-04,Likely Voters,1122,Automated Phone,Pollster,Dem,2,2012_16599_iowa
2012-iowa-president-romney-vs-obama,2012,iowa,48,49,2,1,16637,ARG,2012-11-02,2012-11-04,Likely Voters,600,Live Phone,Nonpartisan,None,2,2012_16637_iowa
2012-iowa-president-romney-vs-obama,2012,iowa,48,47,3,2,16582,YouGov,2012-10-31,2012-11-03,Likely Voters,1040,Internet,Nonpartisan,None,3,2012_16582_iowa
2012-iowa-president-romney-vs-obama,2012,iowa,47,42,NA,NA,16527,Des Moines Register/Selzer,2012-10-30,2012-11-02,Likely Voters,800,Live Phone,Nonpartisan,None,4,2012_16527_iowa
2012-iowa-president-romney-vs-obama,2012,iowa,49,45,6,NA,16456,Gravis Marketing,2012-11-01,2012-11-01,Likely Voters,594,Automated Phone,Nonpartisan,None,5,2012_16456_iowa
2012-iowa-president-romney-vs-obama,2012,iowa,46,44,10,NA,16494,Mellman (D-Americans United for Change),2012-10-30,2012-11-01,Likely Voters,600,Live Phone,Sponsor,Dem,5,2012_16494_iowa
2012-iowa-president-romney-vs-obama,2012,iowa,48,49,1,2,16427,Rasmussen,2012-10-30,2012-10-30,Likely Voters,750,Automated Phone,Nonpartisan,None,7,2012_16427_iowa
2012-iowa-president-romney-vs-obama,2012,iowa,49,47,NA,4,16394,We Ask America,2012-10-30,2012-10-30,Likely Voters,1174,Automated Phone,Nonpartisan,None,7,2012_16394_iowa
2012-iowa-president-romney-vs-obama,2012,iowa,50,45,4,NA,16353,PPP (D-Health Care for America Now),2012-10-29,2012-10-30,Likely Voters,676,Automated Phone,Sponsor,Dem,7,2012_16353_iowa
2012-iowa-president-romney-vs-obama,2012,iowa,50,44,4,2,16396,NBC/WSJ/Marist,2012-10-28,2012-10-29,Likely Voters,1142,Live Phone,Nonpartisan,None,8,2012_16396_iowa
2012-iowa-president-romney-vs-obama,2012,iowa,44,45,6,4,16414,U of Iowa,2012-10-18,2012-10-27,Likely Voters,320,Live Phone,Nonpartisan,None,10,2012_16414_iowa
2012-iowa-president-romney-vs-obama,2012,iowa,50,46,4,NA,16180,Gravis Marketing,2012-10-24,2012-10-24,Likely Voters,517,Automated Phone,Nonpartisan,None,13,2012_16180_iowa
2012-iowa-president-romney-vs-obama,2012,iowa,49,47,4,NA,16158,PPP (D-Health Care for America Now),2012-10-23,2012-10-24,Likely Voters,690,Automated Phone,Sponsor,Dem,13,2012_16158_iowa
2012-iowa-president-romney-vs-obama,2012,iowa,48,48,2,1,16028,Rasmussen,2012-10-21,2012-10-21,Likely Voters,500,Automated Phone,Nonpartisan,None,16,2012_16028_iowa
2012-iowa-president-romney-vs-obama,2012,iowa,49,48,3,NA,16010,PPP (D-Health Care for America Now),2012-10-18,2012-10-19,Likely Voters,660,Automated Phone,Sponsor,Dem,18,2012_16010_iowa
2012-iowa-president-romney-vs-obama,2012,iowa,48,49,4,NA,15963,PPP (D),2012-10-17,2012-10-19,Likely Voters,869,Automated Phone,Pollster,Dem,18,2012_15963_iowa
2012-iowa-president-romney-vs-obama,2012,iowa,51,43,4,2,15939,NBC/WSJ/Marist,2012-10-15,2012-10-17,Likely Voters,1137,Live Phone,Nonpartisan,None,20,2012_15939_iowa
2012-iowa-president-romney-vs-obama,2012,iowa,49,46,4,1,15822,We Ask America,2012-10-15,2012-10-15,Likely Voters,1499,Automated Phone,Nonpartisan,None,22,2012_15822_iowa
2012-iowa-president-romney-vs-obama,2012,iowa,48,48,3,1,15783,ARG,2012-10-11,2012-10-14,Likely Voters,600,Live Phone,Nonpartisan,None,23,2012_15783_iowa
2012-iowa-president-romney-vs-obama,2012,iowa,50,46,3,1,15848,YouGov,2012-10-04,2012-10-11,Likely Voters,545,Internet,Nonpartisan,None,26,2012_15848_iowa
2012-iowa-president-romney-vs-obama,2012,iowa,49,47,2,1,15582,Rasmussen,2012-10-07,2012-10-07,Likely Voters,500,Automated Phone,Nonpartisan,None,30,2012_15582_iowa
2012-iowa-president-romney-vs-obama,2012,iowa,48,44,7,2,15422,We Ask America,2012-09-25,2012-09-27,Likely Voters,1273,Automated Phone,Nonpartisan,None,40,2012_15422_iowa
2012-iowa-president-romney-vs-obama,2012,iowa,51,44,5,NA,15338,PPP (D),2012-09-24,2012-09-26,Likely Voters,754,Automated Phone,Pollster,Dem,41,2012_15338_iowa
2012-iowa-president-romney-vs-obama,2012,iowa,49,45,2,4,15408,Des Moines Register/Selzer,2012-09-23,2012-09-26,Likely Voters,650,Live Phone,Nonpartisan,None,41,2012_15408_iowa
2012-iowa-president-romney-vs-obama,2012,iowa,46,47,7,NA,15380,Voter/Consumer Research (R-The Iowa Republican),2012-09-23,2012-09-25,Registered Voters,500,Live Phone,Sponsor,Rep,42,2012_15380_iowa
2012-iowa-president-romney-vs-obama,2012,iowa,51,44,4,1,15274,ARG,2012-09-20,2012-09-23,Likely Voters,600,Live Phone,Nonpartisan,None,44,2012_15274_iowa
2012-iowa-president-romney-vs-obama,2012,iowa,44,47,5,3,15176,Rasmussen,2012-09-19,2012-09-19,Likely Voters,500,Automated Phone,Nonpartisan,None,48,2012_15176_iowa
2012-iowa-president-romney-vs-obama,2012,iowa,50,42,7,1,15190,NBC/WSJ/Marist,2012-09-16,2012-09-18,Likely Voters,898,Live Phone,Nonpartisan,None,49,2012_15190_iowa
2012-iowa-president-romney-vs-obama,2012,iowa,48,43,5,3,15156,YouGov,2012-09-07,2012-09-14,Likely Voters,700,Internet,Nonpartisan,None,53,2012_15156_iowa
2012-iowa-president-romney-vs-obama,2012,iowa,47,45,8,NA,14816,PPP (D),2012-08-23,2012-08-26,Likely Voters,1244,Automated Phone,Pollster,Dem,72,2012_14816_iowa
2012-iowa-president-romney-vs-obama,2012,iowa,44,46,6,5,14616,Rasmussen,2012-08-08,2012-08-08,Likely Voters,500,Automated Phone,Nonpartisan,None,90,2012_14616_iowa
2012-iowa-president-romney-vs-obama,2012,iowa,48,43,9,NA,14368,PPP (D),2012-07-12,2012-07-15,Likely Voters,1131,Automated Phone,Pollster,Dem,114,2012_14368_iowa
2012-iowa-president-romney-vs-obama,2012,iowa,45,44,11,NA,14130,We Ask America,2012-06-18,2012-06-18,Likely Voters,1086,Automated Phone,Nonpartisan,None,141,2012_14130_iowa
2012-iowa-president-romney-vs-obama,2012,iowa,46,47,4,3,14074,Rasmussen,2012-06-11,2012-06-11,Likely Voters,500,Automated Phone,Nonpartisan,None,148,2012_14074_iowa
2012-iowa-president-romney-vs-obama,2012,iowa,44,44,10,2,13959,NBC/Marist,2012-05-22,2012-05-24,Registered Voters,1106,Live Phone,Nonpartisan,None,166,2012_13959_iowa
2012-iowa-president-romney-vs-obama,2012,iowa,51,41,8,NA,13712,PPP (D),2012-05-03,2012-05-06,Likely Voters,1181,Automated Phone,Pollster,Dem,184,2012_13712_iowa
2012-iowa-president-romney-vs-obama,2012,iowa,44,46,4,6,13140,Des Moines Register/Selzer,2012-02-12,2012-02-15,Likely Voters,611,Live Phone,Nonpartisan,None,265,2012_13140_iowa
2012-florida-president-romney-vs-obama,2012,florida,49,49,NA,NA,16659,Gravis Marketing,2012-11-04,2012-11-05,Likely Voters,1060,Automated Phone,Nonpartisan,None,1,2012_16659_florida
2012-florida-president-romney-vs-obama,2012,florida,48,48,5,NA,16671,JZ Analytics/Newsmax,2012-11-03,2012-11-05,Likely Voters,876,Internet,Sponsor,Rep,1,2012_16671_florida
2012-florida-president-romney-vs-obama,2012,florida,47,48,4,1,16666,Ipsos/Reuters (Web),2012-11-03,2012-11-05,Likely Voters,769,Internet,Nonpartisan,None,1,2012_16666_florida
2012-florida-president-romney-vs-obama,2012,florida,47,52,1,NA,16631,InsiderAdvantage/Florida Times-Union,2012-11-04,2012-11-04,Likely Voters,437,Automated Phone,Nonpartisan,None,2,2012_16631_florida
2012-florida-president-romney-vs-obama,2012,florida,50,49,1,NA,16612,PPP (D),2012-11-03,2012-11-04,Likely Voters,955,Automated Phone,Pollster,Dem,2,2012_16612_florida
2012-florida-president-romney-vs-obama,2012,florida,49,49,NA,2,16661,Angus-Reid,2012-11-01,2012-11-03,Likely Voters,502,Internet,Nonpartisan,None,3,2012_16661_florida
2012-florida-president-romney-vs-obama,2012,florida,47,48,2,3,16575,YouGov,2012-10-31,2012-11-03,Likely Voters,1621,Internet,Nonpartisan,None,3,2012_16575_florida
2012-florida-president-romney-vs-obama,2012,florida,48,46,4,2,16479,Ipsos/Reuters (Web),2012-10-31,2012-11-02,Likely Voters,985,Internet,Nonpartisan,None,4,2012_16479_florida
2012-florida-president-romney-vs-obama,2012,florida,47,45,3,NA,16644,Mellman (D-Americans United for Change),2012-10-30,2012-11-02,Likely Voters,800,Live Phone,Sponsor,Dem,4,2012_16644_florida
2012-florida-president-romney-vs-obama,2012,florida,49,47,2,1,16488,NBC/WSJ/Marist,2012-10-31,2012-11-01,Likely Voters,1545,Live Phone,Nonpartisan,None,5,2012_16488_florida
2012-florida-president-romney-vs-obama,2012,florida,45,51,NA,NA,16487,Mason-Dixon,2012-10-30,2012-11-01,Likely Voters,800,Live Phone,Nonpartisan,None,5,2012_16487_florida
2012-florida-president-romney-vs-obama,2012,florida,49,50,NA,1,16393,We Ask America,2012-10-30,2012-10-30,Likely Voters,1146,Automated Phone,Nonpartisan,None,7,2012_16393_florida
2012-florida-president-romney-vs-obama,2012,florida,47,50,4,NA,16378,Gravis Marketing,2012-10-30,2012-10-30,Likely Voters,549,Automated Phone,Nonpartisan,None,7,2012_16378_florida
2012-florida-president-romney-vs-obama,2012,florida,48,47,5,NA,16401,JZ Analytics/Newsmax,2012-10-28,2012-10-30,Likely Voters,825,Internet,Sponsor,Rep,7,2012_16401_florida
2012-florida-president-romney-vs-obama,2012,florida,48,50,1,1,16601,Pulse Opinion Research/Let Freedom Ring (R),2012-10-29,2012-10-29,Likely Voters,1000,Automated Phone,Sponsor,Rep,8,2012_16601_florida
2012-florida-president-romney-vs-obama,2012,florida,48,47,5,1,16433,Grove Insight (D-Project New America/USAction),2012-10-28,2012-10-29,Likely Voters,600,Live Phone,Sponsor,Dem,8,2012_16433_florida
2012-florida-president-romney-vs-obama,2012,florida,49,48,3,NA,16256,PPP (D),2012-10-26,2012-10-28,Likely Voters,687,Automated Phone,Pollster,Dem,9,2012_16256_florida
2012-florida-president-romney-vs-obama,2012,florida,49,50,1,NA,16281,CNN,2012-10-25,2012-10-28,Likely Voters,770,Live Phone,Nonpartisan,None,9,2012_16281_florida
2012-florida-president-romney-vs-obama,2012,florida,48,47,3,1,16350,Quinnipiac/NYT/CBS,2012-10-23,2012-10-28,Likely Voters,1073,Live Phone,Nonpartisan,None,9,2012_16350_florida
2012-florida-president-romney-vs-obama,2012,florida,47,47,5,1,16309,SurveyUSA,2012-10-25,2012-10-27,Likely Voters,595,IVR/Online,Nonpartisan,None,10,2012_16309_florida
2012-florida-president-romney-vs-obama,2012,florida,49,47,4,NA,16418,Mellman (D-Americans United for Change),2012-10-24,2012-10-27,Likely Voters,800,Live Phone,Sponsor,Dem,10,2012_16418_florida
2012-florida-president-romney-vs-obama,2012,florida,48,50,1,NA,16197,Rasmussen,2012-10-25,2012-10-25,Likely Voters,750,Automated Phone,Nonpartisan,None,12,2012_16197_florida
2012-florida-president-romney-vs-obama,2012,florida,49,50,2,NA,16138,Gravis Marketing,2012-10-24,2012-10-24,Likely Voters,1182,Automated Phone,Nonpartisan,None,13,2012_16138_florida
2012-florida-president-romney-vs-obama,2012,florida,47,45,7,2,16157,Grove Insight (D-Project New America/USAction),2012-10-23,2012-10-24,Likely Voters,600,Live Phone,Sponsor,Dem,13,2012_16157_florida
2012-florida-president-romney-vs-obama,2012,florida,46,51,2,1,16181,Sunshine State News/VSS,2012-10-22,2012-10-24,Likely Voters,1001,Automated Phone,Nonpartisan,None,13,2012_16181_florida
2012-florida-president-romney-vs-obama,2012,florida,47,47,NA,NA,16249,Pharos Research Group,2012-10-19,2012-10-21,Likely Voters,759,Live Phone,Nonpartisan,None,16,2012_16249_florida
2012-florida-president-romney-vs-obama,2012,florida,47,47,6,NA,16075,Mellman (D-Americans United for Change),2012-10-18,2012-10-21,Likely Voters,800,Live Phone,Sponsor,Dem,16,2012_16075_florida
2012-florida-president-romney-vs-obama,2012,florida,46,51,NA,2,16041,Angus-Reid,2012-10-18,2012-10-20,Likely Voters,482,Internet,Nonpartisan,None,17,2012_16041_florida
2012-florida-president-romney-vs-obama,2012,florida,46,51,2,1,15971,Rasmussen,2012-10-18,2012-10-18,Likely Voters,750,Automated Phone,Nonpartisan,None,19,2012_15971_florida
2012-florida-president-romney-vs-obama,2012,florida,47,48,4,NA,15997,PPP (D)/WPTV/FL Democracy/TCPalm,2012-10-17,2012-10-18,Likely Voters,800,Automated Phone,Pollster,Dem,19,2012_15997_florida
2012-florida-president-romney-vs-obama,2012,florida,48,45,6,1,15995,Grove Insight (D-Project New America),2012-10-17,2012-10-18,Likely Voters,600,Live Phone,Pollster,Dem,19,2012_15995_florida
2012-florida-president-romney-vs-obama,2012,florida,47,46,5,2,15973,SurveyUSA,2012-10-17,2012-10-18,Likely Voters,600,IVR/Online,Nonpartisan,None,19,2012_15973_florida
2012-florida-president-romney-vs-obama,2012,florida,45,48,6,1,15969,FOX,2012-10-17,2012-10-18,Likely Voters,1215,Live Phone,Nonpartisan,None,19,2012_15969_florida
2012-florida-president-romney-vs-obama,2012,florida,48,49,2,1,15966,CNN,2012-10-17,2012-10-18,Likely Voters,681,Live Phone,Nonpartisan,None,19,2012_15966_florida
2012-florida-president-romney-vs-obama,2012,florida,48,42,10,NA,15974,JZ Analytics/Newsmax,2012-10-16,2012-10-18,Likely Voters,842,Internet,Sponsor,Rep,19,2012_15974_florida
2012-florida-president-romney-vs-obama,2012,florida,48,49,NA,3,15804,Gravis Marketing,2012-10-13,2012-10-14,Likely Voters,617,Automated Phone,Nonpartisan,None,23,2012_15804_florida
2012-florida-president-romney-vs-obama,2012,florida,48,49,3,NA,15774,PPP (D),2012-10-12,2012-10-14,Likely Voters,791,Automated Phone,Pollster,Dem,23,2012_15774_florida
2012-florida-president-romney-vs-obama,2012,florida,47,51,2,NA,15731,Rasmussen,2012-10-11,2012-10-11,Likely Voters,750,Automated Phone,Nonpartisan,None,26,2012_15731_florida
2012-florida-president-romney-vs-obama,2012,florida,46,49,4,1,15732,ARG,2012-10-08,2012-10-11,Likely Voters,600,Live Phone,Nonpartisan,None,26,2012_15732_florida
2012-florida-president-romney-vs-obama,2012,florida,48,47,2,3,15844,YouGov,2012-10-04,2012-10-11,Likely Voters,1244,Internet,Nonpartisan,None,26,2012_15844_florida
2012-florida-president-romney-vs-obama,2012,florida,44,51,4,1,15720,Mason-Dixon,2012-10-08,2012-10-10,Likely Voters,800,Live Phone,Nonpartisan,None,27,2012_15720_florida
2012-florida-president-romney-vs-obama,2012,florida,48,47,4,1,15677,NBC/WSJ/Marist,2012-10-07,2012-10-09,Likely Voters,988,Live Phone,Nonpartisan,None,28,2012_15677_florida
2012-florida-president-romney-vs-obama,2012,florida,49,45,4,2,15664,UNF,2012-10-01,2012-10-09,Likely Voters,653,Live Phone,Nonpartisan,None,28,2012_15664_florida
2012-florida-president-romney-vs-obama,2012,florida,47,49,3,0,15555,Rasmussen,2012-10-04,2012-10-04,Likely Voters,500,Automated Phone,Nonpartisan,None,33,2012_15555_florida
2012-florida-president-romney-vs-obama,2012,florida,46,49,4,1,15539,We Ask America,2012-10-04,2012-10-04,Likely Voters,1200,Automated Phone,Nonpartisan,None,33,2012_15539_florida
2012-florida-president-romney-vs-obama,2012,florida,47,46,6,1,15481,NBC/WSJ/Marist,2012-09-30,2012-10-01,Likely Voters,890,Live Phone,Nonpartisan,None,36,2012_15481_florida
2012-florida-president-romney-vs-obama,2012,florida,49,48,3,NA,15426,Gravis Marketing,2012-09-29,2012-09-30,Likely Voters,914,Automated Phone,Nonpartisan,None,37,2012_15426_florida
2012-florida-president-romney-vs-obama,2012,florida,46,43,8,3,15479,Suffolk,2012-09-27,2012-09-30,Likely Voters,600,Live Phone,Nonpartisan,None,37,2012_15479_florida
2012-florida-president-romney-vs-obama,2012,florida,49,46,4,1,15324,InsiderAdvantage/Florida Times-Union,2012-09-24,2012-09-24,Likely Voters,540,Automated Phone,Nonpartisan,None,43,2012_15324_florida
2012-florida-president-romney-vs-obama,2012,florida,53,44,3,1,15313,Quinnipiac/NYT/CBS,2012-09-18,2012-09-24,Likely Voters,1196,Live Phone,Nonpartisan,None,43,2012_15313_florida
2012-florida-president-romney-vs-obama,2012,florida,50,46,4,NA,15253,PPP (D),2012-09-20,2012-09-23,Likely Voters,861,Automated Phone,Pollster,Dem,44,2012_15253_florida
2012-florida-president-romney-vs-obama,2012,florida,51,47,1,2,15289,Washington Post,2012-09-19,2012-09-23,Likely Voters,769,Live Phone,Nonpartisan,None,44,2012_15289_florida
2012-florida-president-romney-vs-obama,2012,florida,50,45,4,1,15269,ARG,2012-09-20,2012-09-22,Likely Voters,600,Live Phone,Nonpartisan,None,45,2012_15269_florida
2012-florida-president-romney-vs-obama,2012,florida,48,47,4,1,15286,Mason-Dixon,2012-09-17,2012-09-19,Likely Voters,800,Live Phone,Nonpartisan,None,48,2012_15286_florida
2012-florida-president-romney-vs-obama,2012,florida,47,48,5,NA,15199,Purple Strategies,2012-09-15,2012-09-19,Likely Voters,600,IVR/Online,Nonpartisan,None,48,2012_15199_florida
2012-florida-president-romney-vs-obama,2012,florida,49,46,4,NA,15158,We Ask America,2012-09-18,2012-09-18,Likely Voters,1230,Automated Phone,Nonpartisan,None,49,2012_15158_florida
2012-florida-president-romney-vs-obama,2012,florida,49,44,5,2,15146,FOX,2012-09-16,2012-09-18,Likely Voters,829,Live Phone,Nonpartisan,None,49,2012_15146_florida
2012-florida-president-romney-vs-obama,2012,florida,47,48,5,NA,15096,Gravis Marketing,2012-09-15,2012-09-16,Likely Voters,1728,Automated Phone,Nonpartisan,None,51,2012_15096_florida
2012-florida-president-romney-vs-obama,2012,florida,49,47,2,3,15163,YouGov,2012-09-07,2012-09-14,Likely Voters,1415,Internet,Nonpartisan,None,53,2012_15163_florida
2012-florida-president-romney-vs-obama,2012,florida,48,46,3,3,15008,Rasmussen,2012-09-12,2012-09-12,Likely Voters,500,Automated Phone,Nonpartisan,None,55,2012_15008_florida
2012-florida-president-romney-vs-obama,2012,florida,44,48,9,NA,15173,Caddell/McLaughlin (R)/Secure America Now,2012-09-11,2012-09-12,Likely Voters,600,Live Phone,Pollster,Rep,55,2012_15173_florida
2012-florida-president-romney-vs-obama,2012,florida,49,44,5,1,15028,NBC/WSJ/Marist,2012-09-09,2012-09-11,Likely Voters,980,Live Phone,Nonpartisan,None,56,2012_15028_florida
2012-florida-president-romney-vs-obama,2012,florida,42,42,NA,NA,15038,Consensus Communications (R),2012-09-08,2012-09-11,Likely Voters,606,Live Phone,Pollster,Rep,56,2012_15038_florida
2012-florida-president-romney-vs-obama,2012,florida,47,50,3,NA,15012,McLaughlin (R)/AIF,2012-09-09,2012-09-10,Likely Voters,600,Live Phone,Pollster,Rep,57,2012_15012_florida
2012-florida-president-romney-vs-obama,2012,florida,48,44,5,2,14979,SurveyUSA,2012-09-07,2012-09-09,Likely Voters,596,IVR/Online,Nonpartisan,None,58,2012_14979_florida
2012-florida-president-romney-vs-obama,2012,florida,47,48,5,NA,14879,Gravis Marketing,2012-09-02,2012-09-02,Likely Voters,1288,Automated Phone,Nonpartisan,None,65,2012_14879_florida
2012-florida-president-romney-vs-obama,2012,florida,48,47,4,NA,14868,PPP (D),2012-08-31,2012-09-02,Likely Voters,1548,Automated Phone,Pollster,Dem,65,2012_14868_florida
2012-florida-president-romney-vs-obama,2012,florida,50,46,3,NA,14800,CNN/Time/ORC,2012-08-22,2012-08-26,Likely Voters,776,Live Phone,Nonpartisan,None,72,2012_14800_florida
2012-florida-president-romney-vs-obama,2012,florida,49,46,NA,1,14739,Quinnipiac/NYT/CBS,2012-08-15,2012-08-21,Likely Voters,1241,Live Phone,Nonpartisan,None,77,2012_14739_florida
2012-florida-president-romney-vs-obama,2012,florida,45,48,NA,NA,14737,Gravis Marketing,2012-08-20,2012-08-20,Likely Voters,728,Automated Phone,Nonpartisan,None,78,2012_14737_florida
2012-florida-president-romney-vs-obama,2012,florida,40,54,5,3,14708,FMWB (D),2012-08-17,2012-08-17,Likely Voters,1503,Automated Phone,Pollster,Dem,81,2012_14708_florida
2012-florida-president-romney-vs-obama,2012,florida,43,45,8,3,14675,Rasmussen,2012-08-15,2012-08-15,Likely Voters,500,Automated Phone,Nonpartisan,None,83,2012_14675_florida
2012-florida-president-romney-vs-obama,2012,florida,47,48,5,NA,14667,Purple Strategies,2012-08-13,2012-08-14,Likely Voters,600,Automated Phone,Nonpartisan,None,84,2012_14667_florida
2012-florida-president-romney-vs-obama,2012,florida,51,45,4,1,14519,Quinnipiac/NYT/CBS,2012-07-24,2012-07-30,Likely Voters,1177,Live Phone,Nonpartisan,None,99,2012_14519_florida
2012-florida-president-romney-vs-obama,2012,florida,48,47,5,NA,14511,PPP (D),2012-07-26,2012-07-29,Likely Voters,871,Automated Phone,Pollster,Dem,100,2012_14511_florida
2012-florida-president-romney-vs-obama,2012,florida,48,43,5,4,14406,SurveyUSA,2012-07-17,2012-07-19,Likely Voters,647,IVR/Online,Nonpartisan,None,110,2012_14406_florida
2012-florida-president-romney-vs-obama,2012,florida,45,48,7,NA,14357,Purple Strategies,2012-07-09,2012-07-13,Likely Voters,600,Automated Phone,Nonpartisan,None,116,2012_14357_florida
2012-florida-president-romney-vs-obama,2012,florida,46,45,7,2,14349,Mason-Dixon,2012-07-09,2012-07-11,Likely Voters,800,Live Phone,Nonpartisan,None,118,2012_14349_florida
2012-florida-president-romney-vs-obama,2012,florida,45,46,4,5,14288,Rasmussen,2012-07-09,2012-07-09,Likely Voters,500,Automated Phone,Nonpartisan,None,120,2012_14288_florida
2012-florida-president-romney-vs-obama,2012,florida,48,44,NA,NA,14321,Garin-Hart-Yang (D-Priorities USA),2012-06-25,2012-07-03,Likely Voters,803,Live Phone,Sponsor,Dem,126,2012_14321_florida
2012-florida-president-romney-vs-obama,2012,florida,46,45,9,NA,14241,We Ask America,2012-07-01,2012-07-02,Likely Voters,1127,Automated Phone,Nonpartisan,None,127,2012_14241_florida
2012-florida-president-romney-vs-obama,2012,florida,45,41,12,2,14187,Quinnipiac,2012-06-19,2012-06-25,Registered Voters,1200,Live Phone,Nonpartisan,None,134,2012_14187_florida
2012-florida-president-romney-vs-obama,2012,florida,46,42,9,2,14141,Quinnipiac,2012-06-12,2012-06-18,Registered Voters,1697,Live Phone,Nonpartisan,None,141,2012_14141_florida
2012-florida-president-romney-vs-obama,2012,florida,45,49,6,NA,14037,Purple Strategies,2012-05-31,2012-06-05,Likely Voters,600,Automated Phone,Nonpartisan,None,154,2012_14037_florida
2012-florida-president-romney-vs-obama,2012,florida,50,46,4,NA,14009,PPP (D),2012-05-31,2012-06-03,Likely Voters,642,Automated Phone,Pollster,Dem,156,2012_14009_florida
2012-florida-president-romney-vs-obama,2012,florida,41,47,10,2,13872,Quinnipiac,2012-05-15,2012-05-21,Registered Voters,1722,Live Phone,Nonpartisan,None,169,2012_13872_florida
2012-florida-president-romney-vs-obama,2012,florida,48,44,7,1,13891,NBC/Marist,2012-05-17,2012-05-20,Registered Voters,1078,Live Phone,Nonpartisan,None,170,2012_13891_florida
2012-florida-president-romney-vs-obama,2012,florida,46,45,8,2,13725,Suffolk,2012-05-06,2012-05-08,Registered Voters,600,Live Phone,Nonpartisan,None,182,2012_13725_florida
2012-florida-president-romney-vs-obama,2012,florida,43,44,11,3,13677,Quinnipiac,2012-04-25,2012-05-01,Registered Voters,1169,Live Phone,Nonpartisan,None,189,2012_13677_florida
2012-florida-president-romney-vs-obama,2012,florida,45,46,3,6,13635,Rasmussen,2012-04-25,2012-04-25,Likely Voters,500,Automated Phone,Nonpartisan,None,195,2012_13635_florida
2012-florida-president-romney-vs-obama,2012,florida,45,47,7,NA,13618,Purple Strategies,2012-04-19,2012-04-23,Likely Voters,600,Automated Phone,Nonpartisan,None,197,2012_13618_florida
2012-florida-president-romney-vs-obama,2012,florida,45,43,11,2,13570,FOX,2012-04-15,2012-04-17,Registered Voters,757,Live Phone,Nonpartisan,None,203,2012_13570_florida
2012-florida-president-romney-vs-obama,2012,florida,50,45,5,NA,13541,PPP (D),2012-04-12,2012-04-15,Likely Voters,700,Automated Phone,Pollster,Dem,205,2012_13541_florida
2012-florida-president-romney-vs-obama,2012,florida,49,42,5,2,13368,Quinnipiac,2012-03-20,2012-03-26,Registered Voters,1228,Live Phone,Nonpartisan,None,225,2012_13368_florida
2012-florida-president-romney-vs-obama,2012,florida,46,43,4,7,13220,Rasmussen,2012-03-13,2012-03-13,Likely Voters,500,Automated Phone,Nonpartisan,None,238,2012_13220_florida
2012-florida-president-romney-vs-obama,2012,florida,47,44,3,5,12832,Rasmussen,2012-02-09,2012-02-09,Likely Voters,500,Automated Phone,Nonpartisan,None,271,2012_12832_florida
2012-florida-president-romney-vs-obama,2012,florida,49,41,10,NA,12652,Marist College,2012-01-25,2012-01-27,Likely Voters,1379,Live Phone,Nonpartisan,None,284,2012_12652_florida
2012-florida-president-romney-vs-obama,2012,florida,44,48,NA,NA,12651,Mason-Dixon,2012-01-24,2012-01-26,Likely Voters,800,Live Phone,Nonpartisan,None,285,2012_12651_florida
2012-florida-president-romney-vs-obama,2012,florida,42,47,10,1,12640,Suffolk,2012-01-22,2012-01-24,Registered Voters,600,Live Phone,Nonpartisan,None,287,2012_12640_florida
2012-florida-president-romney-vs-obama,2012,florida,45,45,6,2,12639,Quinnipiac,2012-01-19,2012-01-23,Registered Voters,1518,Live Phone,Nonpartisan,None,288,2012_12639_florida
2012-florida-president-romney-vs-obama,2012,florida,46,45,9,NA,12580,Tarrance (R-Walker),2012-01-17,2012-01-18,Likely Voters,607,Live Phone,Pollster,Rep,293,2012_12580_florida
2012-florida-president-romney-vs-obama,2012,florida,43,46,6,2,12445,Quinnipiac,2012-01-04,2012-01-08,Registered Voters,1412,Live Phone,Nonpartisan,None,303,2012_12445_florida
2012-colorado-president-romney-vs-obama,2012,colorado,48,47,1,3,16667,Ipsos/Reuters (Web),2012-11-03,2012-11-05,Likely Voters,774,Internet,Nonpartisan,None,1,2012_16667_colorado
2012-colorado-president-romney-vs-obama,2012,colorado,52,46,3,NA,16643,PPP (D),2012-11-03,2012-11-04,Likely Voters,1096,Automated Phone,Pollster,Dem,2,2012_16643_colorado
2012-colorado-president-romney-vs-obama,2012,colorado,50,46,2,2,16668,OnSight/Keating (D),2012-11-02,2012-11-04,Likely Voters,603,Live Phone,Sponsor,Dem,2,2012_16668_colorado
2012-colorado-president-romney-vs-obama,2012,colorado,45,44,9,3,16626,Lake Research (D),2012-10-31,2012-11-04,Likely Voters,400,Live Phone,Pollster,Dem,2,2012_16626_colorado
2012-colorado-president-romney-vs-obama,2012,colorado,48,47,2,3,16585,YouGov,2012-10-31,2012-11-03,Likely Voters,752,Internet,Nonpartisan,None,3,2012_16585_colorado
2012-colorado-president-romney-vs-obama,2012,colorado,46,46,4,4,16481,Ipsos/Reuters (Web),2012-10-31,2012-11-02,Likely Voters,1052,Internet,Nonpartisan,None,4,2012_16481_colorado
2012-colorado-president-romney-vs-obama,2012,colorado,50,46,4,NA,16462,PPP (D-LCV),2012-10-31,2012-11-01,Likely Voters,825,Automated Phone,Sponsor,Dem,5,2012_16462_colorado
2012-colorado-president-romney-vs-obama,2012,colorado,47,45,NA,NA,16465,Denver Post/SurveyUSA,2012-10-28,2012-10-31,Likely Voters,695,Mixed,Nonpartisan,None,6,2012_16465_colorado
2012-colorado-president-romney-vs-obama,2012,colorado,50,48,2,NA,16434,CNN,2012-10-26,2012-10-31,Likely Voters,764,Live Phone,Nonpartisan,None,6,2012_16434_colorado
2012-colorado-president-romney-vs-obama,2012,colorado,50,47,NA,3,16392,We Ask America,2012-10-30,2012-10-30,Likely Voters,1246,Automated Phone,Nonpartisan,None,7,2012_16392_colorado
2012-colorado-president-romney-vs-obama,2012,colorado,47,50,1,2,16443,Rasmussen,2012-10-29,2012-10-29,Likely Voters,750,Automated Phone,Nonpartisan,None,8,2012_16443_colorado
2012-colorado-president-romney-vs-obama,2012,colorado,48,45,6,1,16374,Grove Insight (D-Project New America/USAction),2012-10-28,2012-10-29,Likely Voters,500,Live Phone,Sponsor,Dem,8,2012_16374_colorado
2012-colorado-president-romney-vs-obama,2012,colorado,47,48,4,1,16277,ARG,2012-10-25,2012-10-28,Likely Voters,600,Live Phone,Nonpartisan,None,9,2012_16277_colorado
2012-colorado-president-romney-vs-obama,2012,colorado,47,46,5,1,16206,Purple Strategies,2012-10-23,2012-10-25,Likely Voters,600,IVR/Online,Nonpartisan,None,12,2012_16206_colorado
2012-colorado-president-romney-vs-obama,2012,colorado,51,47,2,NA,16172,PPP (D),2012-10-23,2012-10-25,Likely Voters,904,Automated Phone,Pollster,Dem,12,2012_16172_colorado
2012-colorado-president-romney-vs-obama,2012,colorado,48,45,NA,NA,16176,OnSight/Keating (D),2012-10-23,2012-10-24,Likely Voters,502,Live Phone,Sponsor,Dem,13,2012_16176_colorado
2012-colorado-president-romney-vs-obama,2012,colorado,48,48,2,2,16175,NBC/WSJ/Marist,2012-10-23,2012-10-24,Likely Voters,1128,Live Phone,Nonpartisan,None,13,2012_16175_colorado
2012-colorado-president-romney-vs-obama,2012,colorado,46,43,8,3,16156,Grove Insight (D-Project New America/USAction),2012-10-23,2012-10-24,Likely Voters,500,Live Phone,Sponsor,Dem,13,2012_16156_colorado
2012-colorado-president-romney-vs-obama,2012,colorado,46,50,1,2,16022,Rasmussen,2012-10-21,2012-10-21,Likely Voters,500,Automated Phone,Nonpartisan,None,16,2012_16022_colorado
2012-colorado-president-romney-vs-obama,2012,colorado,50,47,3,NA,15931,PPP (D),2012-10-16,2012-10-18,Likely Voters,1000,Automated Phone,Pollster,Dem,19,2012_15931_colorado
2012-colorado-president-romney-vs-obama,2012,colorado,47,44,7,2,15897,Grove Insight (D-Project New America),2012-10-15,2012-10-16,Likely Voters,500,Live Phone,Pollster,Dem,21,2012_15897_colorado
2012-colorado-president-romney-vs-obama,2012,colorado,47,48,4,1,15821,We Ask America,2012-10-15,2012-10-15,Likely Voters,1206,Automated Phone,Nonpartisan,None,22,2012_15821_colorado
2012-colorado-president-romney-vs-obama,2012,colorado,48,46,6,NA,15777,Gravis Marketing,2012-10-05,2012-10-11,Likely Voters,2089,Automated Phone,Nonpartisan,None,26,2012_15777_colorado
2012-colorado-president-romney-vs-obama,2012,colorado,48,45,5,2,15842,YouGov,2012-10-04,2012-10-11,Likely Voters,527,Internet,Nonpartisan,None,26,2012_15842_colorado
2012-colorado-president-romney-vs-obama,2012,colorado,45,46,5,3,15754,Denver Post/SurveyUSA,2012-10-09,2012-10-10,Likely Voters,614,IVR/Online,Nonpartisan,None,27,2012_15754_colorado
2012-colorado-president-romney-vs-obama,2012,colorado,47,48,2,2,15680,Quinnipiac/NYT/CBS,2012-10-04,2012-10-09,Likely Voters,1254,Live Phone,Nonpartisan,None,28,2012_15680_colorado
2012-colorado-president-romney-vs-obama,2012,colorado,46,50,3,1,15628,ARG,2012-10-05,2012-10-08,Likely Voters,600,Live Phone,Nonpartisan,None,29,2012_15628_colorado
2012-colorado-president-romney-vs-obama,2012,colorado,49,48,2,1,15583,Rasmussen,2012-10-07,2012-10-07,Likely Voters,500,Automated Phone,Nonpartisan,None,30,2012_15583_colorado
2012-colorado-president-romney-vs-obama,2012,colorado,47,43,5,4,15567,Selzer/University of Denver,2012-10-04,2012-10-05,Likely Voters,604,Live Phone,Nonpartisan,None,32,2012_15567_colorado
2012-colorado-president-romney-vs-obama,2012,colorado,46,49,5,NA,15569,Gravis Marketing,2012-10-03,2012-10-04,Likely Voters,1285,Automated Phone,Nonpartisan,None,33,2012_15569_colorado
2012-colorado-president-romney-vs-obama,2012,colorado,46,50,4,NA,15545,McLaughlin (R-American Conservative Union),2012-09-30,2012-10-02,Likely Voters,300,Live Phone,Sponsor,Rep,35,2012_15545_colorado
2012-colorado-president-romney-vs-obama,2012,colorado,49,46,4,1,15444,We Ask America,2012-09-25,2012-09-27,Likely Voters,1273,Automated Phone,Nonpartisan,None,40,2012_15444_colorado
2012-colorado-president-romney-vs-obama,2012,colorado,51,45,4,NA,15254,PPP (D),2012-09-20,2012-09-23,Likely Voters,940,Automated Phone,Pollster,Dem,44,2012_15254_colorado
2012-colorado-president-romney-vs-obama,2012,colorado,50,46,4,NA,15345,Gravis Marketing,2012-09-21,2012-09-22,Likely Voters,765,Automated Phone,Nonpartisan,None,45,2012_15345_colorado
2012-colorado-president-romney-vs-obama,2012,colorado,48,45,7,NA,15197,Purple Strategies,2012-09-15,2012-09-19,Likely Voters,600,IVR/Online,Nonpartisan,None,48,2012_15197_colorado
2012-colorado-president-romney-vs-obama,2012,colorado,50,45,4,1,15196,NBC/WSJ/Marist,2012-09-16,2012-09-18,Likely Voters,971,Live Phone,Nonpartisan,None,49,2012_15196_colorado
2012-colorado-president-romney-vs-obama,2012,colorado,45,47,6,2,15104,Rasmussen,2012-09-17,2012-09-17,Likely Voters,500,Automated Phone,Nonpartisan,None,50,2012_15104_colorado
2012-colorado-president-romney-vs-obama,2012,colorado,48,47,3,2,15120,Quinnipiac/NYT/CBS,2012-09-11,2012-09-17,Likely Voters,1497,Live Phone,Nonpartisan,None,50,2012_15120_colorado
2012-colorado-president-romney-vs-obama,2012,colorado,50,45,2,3,15151,YouGov,2012-09-07,2012-09-14,Likely Voters,707,Internet,Nonpartisan,None,53,2012_15151_colorado
2012-colorado-president-romney-vs-obama,2012,colorado,49,47,3,1,15010,ARG,2012-09-10,2012-09-12,Likely Voters,600,Live Phone,Nonpartisan,None,55,2012_15010_colorado
2012-colorado-president-romney-vs-obama,2012,colorado,45,44,7,4,15050,Denver Post/SurveyUSA,2012-09-09,2012-09-12,Likely Voters,615,IVR/Online,Nonpartisan,None,55,2012_15050_colorado
2012-colorado-president-romney-vs-obama,2012,colorado,49,44,NA,NA,15011,OnSight/Project New America/Keating (D),2012-09-10,2012-09-11,Likely Voters,503,Live Phone,Sponsor,Dem,56,2012_15011_colorado
2012-colorado-president-romney-vs-obama,2012,colorado,49,46,5,NA,14870,PPP (D),2012-08-31,2012-09-02,Likely Voters,1001,Automated Phone,Pollster,Dem,65,2012_14870_colorado
2012-colorado-president-romney-vs-obama,2012,colorado,48,44,5,2,14767,OnSight/Keating (D),2012-08-21,2012-08-22,Likely Voters,500,Live Phone,Sponsor,Dem,76,2012_14767_colorado
2012-colorado-president-romney-vs-obama,2012,colorado,49,46,5,NA,14665,Purple Strategies,2012-08-13,2012-08-14,Likely Voters,600,Automated Phone,Nonpartisan,None,84,2012_14665_colorado
2012-colorado-president-romney-vs-obama,2012,colorado,45,46,NA,NA,14784,Gravis Marketing,2012-08-09,2012-08-09,Likely Voters,607,Automated Phone,Nonpartisan,None,89,2012_14784_colorado
2012-colorado-president-romney-vs-obama,2012,colorado,47,47,2,3,14579,Rasmussen,2012-08-06,2012-08-06,Likely Voters,500,Automated Phone,Nonpartisan,None,92,2012_14579_colorado
2012-colorado-president-romney-vs-obama,2012,colorado,45,50,4,1,14584,Quinnipiac/NYT/CBS,2012-07-31,2012-08-06,Likely Voters,1463,Live Phone,Nonpartisan,None,92,2012_14584_colorado
2012-colorado-president-romney-vs-obama,2012,colorado,49,43,7,NA,14583,PPP (D),2012-08-02,2012-08-05,Likely Voters,799,Automated Phone,Pollster,Dem,93,2012_14583_colorado
2012-colorado-president-romney-vs-obama,2012,colorado,45,44,11,NA,14355,Purple Strategies,2012-07-09,2012-07-13,Likely Voters,600,Automated Phone,Nonpartisan,None,116,2012_14355_colorado
2012-colorado-president-romney-vs-obama,2012,colorado,49,42,NA,NA,14320,Garin-Hart-Yang (D-Priorities USA),2012-06-25,2012-07-03,Likely Voters,600,Live Phone,Sponsor,Dem,126,2012_14320_colorado
2012-colorado-president-romney-vs-obama,2012,colorado,47,43,10,NA,14174,We Ask America,2012-06-25,2012-06-25,Likely Voters,1083,Automated Phone,Nonpartisan,None,134,2012_14174_colorado
2012-colorado-president-romney-vs-obama,2012,colorado,49,42,8,NA,14119,PPP (D),2012-06-14,2012-06-17,Likely Voters,799,Automated Phone,Pollster,Dem,142,2012_14119_colorado
2012-colorado-president-romney-vs-obama,2012,colorado,45,45,5,6,14026,Rasmussen,2012-06-06,2012-06-06,Likely Voters,500,Automated Phone,Nonpartisan,None,153,2012_14026_colorado
2012-colorado-president-romney-vs-obama,2012,colorado,48,46,5,NA,14034,Purple Strategies,2012-05-31,2012-06-05,Likely Voters,600,Automated Phone,Nonpartisan,None,154,2012_14034_colorado
2012-colorado-president-romney-vs-obama,2012,colorado,46,45,8,1,13960,NBC/Marist,2012-05-22,2012-05-24,Registered Voters,1030,Live Phone,Nonpartisan,None,166,2012_13960_colorado
2012-colorado-president-romney-vs-obama,2012,colorado,48,44,NA,NA,13928,Project New America,2012-05-21,2012-05-24,Likely Voters,601,Automated Phone,Pollster,Dem,166,2012_13928_colorado
2012-colorado-president-romney-vs-obama,2012,colorado,47,47,6,NA,13616,Purple Strategies,2012-04-19,2012-04-23,Likely Voters,600,Automated Phone,Nonpartisan,None,197,2012_13616_colorado
2012-colorado-president-romney-vs-obama,2012,colorado,53,40,7,NA,13490,PPP (D),2012-04-05,2012-04-07,Registered Voters,542,Automated Phone,Pollster,Dem,213,2012_13490_colorado
2012-arizona-president-romney-vs-obama,2012,arizona,46,53,1,NA,16560,PPP (D),2012-11-02,2012-11-03,Likely Voters,1080,Automated Phone,Pollster,Dem,3,2012_16560_arizona
2012-arizona-president-romney-vs-obama,2012,arizona,44,52,3,2,16586,YouGov,2012-10-31,2012-11-03,Likely Voters,702,Internet,Nonpartisan,None,3,2012_16586_arizona
2012-arizona-president-romney-vs-obama,2012,arizona,44,52,2,2,16184,Rasmussen/CBS 5,2012-10-21,2012-10-21,Likely Voters,500,Automated Phone,Nonpartisan,None,16,2012_16184_arizona
2012-arizona-president-romney-vs-obama,2012,arizona,43,52,3,2,15861,YouGov,2012-10-04,2012-10-11,Likely Voters,469,Internet,Nonpartisan,None,26,2012_15861_arizona
2012-arizona-president-romney-vs-obama,2012,arizona,42,40,13,5,15765,Behavior Research Center,2012-10-04,2012-10-10,Registered Voters,523,Live Phone,Nonpartisan,None,27,2012_15765_arizona
2012-arizona-president-romney-vs-obama,2012,arizona,44,53,3,NA,15503,PPP (D),2012-10-01,2012-10-03,Likely Voters,595,Automated Phone,Pollster,Dem,34,2012_15503_arizona
2012-arizona-president-romney-vs-obama,2012,arizona,42,46,9,4,15409,Moore Information (R-HighGround),2012-09-25,2012-09-26,Likely Voters,500,Live Phone,Sponsor,Rep,41,2012_15409_arizona
2012-arizona-president-romney-vs-obama,2012,arizona,42,52,2,4,15328,Rasmussen,2012-09-25,2012-09-25,Likely Voters,500,Automated Phone,Nonpartisan,None,42,2012_15328_arizona
2012-arizona-president-romney-vs-obama,2012,arizona,45,48,7,NA,15204,Purple Strategies,2012-09-15,2012-09-19,Likely Voters,600,IVR/Online,Nonpartisan,None,48,2012_15204_arizona
2012-arizona-president-romney-vs-obama,2012,arizona,41,51,4,4,15230,YouGov,2012-09-07,2012-09-14,Likely Voters,628,Internet,Nonpartisan,None,53,2012_15230_arizona
2012-arizona-president-romney-vs-obama,2012,arizona,44,53,4,NA,14970,PPP (D-League of Conservation Voters),2012-09-07,2012-09-09,Likely Voters,993,Automated Phone,Sponsor,Dem,58,2012_14970_arizona
2012-arizona-president-romney-vs-obama,2012,arizona,41,52,7,NA,14523,PPP (D-League of Conservation Voters),2012-07-23,2012-07-25,Likely Voters,833,Automated Phone,Sponsor,Dem,104,2012_14523_arizona
2012-arizona-president-romney-vs-obama,2012,arizona,41,54,2,3,14196,Rasmussen,2012-06-26,2012-06-26,Likely Voters,500,Automated Phone,Nonpartisan,None,133,2012_14196_arizona
2012-arizona-president-romney-vs-obama,2012,arizona,46,49,5,NA,14127,PPP (D),2012-06-04,2012-06-05,Likely Voters,791,Automated Phone,Pollster,Dem,154,2012_14127_arizona
2012-arizona-president-romney-vs-obama,2012,arizona,43,50,8,NA,13883,PPP (D),2012-05-17,2012-05-20,Registered Voters,500,Automated Phone,Pollster,Dem,170,2012_13883_arizona
2012-arizona-president-romney-vs-obama,2012,arizona,43,52,5,NA,13685,Magellan (R),2012-04-30,2012-05-02,Likely Voters,909,Automated Phone,Pollster,Rep,188,2012_13685_arizona
2012-arizona-president-romney-vs-obama,2012,arizona,40,42,18,NA,13605,ASU - Merrill/Morrison Institute,2012-04-10,2012-04-20,Registered Voters,488,Live Phone,Nonpartisan,None,200,2012_13605_arizona
2012-arizona-president-romney-vs-obama,2012,arizona,42,40,18,NA,13613,Behavior Research Center,2012-04-09,2012-04-17,Registered Voters,511,Live Phone,Nonpartisan,None,203,2012_13613_arizona
2012-arizona-president-romney-vs-obama,2012,arizona,40,51,2,7,13221,Rasmussen,2012-03-13,2012-03-13,Likely Voters,500,Automated Phone,Nonpartisan,None,238,2012_13221_arizona
2012-arizona-president-romney-vs-obama,2012,arizona,40,45,15,NA,12990,NBC/Marist,2012-02-19,2012-02-20,Registered Voters,1265,Live Phone,Nonpartisan,None,260,2012_12990_arizona
2012-arizona-president-romney-vs-obama,2012,arizona,47,47,6,NA,12966,PPP (D),2012-02-17,2012-02-19,Registered Voters,743,Automated Phone,Pollster,Dem,261,2012_12966_arizona
2012-arizona-president-romney-vs-obama,2012,arizona,37,43,20,NA,12520,Behavior Research Center,2012-01-05,2012-01-09,Registered Voters,553,Live Phone,Nonpartisan,None,302,2012_12520_arizona
