poll_info,year,state,Obama,Romney,Undecided,Other,poll_id,pollster,start_date,end_date,sample_subpopulation,sample_size,mode,partisanship,partisan_affiliation,days_to_election,poll_key,Trump,Clinton,Johnson,McMullin
2012-washington-dc-president-romney-vs-obama,2012,washington-dc,88,8,NA,NA,15956,PPP (D)/Washington City Paper/Kojo Nnamdi Show,2012-10-12,2012-10-14,Likely Voters,1222,Automated Phone,Pollster,Dem,23,2012_15956_washington-dc,NA,NA,NA,NA
2012-idaho-president-romney-vs-obama,2012,idaho,27,63,6,4,15826,Mason-Dixon/Idaho Statesman,2012-10-08,2012-10-10,Likely Voters,625,Live Phone,Nonpartisan,None,27,2012_15826_idaho,NA,NA,NA,NA
2012-rhode-island-president-romney-vs-obama,2012,rhode-island,54,33,8,NA,16411,Fleming and Associates/WPRI,2012-10-24,2012-10-27,Likely Voters,601,Live Phone,Nonpartisan,None,10,2012_16411_rhode-island,NA,NA,NA,NA
2012-rhode-island-president-romney-vs-obama,2012,rhode-island,58,32,10,NA,15672,Brown University,2012-09-26,2012-10-05,Likely Voters,471,Live Phone,Nonpartisan,None,32,2012_15672_rhode-island,NA,NA,NA,NA
2012-rhode-island-president-romney-vs-obama,2012,rhode-island,57,33,7,NA,15495,Fleming and Associates/WPRI,2012-09-26,2012-09-29,Likely Voters,501,Live Phone,Nonpartisan,None,38,2012_15495_rhode-island,NA,NA,NA,NA
2012-rhode-island-president-romney-vs-obama,2012,rhode-island,54,37,10,NA,15018,PPP (D),2011-02-16,2011-02-22,Likely Voters,544,Automated Phone,Pollster,Dem,623,2012_15018_rhode-island,NA,NA,NA,NA
2012-kentucky-president-romney-vs-obama,2012,kentucky,39,53,5,3,15085,SurveyUSA/The Courier-Journal,2012-09-11,2012-09-13,Likely Voters,606,IVR/Online,Nonpartisan,None,54,2012_15085_kentucky,NA,NA,NA,NA
2012-kentucky-president-romney-vs-obama,2012,kentucky,40,48,11,NA,14974,PPP (D),2011-08-25,2011-08-28,Likely Voters,600,Automated Phone,Pollster,Dem,436,2012_14974_kentucky,NA,NA,NA,NA
2012-mississippi-president-romney-vs-obama,2012,mississippi,36,54,10,NA,12585,PPP (D),2011-11-04,2011-11-06,Likely Voters,796,Automated Phone,Pollster,Dem,366,2012_12585_mississippi,NA,NA,NA,NA
2012-mississippi-president-romney-vs-obama,2012,mississippi,40,46,13,NA,15016,PPP (D),2011-03-24,2011-03-27,Likely Voters,817,Automated Phone,Pollster,Dem,590,2012_15016_mississippi,NA,NA,NA,NA
2012-louisiana-president-romney-vs-obama,2012,louisiana,36,59,5,NA,15650,Magellan (R),2012-10-02,2012-10-04,Likely Voters,2682,Automated Phone,Pollster,Rep,33,2012_15650_louisiana,NA,NA,NA,NA
2012-louisiana-president-romney-vs-obama,2012,louisiana,37,50,10,NA,15507,JZ Analytics,2012-09-29,2012-09-30,Likely Voters,412,Internet,Nonpartisan,None,37,2012_15507_louisiana,NA,NA,NA,NA
2012-louisiana-president-romney-vs-obama,2012,louisiana,39,45,17,NA,15469,Southern Media/Opinion Research,2012-09-11,2012-09-20,Likely Voters,600,Live Phone,Nonpartisan,None,47,2012_15469_louisiana,NA,NA,NA,NA
2012-kansas-president-romney-vs-obama,2012,kansas,39,48,13,NA,14973,SurveyUSA,2011-11-18,2011-11-21,Registered Voters,510,IVR/Online,Nonpartisan,None,351,2012_14973_kansas,NA,NA,NA,NA
2012-kansas-president-romney-vs-obama,2012,kansas,31,56,12,NA,12571,SurveyUSA,2011-11-10,2011-11-10,Likely Voters,800,Automated Phone,Nonpartisan,None,362,2012_12571_kansas,NA,NA,NA,NA
2012-hawaii-president-romney-vs-obama,2012,hawaii,61,34,5,NA,16453,Honolulu Civil Beat/Merriman,2012-10-24,2012-10-26,Likely Voters,1218,Automated Phone,Nonpartisan,None,11,2012_16453_hawaii,NA,NA,NA,NA
2012-hawaii-president-romney-vs-obama,2012,hawaii,62,30,6,3,15516,Honolulu Civil Beat/Merriman,2012-09-26,2012-09-28,Likely Voters,1684,Automated Phone,Nonpartisan,None,39,2012_15516_hawaii,NA,NA,NA,NA
2012-hawaii-president-romney-vs-obama,2012,hawaii,59,32,10,NA,12582,DailyKos.com/PPP (D),2011-10-13,2011-10-16,Likely Voters,568,Automated Phone,Sponsor,Dem,387,2012_12582_hawaii,NA,NA,NA,NA
2012-west-virginia-president-romney-vs-obama,2012,west-virginia,38,52,10,NA,14852,R.L. Repass & Partners,2012-08-22,2012-08-25,Likely Voters,401,Mixed,Nonpartisan,None,73,2012_14852_west-virginia,NA,NA,NA,NA
2012-west-virginia-president-romney-vs-obama,2012,west-virginia,37,54,10,NA,14877,R.L. Repass & Partners,2012-04-25,2012-04-28,Likely Voters,410,Live Phone/Online,Nonpartisan,None,192,2012_14877_west-virginia,NA,NA,NA,NA
2012-alabama-president-romney-vs-obama,2012,alabama,36,51,NA,NA,14263,Capital Survey Research Center,2012-06-07,2012-06-27,Likely Voters,551,Live Phone,Nonpartisan,None,132,2012_14263_alabama,NA,NA,NA,NA
2012-utah-president-romney-vs-obama,2012,utah,26,69,NA,NA,16509,Dan Jones & Associates,2012-10-26,2012-11-01,Registered Voters,870,Live Phone,Nonpartisan,None,5,2012_16509_utah,NA,NA,NA,NA
2012-utah-president-romney-vs-obama,2012,utah,25,70,3,2,16630,Mason-Dixon/The Salt Lake Tribune,2012-10-29,2012-10-31,Registered Voters,625,Live Phone,Nonpartisan,None,6,2012_16630_utah,NA,NA,NA,NA
2012-utah-president-romney-vs-obama,2012,utah,20,71,9,NA,16144,Key/BYU,2012-10-09,2012-10-13,Likely Voters,500,Live Phone,Nonpartisan,None,24,2012_16144_utah,NA,NA,NA,NA
2012-utah-president-romney-vs-obama,2012,utah,26,68,2,4,14175,Dan Jones & Associates,2012-06-15,2012-06-21,Registered Voters,1222,Live Phone,Nonpartisan,None,138,2012_14175_utah,NA,NA,NA,NA
2012-utah-president-romney-vs-obama,2012,utah,31,63,6,NA,15024,PPP (D),2011-07-08,2011-07-10,Likely Voters,732,Automated Phone,Pollster,Dem,485,2012_15024_utah,NA,NA,NA,NA
2012-maryland-president-romney-vs-obama,2012,maryland,59,37,2,2,16577,YouGov,2012-10-31,2012-11-03,Likely Voters,705,Internet,Nonpartisan,None,3,2012_16577_maryland,NA,NA,NA,NA
2012-maryland-president-romney-vs-obama,2012,maryland,55,36,8,NA,16429,Baltimore Sun/OpinionWorks,2012-10-20,2012-10-23,Likely Voters,801,Live Phone,Nonpartisan,None,14,2012_16429_maryland,NA,NA,NA,NA
2012-maryland-president-romney-vs-obama,2012,maryland,60,36,2,2,16062,Washington Post,2012-10-11,2012-10-15,Likely Voters,843,Live Phone,Nonpartisan,None,22,2012_16062_maryland,NA,NA,NA,NA
2012-maryland-president-romney-vs-obama,2012,maryland,58,37,4,2,15852,YouGov,2012-10-04,2012-10-11,Likely Voters,498,Internet,Nonpartisan,None,26,2012_15852_maryland,NA,NA,NA,NA
2012-maryland-president-romney-vs-obama,2012,maryland,57,34,10,NA,15463,Baltimore Sun/OpinionWorks,2012-09-25,2012-09-27,Likely Voters,804,Live Phone,Nonpartisan,None,40,2012_15463_maryland,NA,NA,NA,NA
2012-maryland-president-romney-vs-obama,2012,maryland,55,36,8,1,15325,Gonzales Research,2012-09-17,2012-09-23,Likely Voters,813,Live Phone,Nonpartisan,None,44,2012_15325_maryland,NA,NA,NA,NA
2012-maryland-president-romney-vs-obama,2012,maryland,57,37,3,3,15229,YouGov,2012-09-07,2012-09-14,Likely Voters,686,Internet,Nonpartisan,None,53,2012_15229_maryland,NA,NA,NA,NA
2012-maryland-president-romney-vs-obama,2012,maryland,58,35,6,NA,13898,PPP (D)/Marylanders for Marriage Equality,2012-05-14,2012-05-21,Likely Voters,852,Live Phone,Sponsor,Dem,169,2012_13898_maryland,NA,NA,NA,NA
2012-oklahoma-president-romney-vs-obama,2012,oklahoma,33,58,8,NA,16203,SoonerPoll.com,2012-10-18,2012-10-24,Likely Voters,305,Live Phone,Nonpartisan,None,13,2012_16203_oklahoma,NA,NA,NA,NA
2012-oklahoma-president-romney-vs-obama,2012,oklahoma,29,58,13,NA,14703,SoonerPoll.com,2012-07-26,2012-08-14,Likely Voters,495,Live Phone,Nonpartisan,None,84,2012_14703_oklahoma,NA,NA,NA,NA
2012-oklahoma-president-romney-vs-obama,2012,oklahoma,27,62,11,NA,13856,SoonerPoll.com,2012-05-07,2012-05-10,Likely Voters,503,Live Phone,Nonpartisan,None,180,2012_13856_oklahoma,NA,NA,NA,NA
2012-north-dakota-president-romney-vs-obama,2012,north-dakota,40,54,3,NA,16371,Mason-Dixon,2012-10-26,2012-10-28,Likely Voters,625,Live Phone,Nonpartisan,None,9,2012_16371_north-dakota,NA,NA,NA,NA
2012-north-dakota-president-romney-vs-obama,2012,north-dakota,38,55,NA,NA,16325,Pharos Research Group,2012-10-26,2012-10-28,Likely Voters,752,Live Phone,Nonpartisan,None,9,2012_16325_north-dakota,NA,NA,NA,NA
2012-north-dakota-president-romney-vs-obama,2012,north-dakota,39,49,NA,NA,16246,Pharos Research Group,2012-10-19,2012-10-21,Likely Voters,807,Live Phone,Nonpartisan,None,16,2012_16246_north-dakota,NA,NA,NA,NA
2012-north-dakota-president-romney-vs-obama,2012,north-dakota,40,54,4,2,16060,Rasmussen,2012-10-17,2012-10-18,Likely Voters,600,Automated Phone,Nonpartisan,None,19,2012_16060_north-dakota,NA,NA,NA,NA
2012-north-dakota-president-romney-vs-obama,2012,north-dakota,32,57,10,1,16064,Essman/Research,2012-10-12,2012-10-15,Likely Voters,500,Live Phone,Nonpartisan,None,22,2012_16064_north-dakota,NA,NA,NA,NA
2012-north-dakota-president-romney-vs-obama,2012,north-dakota,40,54,5,NA,15618,Mason-Dixon,2012-10-03,2012-10-05,Likely Voters,625,Live Phone,Nonpartisan,None,32,2012_15618_north-dakota,NA,NA,NA,NA
2012-north-dakota-president-romney-vs-obama,2012,north-dakota,39,51,NA,NA,15399,DFM Research (D-ND Dems/NPL),2012-09-24,2012-09-27,Likely Voters,600,Live Phone,Sponsor,Dem,40,2012_15399_north-dakota,NA,NA,NA,NA
2012-north-dakota-president-romney-vs-obama,2012,north-dakota,35,54,NA,NA,14480,DFM Research (D-ND Dems/NPL),2012-07-24,2012-07-26,Likely Voters,400,Live Phone,Sponsor,Dem,103,2012_14480_north-dakota,NA,NA,NA,NA
2012-north-dakota-president-romney-vs-obama,2012,north-dakota,36,51,7,6,14336,Rasmussen,2012-07-10,2012-07-11,Likely Voters,400,Automated Phone,Nonpartisan,None,118,2012_14336_north-dakota,NA,NA,NA,NA
2012-north-dakota-president-romney-vs-obama,2012,north-dakota,39,52,NA,NA,14040,Mason-Dixon,2012-06-04,2012-06-06,Likely Voters,625,Live Phone,Nonpartisan,None,153,2012_14040_north-dakota,NA,NA,NA,NA
2012-north-dakota-president-romney-vs-obama,2012,north-dakota,32,51,NA,NA,13664,DFM Research (D-DSCC),2012-04-18,2012-04-26,Registered Voters,478,Live Phone,Sponsor,Dem,194,2012_13664_north-dakota,NA,NA,NA,NA
2012-washington-president-romney-vs-obama,2012,washington,53,46,1,NA,16521,PPP (D),2012-11-01,2012-11-03,Likely Voters,932,Automated Phone,Pollster,Dem,3,2012_16521_washington,NA,NA,NA,NA
2012-washington-president-romney-vs-obama,2012,washington,54,40,2,NA,16583,YouGov,2012-10-31,2012-11-03,Likely Voters,837,Internet,Nonpartisan,None,3,2012_16583_washington,NA,NA,NA,NA
2012-washington-president-romney-vs-obama,2012,washington,54,40,NA,NA,16415,SurveyUSA,2012-10-28,2012-10-31,Likely Voters,555,Mixed,Nonpartisan,None,6,2012_16415_washington,NA,NA,NA,NA
2012-washington-president-romney-vs-obama,2012,washington,57,36,4,NA,16435,University of Washington/KCTS9,2012-10-18,2012-10-31,Likely Voters,632,Live Phone,Nonpartisan,None,6,2012_16435_washington,NA,NA,NA,NA
2012-washington-president-romney-vs-obama,2012,washington,52,39,5,NA,16051,Strategies 360 (D),2012-10-17,2012-10-20,Likely Voters,500,Live Phone,Nonpartisan,None,17,2012_16051_washington,NA,NA,NA,NA
2012-washington-president-romney-vs-obama,2012,washington,50,45,4,NA,15913,PPP (D-Washington Conservation Voters),2012-10-15,2012-10-16,Likely Voters,574,Automated Phone,Sponsor,Dem,21,2012_15913_washington,NA,NA,NA,NA
2012-washington-president-romney-vs-obama,2012,washington,52,43,3,NA,15936,University of Washington/KCTS9,2012-10-01,2012-10-16,Likely Voters,644,Live Phone,Nonpartisan,None,21,2012_15936_washington,NA,NA,NA,NA
2012-washington-president-romney-vs-obama,2012,washington,55,42,1,NA,15884,Rasmussen,2012-10-14,2012-10-14,Likely Voters,500,Automated Phone,Nonpartisan,None,23,2012_15884_washington,NA,NA,NA,NA
2012-washington-president-romney-vs-obama,2012,washington,54,40,3,NA,15834,SurveyUSA,2012-10-12,2012-10-14,Likely Voters,543,IVR/Online,Nonpartisan,None,23,2012_15834_washington,NA,NA,NA,NA
2012-washington-president-romney-vs-obama,2012,washington,56,39,3,NA,15847,YouGov,2012-10-04,2012-10-11,Likely Voters,747,Internet,Nonpartisan,None,26,2012_15847_washington,NA,NA,NA,NA
2012-washington-president-romney-vs-obama,2012,washington,56,36,3,NA,15506,SurveyUSA,2012-09-28,2012-09-30,Likely Voters,540,IVR/Online,Nonpartisan,None,37,2012_15506_washington,NA,NA,NA,NA
2012-washington-president-romney-vs-obama,2012,washington,52,41,4,NA,15412,Rasmussen,2012-09-26,2012-09-26,Likely Voters,500,Automated Phone,Nonpartisan,None,41,2012_15412_washington,NA,NA,NA,NA
2012-washington-president-romney-vs-obama,2012,washington,56,39,5,NA,15356,Gravis Marketing,2012-09-21,2012-09-22,Likely Voters,625,Automated Phone,Nonpartisan,None,45,2012_15356_washington,NA,NA,NA,NA
2012-washington-president-romney-vs-obama,2012,washington,53,39,3,NA,15212,YouGov,2012-09-07,2012-09-14,Likely Voters,880,Internet,Nonpartisan,None,53,2012_15212_washington,NA,NA,NA,NA
2012-washington-president-romney-vs-obama,2012,washington,53,36,NA,NA,15051,Elway,2012-09-09,2012-09-12,Registered Voters,405,Live Phone,Nonpartisan,None,55,2012_15051_washington,NA,NA,NA,NA
2012-washington-president-romney-vs-obama,2012,washington,54,38,4,NA,14955,SurveyUSA,2012-09-07,2012-09-09,Likely Voters,524,IVR/Online,Nonpartisan,None,58,2012_14955_washington,NA,NA,NA,NA
2012-washington-president-romney-vs-obama,2012,washington,46,36,17,NA,15428,Moore Information (R),2012-08-06,2012-08-07,Likely Voters,500,Live Phone,Pollster,Rep,91,2012_15428_washington,NA,NA,NA,NA
2012-washington-president-romney-vs-obama,2012,washington,54,37,5,NA,14569,SurveyUSA,2012-08-01,2012-08-02,Likely Voters,524,IVR/Online,Nonpartisan,None,96,2012_14569_washington,NA,NA,NA,NA
2012-washington-president-romney-vs-obama,2012,washington,46,37,NA,NA,14404,SurveyUSA,2012-07-16,2012-07-18,Registered Voters,630,IVR/Online,Nonpartisan,None,111,2012_14404_washington,NA,NA,NA,NA
2012-washington-president-romney-vs-obama,2012,washington,54,41,5,NA,14134,PPP (D),2012-06-14,2012-06-17,Likely Voters,1073,Automated Phone,Pollster,Dem,142,2012_14134_washington,NA,NA,NA,NA
2012-washington-president-romney-vs-obama,2012,washington,49,41,NA,NA,14123,Elway,2012-06-13,2012-06-16,Registered Voters,408,Live Phone,Nonpartisan,None,143,2012_14123_washington,NA,NA,NA,NA
2012-washington-president-romney-vs-obama,2012,washington,50,36,14,NA,13766,SurveyUSA,2012-05-08,2012-05-09,Registered Voters,557,IVR/Online,Nonpartisan,None,181,2012_13766_washington,NA,NA,NA,NA
2012-washington-president-romney-vs-obama,2012,washington,53,38,9,NA,13025,PPP (D),2012-02-16,2012-02-19,Likely Voters,1264,Automated Phone,Pollster,Dem,261,2012_13025_washington,NA,NA,NA,NA
2012-washington-president-romney-vs-obama,2012,washington,50,39,11,NA,13459,SurveyUSA,2012-02-13,2012-02-15,Registered Voters,572,IVR/Online,Nonpartisan,None,265,2012_13459_washington,NA,NA,NA,NA
2012-washington-president-romney-vs-obama,2012,washington,49,38,12,NA,13155,Elway,2012-02-07,2012-02-09,Likely Voters,405,Live Phone,Nonpartisan,None,271,2012_13155_washington,NA,NA,NA,NA
2012-washington-president-romney-vs-obama,2012,washington,50,39,11,NA,13154,SurveyUSA,2012-01-12,2012-01-16,Likely Voters,572,IVR/Online,Nonpartisan,None,295,2012_13154_washington,NA,NA,NA,NA
2012-vermont-president-romney-vs-obama,2012,vermont,62,25,7,1,14755,Castleton State College,2012-08-11,2012-08-21,Likely Voters,477,Automated Phone,Nonpartisan,None,77,2012_14755_vermont,NA,NA,NA,NA
2012-vermont-president-romney-vs-obama,2012,vermont,58,33,NA,6,13458,Castleton State College,2012-02-11,2012-02-22,Registered Voters,664,Automated Phone,Nonpartisan,None,258,2012_13458_vermont,NA,NA,NA,NA
2012-texas-president-romney-vs-obama,2012,texas,38,57,2,3,16596,YouGov,2012-10-31,2012-11-03,Likely Voters,1563,Internet,Nonpartisan,None,3,2012_16596_texas,NA,NA,NA,NA
2012-texas-president-romney-vs-obama,2012,texas,39,55,NA,6,16331,YouGov/U of Texas/Texas Tribune,2012-10-15,2012-10-21,Likely Voters,540,Internet,Nonpartisan,None,16,2012_16331_texas,NA,NA,NA,NA
2012-texas-president-romney-vs-obama,2012,texas,41,55,2,2,15872,YouGov,2012-10-04,2012-10-11,Likely Voters,957,Internet,Nonpartisan,None,26,2012_15872_texas,NA,NA,NA,NA
2012-texas-president-romney-vs-obama,2012,texas,39,58,4,NA,15488,Texas Lyceum,2012-09-10,2012-09-26,Likely Voters,443,Live Phone,Nonpartisan,None,41,2012_15488_texas,NA,NA,NA,NA
2012-texas-president-romney-vs-obama,2012,texas,41,53,2,4,15231,YouGov,2012-09-07,2012-09-14,Likely Voters,1165,Internet,Nonpartisan,None,53,2012_15231_texas,NA,NA,NA,NA
2012-texas-president-romney-vs-obama,2012,texas,40,55,3,2,14990,Wilson Perkins Allen Opinion Research (R),2012-09-09,2012-09-11,Likely Voters,1000,Live Phone,Pollster,Rep,56,2012_14990_texas,NA,NA,NA,NA
2012-texas-president-romney-vs-obama,2012,texas,35,55,NA,NA,13863,YouGov/U of Texas/Texas Tribune,2012-05-07,2012-05-13,Likely Voters,511,Internet,Nonpartisan,None,177,2012_13863_texas,NA,NA,NA,NA
2012-texas-president-romney-vs-obama,2012,texas,43,50,7,NA,13603,PPP (D),2012-04-19,2012-04-22,Likely Voters,591,Automated Phone,Pollster,Dem,198,2012_13603_texas,NA,NA,NA,NA
2012-texas-president-romney-vs-obama,2012,texas,36,49,NA,NA,13457,U of Texas/Texas Tribune,2012-02-08,2012-02-15,Likely Voters,529,Internet,Nonpartisan,None,265,2012_13457_texas,NA,NA,NA,NA
2012-texas-president-romney-vs-obama,2012,texas,42,49,9,NA,12647,PPP (D),2012-01-12,2012-01-15,Likely Voters,700,Automated Phone,Pollster,Dem,296,2012_12647_texas,NA,NA,NA,NA
2012-tennessee-president-romney-vs-obama,2012,tennessee,42,53,3,2,16594,YouGov,2012-10-31,2012-11-03,Likely Voters,697,Internet,Nonpartisan,None,3,2012_16594_tennessee,NA,NA,NA,NA
2012-tennessee-president-romney-vs-obama,2012,tennessee,34,59,6,1,16330,MTSU,2012-10-16,2012-10-21,Likely Voters,609,Live Phone,Nonpartisan,None,16,2012_16330_tennessee,NA,NA,NA,NA
2012-tennessee-president-romney-vs-obama,2012,tennessee,43,52,4,2,15871,YouGov,2012-10-04,2012-10-11,Likely Voters,484,Internet,Nonpartisan,None,26,2012_15871_tennessee,NA,NA,NA,NA
2012-tennessee-president-romney-vs-obama,2012,tennessee,42,50,4,4,15226,YouGov,2012-09-07,2012-09-14,Likely Voters,694,Internet,Nonpartisan,None,53,2012_15226_tennessee,NA,NA,NA,NA
2012-tennessee-president-romney-vs-obama,2012,tennessee,40,47,NA,NA,13845,Vanderbit/PSRA,2012-05-02,2012-05-09,Registered Voters,826,Live Phone,Nonpartisan,None,181,2012_13845_tennessee,NA,NA,NA,NA
2012-tennessee-president-romney-vs-obama,2012,tennessee,41,47,NA,NA,13087,MTSU,2012-02-13,2012-02-25,Likely Voters,416,Live Phone,Nonpartisan,None,255,2012_13087_tennessee,NA,NA,NA,NA
2012-tennessee-president-romney-vs-obama,2012,tennessee,39,42,7,NA,13125,Vanderbit/PSRA,2012-02-16,2012-02-22,Registered Voters,1508,Live Phone,Nonpartisan,None,258,2012_13125_tennessee,NA,NA,NA,NA
2012-tennessee-president-romney-vs-obama,2012,tennessee,29,44,NA,NA,12578,MTSU,2011-10-03,2011-10-14,Adults,640,Live Phone,Nonpartisan,None,389,2012_12578_tennessee,NA,NA,NA,NA
2012-south-dakota-president-romney-vs-obama,2012,south-dakota,41,53,6,NA,16663,Nielson Brothers,2012-10-31,2012-11-04,Likely Voters,617,Automated Phone,Nonpartisan,None,2,2012_16663_south-dakota,NA,NA,NA,NA
2012-south-dakota-president-romney-vs-obama,2012,south-dakota,42,50,8,NA,16499,Nielson Brothers,2012-10-28,2012-10-31,Likely Voters,777,Automated Phone,Nonpartisan,None,6,2012_16499_south-dakota,NA,NA,NA,NA
2012-south-dakota-president-romney-vs-obama,2012,south-dakota,41,52,7,NA,15753,Nielson Brothers,2012-10-01,2012-10-05,Likely Voters,749,Automated Phone,Nonpartisan,None,32,2012_15753_south-dakota,NA,NA,NA,NA
2012-south-dakota-president-romney-vs-obama,2012,south-dakota,39,54,7,NA,15249,Nielson Brothers,2012-08-29,2012-09-06,Likely Voters,512,Automated Phone,Nonpartisan,None,61,2012_15249_south-dakota,NA,NA,NA,NA
2012-south-dakota-president-romney-vs-obama,2012,south-dakota,43,49,8,NA,14558,Nielson Brothers,2012-07-19,2012-07-23,Registered Voters,546,Automated Phone,Nonpartisan,None,106,2012_14558_south-dakota,NA,NA,NA,NA
2012-south-dakota-president-romney-vs-obama,2012,south-dakota,35,44,21,NA,13456,Nielson Brothers,2012-02-15,2012-02-17,Registered Voters,559,Automated Phone,Nonpartisan,None,263,2012_13456_south-dakota,NA,NA,NA,NA
2012-south-carolina-president-romney-vs-obama,2012,south-carolina,40,46,NA,NA,12475,Ipsos/Reuters (Internet),2012-01-10,2012-01-13,Registered Voters,995,Internet,Nonpartisan,None,298,2012_12475_south-carolina,NA,NA,NA,NA
2012-south-carolina-president-romney-vs-obama,2012,south-carolina,45,42,13,NA,12565,Marist College,2011-12-04,2011-12-06,Likely Voters,2107,Live Phone,Nonpartisan,None,336,2012_12565_south-carolina,NA,NA,NA,NA
2012-south-carolina-president-romney-vs-obama,2012,south-carolina,40,46,14,NA,12566,Marist College,2011-10-11,2011-10-13,Likely Voters,2131,Live Phone,Nonpartisan,None,390,2012_12566_south-carolina,NA,NA,NA,NA
2012-oregon-president-romney-vs-obama,2012,oregon,52,46,3,NA,16491,PPP (D),2012-10-31,2012-11-01,Likely Voters,921,Automated Phone,Pollster,Dem,5,2012_16491_oregon,NA,NA,NA,NA
2012-oregon-president-romney-vs-obama,2012,oregon,47,41,9,NA,16315,Elway/Oregonian,2012-10-25,2012-10-28,Likely Voters,405,Live Phone,Nonpartisan,None,9,2012_16315_oregon,NA,NA,NA,NA
2012-oregon-president-romney-vs-obama,2012,oregon,47,42,12,NA,16329,Hoffman Research (R),2012-10-24,2012-10-25,Likely Voters,615,Live Phone,Pollster,Rep,12,2012_16329_oregon,NA,NA,NA,NA
2012-oregon-president-romney-vs-obama,2012,oregon,49,42,5,NA,15941,SurveyUSA,2012-10-16,2012-10-18,Likely Voters,579,IVR/Online,Nonpartisan,None,19,2012_15941_oregon,NA,NA,NA,NA
2012-oregon-president-romney-vs-obama,2012,oregon,50,41,5,NA,15097,SurveyUSA,2012-09-10,2012-09-13,Likely Voters,552,IVR/Online,Nonpartisan,None,54,2012_15097_oregon,NA,NA,NA,NA
2012-oregon-president-romney-vs-obama,2012,oregon,50,42,8,NA,14185,PPP (D),2012-06-21,2012-06-24,Likely Voters,686,Automated Phone,Pollster,Dem,135,2012_14185_oregon,NA,NA,NA,NA
2012-oregon-president-romney-vs-obama,2012,oregon,47,43,10,NA,13744,SurveyUSA,2012-05-07,2012-05-10,Registered Voters,1468,IVR/Online,Nonpartisan,None,180,2012_13744_oregon,NA,NA,NA,NA
2012-oregon-president-romney-vs-obama,2012,oregon,50,39,11,NA,13294,SurveyUSA,2012-03-14,2012-03-19,Likely Voters,1615,IVR/Online,Nonpartisan,None,232,2012_13294_oregon,NA,NA,NA,NA
2012-new-york-president-romney-vs-obama,2012,new-york,59,36,3,2,16579,YouGov,2012-10-31,2012-11-03,Likely Voters,1430,Internet,Nonpartisan,None,3,2012_16579_new-york,NA,NA,NA,NA
2012-new-york-president-romney-vs-obama,2012,new-york,62,33,2,4,16219,SurveyUSA,2012-10-23,2012-10-25,Likely Voters,554,IVR/Online,Nonpartisan,None,12,2012_16219_new-york,NA,NA,NA,NA
2012-new-york-president-romney-vs-obama,2012,new-york,59,35,6,NA,16188,Siena,2012-10-22,2012-10-24,Likely Voters,750,Live Phone,Nonpartisan,None,13,2012_16188_new-york,NA,NA,NA,NA
2012-new-york-president-romney-vs-obama,2012,new-york,61,35,3,1,16137,Marist,2012-10-18,2012-10-21,Likely Voters,565,Live Phone,Nonpartisan,None,16,2012_16137_new-york,NA,NA,NA,NA
2012-new-york-president-romney-vs-obama,2012,new-york,59,35,4,2,15856,YouGov,2012-10-04,2012-10-11,Likely Voters,1403,Internet,Nonpartisan,None,26,2012_15856_new-york,NA,NA,NA,NA
2012-new-york-president-romney-vs-obama,2012,new-york,58,36,4,2,15227,YouGov,2012-09-07,2012-09-14,Likely Voters,1403,Internet,Nonpartisan,None,53,2012_15227_new-york,NA,NA,NA,NA
2012-new-york-president-romney-vs-obama,2012,new-york,62,34,2,1,14998,Quinnipiac,2012-09-04,2012-09-12,Likely Voters,1486,Live Phone,Nonpartisan,None,55,2012_14998_new-york,NA,NA,NA,NA
2012-new-york-president-romney-vs-obama,2012,new-york,62,33,5,NA,14726,Siena,2012-08-14,2012-08-19,Likely Voters,671,Live Phone,Nonpartisan,None,79,2012_14726_new-york,NA,NA,NA,NA
2012-new-york-president-romney-vs-obama,2012,new-york,55,32,10,2,14440,Quinnipiac,2012-07-17,2012-07-23,Registered Voters,1779,Live Phone,Nonpartisan,None,106,2012_14440_new-york,NA,NA,NA,NA
2012-new-york-president-romney-vs-obama,2012,new-york,61,34,5,NA,14362,Siena,2012-07-10,2012-07-15,Registered Voters,758,Live Phone,Nonpartisan,None,114,2012_14362_new-york,NA,NA,NA,NA
2012-new-york-president-romney-vs-obama,2012,new-york,59,35,6,NA,14068,Siena,2012-06-03,2012-06-06,Registered Voters,807,Live Phone,Nonpartisan,None,153,2012_14068_new-york,NA,NA,NA,NA
2012-new-york-president-romney-vs-obama,2012,new-york,56,31,8,2,13968,Quinnipiac,2012-05-22,2012-05-28,Registered Voters,1504,Live Phone,Nonpartisan,None,162,2012_13968_new-york,NA,NA,NA,NA
2012-new-york-president-romney-vs-obama,2012,new-york,57,37,6,NA,13797,Siena,2012-05-06,2012-05-10,Registered Voters,766,Live Phone,Nonpartisan,None,180,2012_13797_new-york,NA,NA,NA,NA
2012-new-york-president-romney-vs-obama,2012,new-york,57,35,8,NA,13554,Marist,2012-04-10,2012-04-12,Registered Voters,632,Live Phone,Nonpartisan,None,208,2012_13554_new-york,NA,NA,NA,NA
2012-new-york-president-romney-vs-obama,2012,new-york,60,35,5,NA,13492,Siena,2012-04-01,2012-04-04,Registered Voters,808,Live Phone,Nonpartisan,None,216,2012_13492_new-york,NA,NA,NA,NA
2012-new-york-president-romney-vs-obama,2012,new-york,56,33,10,2,13439,Quinnipiac,2012-03-28,2012-04-02,Registered Voters,1597,Live Phone,Nonpartisan,None,218,2012_13439_new-york,NA,NA,NA,NA
2012-new-york-president-romney-vs-obama,2012,new-york,60,34,6,NA,13321,Siena,2012-02-26,2012-02-29,Registered Voters,808,Live Phone,Nonpartisan,None,251,2012_13321_new-york,NA,NA,NA,NA
2012-new-york-president-romney-vs-obama,2012,new-york,52,35,7,2,13146,Quinnipiac,2012-02-08,2012-02-13,Registered Voters,1233,Live Phone,Nonpartisan,None,267,2012_13146_new-york,NA,NA,NA,NA
2012-new-york-president-romney-vs-obama,2012,new-york,63,31,6,NA,13322,Siena,2012-01-29,2012-02-01,Registered Voters,807,Live Phone,Nonpartisan,None,279,2012_13322_new-york,NA,NA,NA,NA
2012-new-york-president-romney-vs-obama,2012,new-york,58,35,7,NA,13455,Marist,2012-01-18,2012-01-19,Registered Voters,554,Live Phone,Nonpartisan,None,292,2012_13455_new-york,NA,NA,NA,NA
2012-new-jersey-president-romney-vs-obama,2012,new-jersey,53,41,4,2,16587,YouGov,2012-10-31,2012-11-03,Likely Voters,987,Internet,Nonpartisan,None,3,2012_16587_new-jersey,NA,NA,NA,NA
2012-new-jersey-president-romney-vs-obama,2012,new-jersey,51,41,8,NA,16213,Philadelphia Inquirer/National Research (R)/GSG (D),2012-10-23,2012-10-25,Likely Voters,601,Live Phone,Nonpartisan,None,12,2012_16213_new-jersey,NA,NA,NA,NA
2012-new-jersey-president-romney-vs-obama,2012,new-jersey,54,40,4,2,15975,SurveyUSA,2012-10-17,2012-10-18,Registered Voters,577,IVR/Online,Nonpartisan,None,19,2012_15975_new-jersey,NA,NA,NA,NA
2012-new-jersey-president-romney-vs-obama,2012,new-jersey,53,38,NA,NA,15982,Stockton,2012-10-12,2012-10-18,Likely Voters,811,Live Phone,Nonpartisan,None,19,2012_15982_new-jersey,NA,NA,NA,NA
2012-new-jersey-president-romney-vs-obama,2012,new-jersey,48,41,NA,NA,15870,Neighborhood (R-AFP),2012-10-10,2012-10-14,Likely Voters,783,Live Phone,Sponsor,Rep,23,2012_15870_new-jersey,NA,NA,NA,NA
2012-new-jersey-president-romney-vs-obama,2012,new-jersey,51,43,5,1,15819,Quinnipiac,2012-10-10,2012-10-14,Likely Voters,1319,Live Phone,Nonpartisan,None,23,2012_15819_new-jersey,NA,NA,NA,NA
2012-new-jersey-president-romney-vs-obama,2012,new-jersey,54,41,3,2,15846,YouGov,2012-10-04,2012-10-11,Likely Voters,770,Internet,Nonpartisan,None,26,2012_15846_new-jersey,NA,NA,NA,NA
2012-new-jersey-president-romney-vs-obama,2012,new-jersey,51,40,10,NA,15691,Philadelphia Inquirer/National Research (R)/GSG (D),2012-10-04,2012-10-08,Likely Voters,604,Live Phone,Nonpartisan,None,29,2012_15691_new-jersey,NA,NA,NA,NA
2012-new-jersey-president-romney-vs-obama,2012,new-jersey,56,39,4,2,15491,Rutgers-Eagleton,2012-09-27,2012-09-30,Likely Voters,645,Live Phone,Nonpartisan,None,37,2012_15491_new-jersey,NA,NA,NA,NA
2012-new-jersey-president-romney-vs-obama,2012,new-jersey,52,37,10,1,15299,Monmouth University/Asbury Park Press,2012-09-19,2012-09-23,Likely Voters,613,Live Phone,Nonpartisan,None,44,2012_15299_new-jersey,NA,NA,NA,NA
2012-new-jersey-president-romney-vs-obama,2012,new-jersey,52,40,4,3,15195,YouGov,2012-09-07,2012-09-14,Likely Voters,1040,Internet,Nonpartisan,None,53,2012_15195_new-jersey,NA,NA,NA,NA
2012-new-jersey-president-romney-vs-obama,2012,new-jersey,51,37,12,NA,15075,Philadelphia Inquirer/National Research (R)/GSG (D),2012-09-09,2012-09-12,Likely Voters,600,Live Phone,Nonpartisan,None,55,2012_15075_new-jersey,NA,NA,NA,NA
2012-new-jersey-president-romney-vs-obama,2012,new-jersey,52,38,9,1,15035,Fairleigh Dickinson,2012-09-06,2012-09-12,Likely Voters,706,Live Phone,Nonpartisan,None,55,2012_15035_new-jersey,NA,NA,NA,NA
2012-new-jersey-president-romney-vs-obama,2012,new-jersey,51,44,4,1,14902,Quinnipiac,2012-08-27,2012-09-02,Likely Voters,1471,Live Phone,Nonpartisan,None,65,2012_14902_new-jersey,NA,NA,NA,NA
2012-new-jersey-president-romney-vs-obama,2012,new-jersey,51,37,5,6,14821,Rutgers-Eagleton,2012-08-23,2012-08-25,Likely Voters,710,Live Phone,Nonpartisan,None,73,2012_14821_new-jersey,NA,NA,NA,NA
2012-new-jersey-president-romney-vs-obama,2012,new-jersey,49,36,15,NA,14543,Fairleigh Dickinson,2012-07-23,2012-07-29,Registered Voters,945,Live Phone,Nonpartisan,None,100,2012_14543_new-jersey,NA,NA,NA,NA
2012-new-jersey-president-romney-vs-obama,2012,new-jersey,50,42,6,1,14456,Monmouth University/Asbury Park Press,2012-07-18,2012-07-22,Likely Voters,535,Live Phone,Nonpartisan,None,107,2012_14456_new-jersey,NA,NA,NA,NA
2012-new-jersey-president-romney-vs-obama,2012,new-jersey,49,38,11,2,14371,Quinnipiac,2012-07-09,2012-07-15,Registered Voters,1623,Live Phone,Nonpartisan,None,114,2012_14371_new-jersey,NA,NA,NA,NA
2012-new-jersey-president-romney-vs-obama,2012,new-jersey,56,33,9,3,14088,Rutgers-Eagleton,2012-05-31,2012-06-04,Registered Voters,1065,Live Phone,Nonpartisan,None,155,2012_14088_new-jersey,NA,NA,NA,NA
2012-new-jersey-president-romney-vs-obama,2012,new-jersey,49,39,10,2,13812,Quinnipiac,2012-05-09,2012-05-14,Registered Voters,1582,Live Phone,Nonpartisan,None,176,2012_13812_new-jersey,NA,NA,NA,NA
2012-new-jersey-president-romney-vs-obama,2012,new-jersey,50,36,14,NA,13726,Fairleigh Dickinson,2012-04-30,2012-05-06,Registered Voters,797,Live Phone,Nonpartisan,None,184,2012_13726_new-jersey,NA,NA,NA,NA
2012-new-jersey-president-romney-vs-obama,2012,new-jersey,49,40,9,2,13518,Quinnipiac,2012-04-03,2012-04-09,Registered Voters,1607,Live Phone,Nonpartisan,None,211,2012_13518_new-jersey,NA,NA,NA,NA
2012-new-jersey-president-romney-vs-obama,2012,new-jersey,50,37,13,NA,13453,Fairleigh Dickinson,2012-03-05,2012-03-11,Registered Voters,800,Live Phone,Nonpartisan,None,240,2012_13453_new-jersey,NA,NA,NA,NA
2012-new-jersey-president-romney-vs-obama,2012,new-jersey,49,39,7,1,13086,Quinnipiac,2012-02-21,2012-02-27,Registered Voters,1396,Live Phone,Nonpartisan,None,253,2012_13086_new-jersey,NA,NA,NA,NA
2012-new-jersey-president-romney-vs-obama,2012,new-jersey,52,38,10,NA,13085,SurveyUSA,2012-02-24,2012-02-26,Registered Voters,533,IVR/Online,Nonpartisan,None,254,2012_13085_new-jersey,NA,NA,NA,NA
2012-new-jersey-president-romney-vs-obama,2012,new-jersey,56,31,13,NA,13088,Rutgers-Eagleton,2012-02-09,2012-02-11,Registered Voters,914,Live Phone,Nonpartisan,None,269,2012_13088_new-jersey,NA,NA,NA,NA
2012-new-jersey-president-romney-vs-obama,2012,new-jersey,48,38,9,2,12499,Quinnipiac,2012-01-10,2012-01-16,Registered Voters,1460,Live Phone,Nonpartisan,None,295,2012_12499_new-jersey,NA,NA,NA,NA
2012-new-jersey-president-romney-vs-obama,2012,new-jersey,51,32,NA,NA,12575,Rutgers-Eagleton,2011-12-15,2011-12-18,Registered Voters,823,Live Phone,Nonpartisan,None,324,2012_12575_new-jersey,NA,NA,NA,NA
2012-new-jersey-president-romney-vs-obama,2012,new-jersey,49,40,7,2,12131,Quinnipiac,2011-11-09,2011-11-14,Registered Voters,1788,Live Phone,Nonpartisan,None,358,2012_12131_new-jersey,NA,NA,NA,NA
2012-new-jersey-president-romney-vs-obama,2012,new-jersey,47,41,7,2,11959,Quinnipiac,2011-10-05,2011-10-10,Registered Voters,1186,Live Phone,Nonpartisan,None,393,2012_11959_new-jersey,NA,NA,NA,NA
2012-nebraska-president-romney-vs-obama,2012,nebraska,41,54,3,2,16457,We Ask America,2012-11-01,2012-11-01,Likely Voters,1178,Automated Phone,Nonpartisan,None,5,2012_16457_nebraska,NA,NA,NA,NA
2012-nebraska-president-romney-vs-obama,2012,nebraska,39,58,NA,NA,16324,Pharos Research Group,2012-10-26,2012-10-28,Likely Voters,761,Live Phone,Nonpartisan,None,9,2012_16324_nebraska,NA,NA,NA,NA
2012-nebraska-president-romney-vs-obama,2012,nebraska,38,52,NA,NA,16265,Wiese/Omaha World-Herald,2012-10-23,2012-10-25,Likely Voters,679,Live Phone,Nonpartisan,None,12,2012_16265_nebraska,NA,NA,NA,NA
2012-nebraska-president-romney-vs-obama,2012,nebraska,41,51,NA,NA,16248,Pharos Research Group,2012-10-19,2012-10-21,Likely Voters,783,Live Phone,Nonpartisan,None,16,2012_16248_nebraska,NA,NA,NA,NA
2012-nebraska-president-romney-vs-obama,2012,nebraska,39,53,6,2,15275,Wiese/Omaha World-Herald,2012-09-17,2012-09-20,Likely Voters,656,Live Phone,Nonpartisan,None,47,2012_15275_nebraska,NA,NA,NA,NA
2012-nebraska-president-romney-vs-obama,2012,nebraska,39,53,3,6,13833,Rasmussen,2012-05-16,2012-05-16,Likely Voters,500,Automated Phone,Nonpartisan,None,174,2012_13833_nebraska,NA,NA,NA,NA
2012-nebraska-president-romney-vs-obama,2012,nebraska,39,51,10,NA,13373,PPP (D),2012-03-22,2012-03-25,Likely Voters,1028,Automated Phone,Pollster,Dem,226,2012_13373_nebraska,NA,NA,NA,NA
2012-nebraska-president-romney-vs-obama,2012,nebraska,35,52,3,10,13452,Rasmussen,2012-03-05,2012-03-05,Likely Voters,500,Automated Phone,Nonpartisan,None,246,2012_13452_nebraska,NA,NA,NA,NA
2012-montana-president-romney-vs-obama,2012,montana,45,52,3,NA,16561,PPP (D),2012-11-02,2012-11-03,Likely Voters,836,Automated Phone,Pollster,Dem,3,2012_16561_montana,NA,NA,NA,NA
2012-montana-president-romney-vs-obama,2012,montana,43,53,2,2,16553,The Lee Newspapers Poll/Mason-Dixon,2012-10-29,2012-10-31,Likely Voters,625,Live Phone,Nonpartisan,None,6,2012_16553_montana,NA,NA,NA,NA
2012-montana-president-romney-vs-obama,2012,montana,43,53,4,1,16552,Rasmussen,2012-10-29,2012-10-29,Likely Voters,500,Automated Phone,Nonpartisan,None,8,2012_16552_montana,NA,NA,NA,NA
2012-montana-president-romney-vs-obama,2012,montana,43,50,NA,NA,16326,Pharos Research Group,2012-10-26,2012-10-28,Likely Voters,799,Live Phone,Nonpartisan,None,9,2012_16326_montana,NA,NA,NA,NA
2012-montana-president-romney-vs-obama,2012,montana,41,48,NA,NA,16247,Pharos Research Group,2012-10-19,2012-10-21,Likely Voters,828,Live Phone,Nonpartisan,None,16,2012_16247_montana,NA,NA,NA,NA
2012-montana-president-romney-vs-obama,2012,montana,43,53,4,NA,15896,PPP (D-LCV),2012-10-15,2012-10-16,Likely Voters,806,Automated Phone,Sponsor,Dem,21,2012_15896_montana,NA,NA,NA,NA
2012-montana-president-romney-vs-obama,2012,montana,45,53,1,1,15867,Rasmussen,2012-10-14,2012-10-14,Likely Voters,500,Automated Phone,Nonpartisan,None,23,2012_15867_montana,NA,NA,NA,NA
2012-montana-president-romney-vs-obama,2012,montana,41,52,6,NA,15671,PPP (D),2012-10-08,2012-10-10,Likely Voters,737,Automated Phone,Pollster,Dem,27,2012_15671_montana,NA,NA,NA,NA
2012-montana-president-romney-vs-obama,2012,montana,35,49,10,6,15695,MSU-Billings,2012-09-27,2012-09-30,Adults,477,Live Phone,Nonpartisan,None,37,2012_15695_montana,NA,NA,NA,NA
2012-montana-president-romney-vs-obama,2012,montana,44,48,NA,NA,15591,Mellman (D-Montana JET PAC),2012-09-23,2012-09-26,Likely Voters,600,Live Phone,Sponsor,Dem,41,2012_15591_montana,NA,NA,NA,NA
2012-montana-president-romney-vs-obama,2012,montana,42,51,5,2,15263,The Lee Newspapers Poll/Mason-Dixon,2012-09-17,2012-09-19,Likely Voters,625,Live Phone,Nonpartisan,None,48,2012_15263_montana,NA,NA,NA,NA
2012-montana-president-romney-vs-obama,2012,montana,45,50,5,NA,14987,PPP (D),2012-09-10,2012-09-11,Likely Voters,656,Automated Phone,Pollster,Dem,56,2012_14987_montana,NA,NA,NA,NA
2012-montana-president-romney-vs-obama,2012,montana,38,55,4,4,14724,Rasmussen,2012-08-20,2012-08-20,Likely Voters,500,Automated Phone,Nonpartisan,None,78,2012_14724_montana,NA,NA,NA,NA
2012-montana-president-romney-vs-obama,2012,montana,42,51,2,5,14135,Rasmussen,2012-06-18,2012-06-18,Likely Voters,500,Automated Phone,Nonpartisan,None,141,2012_14135_montana,NA,NA,NA,NA
2012-montana-president-romney-vs-obama,2012,montana,44,51,1,3,13690,Rasmussen,2012-05-02,2012-05-02,Likely Voters,450,Automated Phone,Nonpartisan,None,188,2012_13690_montana,NA,NA,NA,NA
2012-montana-president-romney-vs-obama,2012,montana,43,48,9,NA,13673,PPP (D),2012-04-26,2012-04-29,Likely Voters,934,Automated Phone,Pollster,Dem,191,2012_13673_montana,NA,NA,NA,NA
2012-montana-president-romney-vs-obama,2012,montana,40,49,2,9,13431,Rasmussen,2012-04-02,2012-04-02,Likely Voters,500,Automated Phone,Nonpartisan,None,218,2012_13431_montana,NA,NA,NA,NA
2012-montana-president-romney-vs-obama,2012,montana,41,48,4,7,13144,Rasmussen,2012-02-22,2012-02-22,Likely Voters,500,Automated Phone,Nonpartisan,None,258,2012_13144_montana,NA,NA,NA,NA
2012-massachusetts-president-romney-vs-obama,2012,massachusetts,57,37,4,1,16609,UMass Lowell/Herald,2012-10-31,2012-11-03,Likely Voters,800,Live Phone,Nonpartisan,None,3,2012_16609_massachusetts,NA,NA,NA,NA
2012-massachusetts-president-romney-vs-obama,2012,massachusetts,57,37,3,3,16576,YouGov,2012-10-31,2012-11-03,Likely Voters,811,Internet,Nonpartisan,None,3,2012_16576_massachusetts,NA,NA,NA,NA
2012-massachusetts-president-romney-vs-obama,2012,massachusetts,57,42,2,NA,16484,PPP (D),2012-11-01,2012-11-02,Likely Voters,1089,Automated Phone,Pollster,Dem,4,2012_16484_massachusetts,NA,NA,NA,NA
2012-massachusetts-president-romney-vs-obama,2012,massachusetts,58,40,2,NA,16543,WNEU/MassLive.com,2012-10-26,2012-11-01,Likely Voters,535,Live Phone,Nonpartisan,None,5,2012_16543_massachusetts,NA,NA,NA,NA
2012-massachusetts-president-romney-vs-obama,2012,massachusetts,63,31,3,2,16332,Suffolk,2012-10-25,2012-10-28,Likely Voters,600,Live Phone,Nonpartisan,None,9,2012_16332_massachusetts,NA,NA,NA,NA
2012-massachusetts-president-romney-vs-obama,2012,massachusetts,52,38,NA,NA,16276,Boston Globe/UNH,2012-10-24,2012-10-28,Likely Voters,583,Live Phone,Nonpartisan,None,9,2012_16276_massachusetts,NA,NA,NA,NA
2012-massachusetts-president-romney-vs-obama,2012,massachusetts,59,40,1,NA,16361,Rasmussen,2012-10-25,2012-10-25,Likely Voters,500,Automated Phone,Nonpartisan,None,12,2012_16361_massachusetts,NA,NA,NA,NA
2012-massachusetts-president-romney-vs-obama,2012,massachusetts,56,36,7,2,16103,MassINC/WBUR,2012-10-21,2012-10-22,Likely Voters,516,Live Phone,Nonpartisan,None,15,2012_16103_massachusetts,NA,NA,NA,NA
2012-massachusetts-president-romney-vs-obama,2012,massachusetts,55,39,6,NA,16034,Kimball Political Consulting (R),2012-10-18,2012-10-21,Likely Voters,761,Automated Phone,Pollster,Rep,16,2012_16034_massachusetts,NA,NA,NA,NA
2012-massachusetts-president-romney-vs-obama,2012,massachusetts,57,39,NA,NA,15898,PPP (D-LCV),2012-10-15,2012-10-16,Likely Voters,709,Automated Phone,Sponsor,Dem,21,2012_15898_massachusetts,NA,NA,NA,NA
2012-massachusetts-president-romney-vs-obama,2012,massachusetts,55,41,4,NA,15712,PPP (D),2012-10-09,2012-10-11,Likely Voters,1051,Automated Phone,Pollster,Dem,26,2012_15712_massachusetts,NA,NA,NA,NA
2012-massachusetts-president-romney-vs-obama,2012,massachusetts,55,36,5,4,15854,YouGov,2012-10-04,2012-10-11,Likely Voters,669,Internet,Nonpartisan,None,26,2012_15854_massachusetts,NA,NA,NA,NA
2012-massachusetts-president-romney-vs-obama,2012,massachusetts,57,42,1,NA,15831,Rasmussen,2012-10-10,2012-10-10,Likely Voters,500,Automated Phone,Nonpartisan,None,27,2012_15831_massachusetts,NA,NA,NA,NA
2012-massachusetts-president-romney-vs-obama,2012,massachusetts,55,34,9,2,15638,UMass Amherst/YouGov,2012-10-02,2012-10-08,Likely Voters,437,Internet,Nonpartisan,None,29,2012_15638_massachusetts,NA,NA,NA,NA
2012-massachusetts-president-romney-vs-obama,2012,massachusetts,52,36,10,2,15620,MassINC/WBUR,2012-10-05,2012-10-07,Likely Voters,501,Live Phone,Nonpartisan,None,30,2012_15620_massachusetts,NA,NA,NA,NA
2012-massachusetts-president-romney-vs-obama,2012,massachusetts,60,34,7,NA,15510,Mass Insight/Opinion Dynamics,2012-09-25,2012-09-30,Registered Voters,405,Live Phone,Nonpartisan,None,37,2012_15510_massachusetts,NA,NA,NA,NA
2012-massachusetts-president-romney-vs-obama,2012,massachusetts,57,30,11,2,15413,Boston Globe/UNH,2012-09-21,2012-09-27,Likely Voters,502,Live Phone,Nonpartisan,None,40,2012_15413_massachusetts,NA,NA,NA,NA
2012-massachusetts-president-romney-vs-obama,2012,massachusetts,55,40,2,3,15329,Rasmussen,2012-09-24,2012-09-24,Likely Voters,500,Automated Phone,Nonpartisan,None,43,2012_15329_massachusetts,NA,NA,NA,NA
2012-massachusetts-president-romney-vs-obama,2012,massachusetts,60,36,5,NA,15145,UMass Lowell/Herald,2012-09-13,2012-09-17,Likely Voters,497,Live Phone,Nonpartisan,None,50,2012_15145_massachusetts,NA,NA,NA,NA
2012-massachusetts-president-romney-vs-obama,2012,massachusetts,57,39,4,NA,15111,PPP (D),2012-09-13,2012-09-16,Likely Voters,876,Automated Phone,Pollster,Dem,51,2012_15111_massachusetts,NA,NA,NA,NA
2012-massachusetts-president-romney-vs-obama,2012,massachusetts,64,31,4,3,15092,Suffolk,2012-09-13,2012-09-16,Likely Voters,600,Live Phone,Nonpartisan,None,51,2012_15092_massachusetts,NA,NA,NA,NA
2012-massachusetts-president-romney-vs-obama,2012,massachusetts,55,39,4,3,15222,YouGov,2012-09-07,2012-09-14,Likely Voters,825,Internet,Nonpartisan,None,53,2012_15222_massachusetts,NA,NA,NA,NA
2012-massachusetts-president-romney-vs-obama,2012,massachusetts,60,38,3,NA,15101,WNEU/MassLive.com,2012-09-06,2012-09-13,Likely Voters,444,Live Phone,Nonpartisan,None,54,2012_15101_massachusetts,NA,NA,NA,NA
2012-massachusetts-president-romney-vs-obama,2012,massachusetts,56,40,9,NA,14954,Kimball Political Consulting (R),2012-09-07,2012-09-09,Likely Voters,756,Automated Phone,Pollster,Rep,58,2012_14954_massachusetts,NA,NA,NA,NA
2012-massachusetts-president-romney-vs-obama,2012,massachusetts,52,41,7,NA,14792,Kimball Political Consulting (R),2012-08-21,2012-08-21,Likely Voters,592,Automated Phone,Pollster,Rep,77,2012_14792_massachusetts,NA,NA,NA,NA
2012-massachusetts-president-romney-vs-obama,2012,massachusetts,55,39,6,NA,14738,PPP (D),2012-08-16,2012-08-19,Likely Voters,1115,Automated Phone,Pollster,Dem,79,2012_14738_massachusetts,NA,NA,NA,NA
2012-massachusetts-president-romney-vs-obama,2012,massachusetts,55,39,6,NA,14195,PPP (D),2012-06-22,2012-06-24,Likely Voters,902,Automated Phone,Pollster,Dem,135,2012_14195_massachusetts,NA,NA,NA,NA
2012-massachusetts-president-romney-vs-obama,2012,massachusetts,56,34,9,NA,13986,WNEU/MassLive.com,2012-05-29,2012-05-31,Registered Voters,504,Live Phone,Nonpartisan,None,159,2012_13986_massachusetts,NA,NA,NA,NA
2012-massachusetts-president-romney-vs-obama,2012,massachusetts,46,34,19,NA,13985,Boston Globe/UNH,2012-05-25,2012-05-31,Likely Voters,651,Live Phone,Nonpartisan,None,159,2012_13985_massachusetts,NA,NA,NA,NA
2012-massachusetts-president-romney-vs-obama,2012,massachusetts,59,34,5,1,13887,Suffolk,2012-05-20,2012-05-22,Likely Voters,600,Live Phone,Nonpartisan,None,168,2012_13887_massachusetts,NA,NA,NA,NA
2012-massachusetts-president-romney-vs-obama,2012,massachusetts,56,35,2,6,13718,Rasmussen,2012-05-07,2012-05-07,Likely Voters,500,Automated Phone,Nonpartisan,None,183,2012_13718_massachusetts,NA,NA,NA,NA
2012-massachusetts-president-romney-vs-obama,2012,massachusetts,51,40,6,3,13505,Rasmussen,2012-04-09,2012-04-09,Likely Voters,500,Automated Phone,Nonpartisan,None,211,2012_13505_massachusetts,NA,NA,NA,NA
2012-massachusetts-president-romney-vs-obama,2012,massachusetts,49,33,16,NA,13398,Boston Globe/UNH,2012-03-21,2012-03-27,Likely Voters,544,Live Phone,Nonpartisan,None,224,2012_13398_massachusetts,NA,NA,NA,NA
2012-massachusetts-president-romney-vs-obama,2012,massachusetts,58,35,7,NA,13260,PPP (D),2012-03-16,2012-03-18,Registered Voters,936,Automated Phone,Pollster,Dem,233,2012_13260_massachusetts,NA,NA,NA,NA
2012-massachusetts-president-romney-vs-obama,2012,massachusetts,60,36,4,NA,13112,WNEU,2012-02-23,2012-03-01,Registered Voters,527,Live Phone,Nonpartisan,None,250,2012_13112_massachusetts,NA,NA,NA,NA
2012-massachusetts-president-romney-vs-obama,2012,massachusetts,55,38,3,4,13095,Rasmussen,2012-02-29,2012-02-29,Likely Voters,500,Automated Phone,Nonpartisan,None,251,2012_13095_massachusetts,NA,NA,NA,NA
2012-massachusetts-president-romney-vs-obama,2012,massachusetts,53,39,6,2,12946,Suffolk,2012-02-11,2012-02-15,Registered Voters,600,Live Phone,Nonpartisan,None,265,2012_12946_massachusetts,NA,NA,NA,NA
2012-massachusetts-president-romney-vs-obama,2012,massachusetts,55,34,7,1,12944,MassINC,2012-02-06,2012-02-09,Likely Voters,503,Live Phone,Nonpartisan,None,271,2012_12944_massachusetts,NA,NA,NA,NA
2012-massachusetts-president-romney-vs-obama,2012,massachusetts,53,35,NA,NA,13451,Mass Insight/Opinion Dynamics,2012-01-31,2012-02-04,Registered Voters,456,Live Phone,Nonpartisan,None,276,2012_13451_massachusetts,NA,NA,NA,NA
2012-maine-president-romney-vs-obama,2012,maine,53,42,3,2,16680,MPRC,2012-11-01,2012-11-03,Likely Voters,905,Automated Phone,Nonpartisan,None,3,2012_16680_maine,NA,NA,NA,NA
2012-maine-president-romney-vs-obama,2012,maine,55,42,2,NA,16486,PPP (D),2012-11-01,2012-11-02,Likely Voters,1633,Automated Phone,Pollster,Dem,4,2012_16486_maine,NA,NA,NA,NA
2012-maine-president-romney-vs-obama,2012,maine,49,42,6,2,16531,Critical Insights,2012-10-30,2012-10-31,Likely Voters,613,Live Phone,Nonpartisan,None,6,2012_16531_maine,NA,NA,NA,NA
2012-maine-president-romney-vs-obama,2012,maine,48,44,NA,NA,15791,NMB (R-American Crossroads),2012-10-07,2012-10-08,Likely Voters,500,Live Phone,Sponsor,Rep,29,2012_15791_maine,NA,NA,NA,NA
2012-maine-president-romney-vs-obama,2012,maine,51,37,10,3,15659,Pan Atlantic SMS Group,2012-09-24,2012-09-28,Likely Voters,400,Live Phone,Nonpartisan,None,39,2012_15659_maine,NA,NA,NA,NA
2012-maine-president-romney-vs-obama,2012,maine,52,40,4,4,15376,Rasmussen,2012-09-25,2012-09-25,Likely Voters,500,Automated Phone,Nonpartisan,None,42,2012_15376_maine,NA,NA,NA,NA
2012-maine-president-romney-vs-obama,2012,maine,55,39,7,NA,15138,PPP (D),2012-09-17,2012-09-18,Likely Voters,804,Automated Phone,Pollster,Dem,49,2012_15138_maine,NA,NA,NA,NA
2012-maine-president-romney-vs-obama,2012,maine,54,37,7,2,15133,MPRC/Maine People's Alliance (D),2012-09-15,2012-09-17,Likely Voters,856,Automated Phone,Sponsor,Dem,50,2012_15133_maine,NA,NA,NA,NA
2012-maine-president-romney-vs-obama,2012,maine,52,36,NA,NA,15430,Critical Insights,2012-09-12,2012-09-16,Likely Voters,618,Live Phone,Nonpartisan,None,51,2012_15430_maine,NA,NA,NA,NA
2012-maine-president-romney-vs-obama,2012,maine,49,35,13,NA,14297,Critical Insights,2012-06-20,2012-06-25,Registered Voters,615,Live Phone,Nonpartisan,None,134,2012_14297_maine,NA,NA,NA,NA
2012-maine-president-romney-vs-obama,2012,maine,48,34,13,4,14106,MassINC,2012-06-13,2012-06-14,Likely Voters,506,Live Phone,Nonpartisan,None,145,2012_14106_maine,NA,NA,NA,NA
2012-maine-president-romney-vs-obama,2012,maine,50,42,NA,NA,13781,Critical Insights,2012-05-02,2012-05-07,Registered Voters,600,Live Phone,Nonpartisan,None,183,2012_13781_maine,NA,NA,NA,NA
2012-maine-president-romney-vs-obama,2012,maine,55,37,9,NA,13495,MPRC,2012-03-31,2012-04-02,Registered Voters,993,Automated Phone,Nonpartisan,None,218,2012_13495_maine,NA,NA,NA,NA
2012-maine-president-romney-vs-obama,2012,maine,58,35,7,NA,13447,PPP (D),2012-03-02,2012-03-04,Registered Voters,1256,Automated Phone,Pollster,Dem,247,2012_13447_maine,NA,NA,NA,NA
2012-indiana-president-romney-vs-obama,2012,indiana,44,51,4,2,16590,YouGov,2012-10-31,2012-11-03,Likely Voters,768,Internet,Nonpartisan,None,3,2012_16590_indiana,NA,NA,NA,NA
2012-indiana-president-romney-vs-obama,2012,indiana,43,52,4,1,16551,Rasmussen,2012-11-01,2012-11-01,Likely Voters,600,Mixed,Nonpartisan,None,5,2012_16551_indiana,NA,NA,NA,NA
2012-indiana-president-romney-vs-obama,2012,indiana,41,54,5,NA,16446,McLaughlin (R-Mourdock),2012-10-31,2012-11-01,Likely Voters,600,Live Phone,Sponsor,Rep,5,2012_16446_indiana,NA,NA,NA,NA
2012-indiana-president-romney-vs-obama,2012,indiana,39,57,4,NA,16372,McLaughlin (R-Mourdock),2012-10-29,2012-10-30,Likely Voters,600,Live Phone,Sponsor,Rep,7,2012_16372_indiana,NA,NA,NA,NA
2012-indiana-president-romney-vs-obama,2012,indiana,42,55,NA,NA,16323,Pharos Research Group,2012-10-26,2012-10-28,Likely Voters,753,Live Phone,Nonpartisan,None,9,2012_16323_indiana,NA,NA,NA,NA
2012-indiana-president-romney-vs-obama,2012,indiana,41,55,4,NA,16187,McLaughlin (R-Mourdock),2012-10-24,2012-10-25,Likely Voters,600,Live Phone,Sponsor,Rep,12,2012_16187_indiana,NA,NA,NA,NA
2012-indiana-president-romney-vs-obama,2012,indiana,41,54,4,1,15830,Rasmussen,2012-10-10,2012-10-11,Likely Voters,600,Mixed,Nonpartisan,None,26,2012_15830_indiana,NA,NA,NA,NA
2012-indiana-president-romney-vs-obama,2012,indiana,41,53,3,2,15863,YouGov,2012-10-04,2012-10-11,Likely Voters,494,Internet,Nonpartisan,None,26,2012_15863_indiana,NA,NA,NA,NA
2012-indiana-president-romney-vs-obama,2012,indiana,40,52,NA,NA,15346,Howey-Depauw,2012-09-19,2012-09-23,Likely Voters,800,Live Phone,Nonpartisan,None,44,2012_15346_indiana,NA,NA,NA,NA
2012-indiana-president-romney-vs-obama,2012,indiana,45,50,3,2,15223,YouGov,2012-09-07,2012-09-14,Likely Voters,658,Internet,Nonpartisan,None,53,2012_15223_indiana,NA,NA,NA,NA
2012-indiana-president-romney-vs-obama,2012,indiana,41,47,NA,NA,15080,Global Strategy Group (D-Donnelly),2012-09-10,2012-09-12,Likely Voters,800,Live Phone,Sponsor,Dem,55,2012_15080_indiana,NA,NA,NA,NA
2012-indiana-president-romney-vs-obama,2012,indiana,35,51,11,3,14601,Rasmussen,2012-07-31,2012-08-01,Likely Voters,400,Mixed,Nonpartisan,None,97,2012_14601_indiana,NA,NA,NA,NA
2012-indiana-president-romney-vs-obama,2012,indiana,42,48,5,5,13924,Rasmussen,2012-05-23,2012-05-24,Likely Voters,600,Internet,Nonpartisan,None,166,2012_13924_indiana,NA,NA,NA,NA
2012-indiana-president-romney-vs-obama,2012,indiana,40,49,NA,NA,13470,Howey-Depauw,2012-03-26,2012-03-28,Likely Voters,503,Live Phone,Nonpartisan,None,223,2012_13470_indiana,NA,NA,NA,NA
2012-illinois-president-romney-vs-obama,2012,illinois,57,38,3,2,16574,YouGov,2012-10-31,2012-11-03,Likely Voters,1126,Internet,Nonpartisan,None,3,2012_16574_illinois,NA,NA,NA,NA
2012-illinois-president-romney-vs-obama,2012,illinois,57,41,NA,2,16359,We Ask America,2012-10-30,2012-10-30,Likely Voters,1198,Automated Phone,Nonpartisan,None,7,2012_16359_illinois,NA,NA,NA,NA
2012-illinois-president-romney-vs-obama,2012,illinois,58,38,3,1,15851,YouGov,2012-10-04,2012-10-11,Likely Voters,849,Internet,Nonpartisan,None,26,2012_15851_illinois,NA,NA,NA,NA
2012-illinois-president-romney-vs-obama,2012,illinois,55,36,5,4,15708,Chicago Tribune/WGN,2012-10-04,2012-10-08,Likely Voters,700,Live Phone,Nonpartisan,None,29,2012_15708_illinois,NA,NA,NA,NA
2012-illinois-president-romney-vs-obama,2012,illinois,59,36,3,2,15228,YouGov,2012-09-07,2012-09-14,Likely Voters,1068,Internet,Nonpartisan,None,53,2012_15228_illinois,NA,NA,NA,NA
2012-illinois-president-romney-vs-obama,2012,illinois,47,34,16,3,15079,Southern Illinois U,2012-09-04,2012-09-10,Registered Voters,1261,Live Phone,Nonpartisan,None,57,2012_15079_illinois,NA,NA,NA,NA
2012-illinois-president-romney-vs-obama,2012,illinois,54,37,6,3,14961,We Ask America,2012-09-05,2012-09-05,Likely Voters,1382,Automated Phone,Nonpartisan,None,62,2012_14961_illinois,NA,NA,NA,NA
2012-illinois-president-romney-vs-obama,2012,illinois,55,29,16,NA,14839,Ipsos/Crain's Business Journal,2012-08-17,2012-08-23,Adults,600,Internet,Nonpartisan,None,75,2012_14839_illinois,NA,NA,NA,NA
2012-illinois-president-romney-vs-obama,2012,illinois,51,31,14,NA,14473,Ipsos/Crain's Business Journal,2012-07-16,2012-07-22,Adults,600,Internet,Nonpartisan,None,107,2012_14473_illinois,NA,NA,NA,NA
2012-illinois-president-romney-vs-obama,2012,illinois,56,35,9,NA,13446,Chicago Tribune,2012-02-02,2012-02-06,Registered Voters,600,Live Phone,Nonpartisan,None,274,2012_13446_illinois,NA,NA,NA,NA
2012-georgia-president-romney-vs-obama,2012,georgia,44,52,2,1,16589,YouGov,2012-10-31,2012-11-03,Likely Voters,1070,Internet,Nonpartisan,None,3,2012_16589_georgia,NA,NA,NA,NA
2012-georgia-president-romney-vs-obama,2012,georgia,46,52,1,1,16444,20/20 Insight (D-Better Georgia),2012-10-29,2012-10-31,Likely Voters,1316,Automated Phone,Sponsor,Dem,6,2012_16444_georgia,NA,NA,NA,NA
2012-georgia-president-romney-vs-obama,2012,georgia,44,52,2,2,16316,SurveyUSA,2012-10-25,2012-10-28,Likely Voters,574,IVR/Online,Nonpartisan,None,9,2012_16316_georgia,NA,NA,NA,NA
2012-georgia-president-romney-vs-obama,2012,georgia,43,51,5,NA,15770,Abt SRBI Inc/Atlanta Journal-Constitution,2012-10-08,2012-10-11,Likely Voters,706,Live Phone,Nonpartisan,None,26,2012_15770_georgia,NA,NA,NA,NA
2012-georgia-president-romney-vs-obama,2012,georgia,44,52,3,1,15862,YouGov,2012-10-04,2012-10-11,Likely Voters,776,Internet,Nonpartisan,None,26,2012_15862_georgia,NA,NA,NA,NA
2012-georgia-president-romney-vs-obama,2012,georgia,35,56,7,2,15184,InsiderAdvantage/Fox 5 Atlanta,2012-09-18,2012-09-18,Likely Voters,483,Live Phone,Nonpartisan,None,49,2012_15184_georgia,NA,NA,NA,NA
2012-georgia-president-romney-vs-obama,2012,georgia,44,51,3,2,15224,YouGov,2012-09-07,2012-09-14,Likely Voters,1020,Internet,Nonpartisan,None,53,2012_15224_georgia,NA,NA,NA,NA
2012-georgia-president-romney-vs-obama,2012,georgia,46,49,4,1,14730,20/20 Insight (D-Better Georgia),2012-08-15,2012-08-18,Likely Voters,1158,Automated Phone,Sponsor,Dem,80,2012_14730_georgia,NA,NA,NA,NA
2012-georgia-president-romney-vs-obama,2012,georgia,40,52,8,NA,13912,InsiderAdvantage,2012-05-22,2012-05-22,Likely Voters,438,Automated Phone,Nonpartisan,None,168,2012_13912_georgia,NA,NA,NA,NA
2012-georgia-president-romney-vs-obama,2012,georgia,40,51,NA,NA,13782,Landmark/Rosetta Stone,2012-05-10,2012-05-10,Registered Voters,600,Automated Phone,Pollster,Rep,180,2012_13782_georgia,NA,NA,NA,NA
2012-georgia-president-romney-vs-obama,2012,georgia,42,49,8,NA,13060,SurveyUSA,2012-02-23,2012-02-26,Registered Voters,1156,IVR/Online,Nonpartisan,None,254,2012_13060_georgia,NA,NA,NA,NA
2012-georgia-president-romney-vs-obama,2012,georgia,43,51,6,NA,13073,SurveyUSA,2012-02-01,2012-02-02,Registered Voters,1144,IVR/Online,Nonpartisan,None,278,2012_13073_georgia,NA,NA,NA,NA
2012-connecticut-president-romney-vs-obama,2012,connecticut,54,39,5,2,16571,YouGov,2012-10-31,2012-11-03,Likely Voters,895,Internet,Nonpartisan,None,3,2012_16571_connecticut,NA,NA,NA,NA
2012-connecticut-president-romney-vs-obama,2012,connecticut,55,42,3,NA,16485,PPP (D),2012-11-01,2012-11-02,Likely Voters,1220,Automated Phone,Pollster,Dem,4,2012_16485_connecticut,NA,NA,NA,NA
2012-connecticut-president-romney-vs-obama,2012,connecticut,55,41,4,NA,16104,Quinnipiac,2012-10-19,2012-10-22,Likely Voters,1412,Live Phone,Nonpartisan,None,15,2012_16104_connecticut,NA,NA,NA,NA
2012-connecticut-president-romney-vs-obama,2012,connecticut,52,45,2,1,16092,Rasmussen,2012-10-21,2012-10-21,Likely Voters,500,Automated Phone,Nonpartisan,None,16,2012_16092_connecticut,NA,NA,NA,NA
2012-connecticut-president-romney-vs-obama,2012,connecticut,53,40,4,3,16063,SurveyUSA/WABC-TV,2012-10-19,2012-10-21,Likely Voters,575,IVR/Online,Nonpartisan,None,16,2012_16063_connecticut,NA,NA,NA,NA
2012-connecticut-president-romney-vs-obama,2012,connecticut,49,42,NA,NA,16168,Mason-Dixon,2012-10-15,2012-10-17,Likely Voters,625,Live Phone,Nonpartisan,None,20,2012_16168_connecticut,NA,NA,NA,NA
2012-connecticut-president-romney-vs-obama,2012,connecticut,53,44,4,NA,15928,PPP (D-LCV),2012-10-15,2012-10-16,Likely Voters,1015,Automated Phone,Sponsor,Dem,21,2012_15928_connecticut,NA,NA,NA,NA
2012-connecticut-president-romney-vs-obama,2012,connecticut,51,37,NA,NA,15912,UConn/Hartford Courant,2012-10-11,2012-10-16,Likely Voters,574,Live Phone,Nonpartisan,None,21,2012_15912_connecticut,NA,NA,NA,NA
2012-connecticut-president-romney-vs-obama,2012,connecticut,53,38,7,NA,15869,Siena,2012-10-04,2012-10-14,Likely Voters,552,Live Phone,Nonpartisan,None,23,2012_15869_connecticut,NA,NA,NA,NA
2012-connecticut-president-romney-vs-obama,2012,connecticut,53,39,5,3,15859,YouGov,2012-10-04,2012-10-11,Likely Voters,434,Internet,Nonpartisan,None,26,2012_15859_connecticut,NA,NA,NA,NA
2012-connecticut-president-romney-vs-obama,2012,connecticut,51,45,3,1,15637,Rasmussen,2012-10-07,2012-10-07,Likely Voters,500,Automated Phone,Nonpartisan,None,30,2012_15637_connecticut,NA,NA,NA,NA
2012-connecticut-president-romney-vs-obama,2012,connecticut,54,42,4,NA,15513,Quinnipiac,2012-09-28,2012-10-02,Likely Voters,1696,Live Phone,Nonpartisan,None,35,2012_15513_connecticut,NA,NA,NA,NA
2012-connecticut-president-romney-vs-obama,2012,connecticut,54,41,5,NA,15355,PPP (D),2012-09-24,2012-09-26,Likely Voters,801,Automated Phone,Pollster,Dem,41,2012_15355_connecticut,NA,NA,NA,NA
2012-connecticut-president-romney-vs-obama,2012,connecticut,53,32,12,NA,15150,UConn/Hartford Courant,2012-09-11,2012-09-16,Likely Voters,508,Live Phone,Nonpartisan,None,51,2012_15150_connecticut,NA,NA,NA,NA
2012-connecticut-president-romney-vs-obama,2012,connecticut,53,40,5,2,15189,YouGov,2012-09-07,2012-09-14,Likely Voters,634,Internet,Nonpartisan,None,53,2012_15189_connecticut,NA,NA,NA,NA
2012-connecticut-president-romney-vs-obama,2012,connecticut,52,45,2,NA,14806,Quinnipiac,2012-08-22,2012-08-26,Likely Voters,NA,Live Phone,Nonpartisan,None,72,2012_14806_connecticut,NA,NA,NA,NA
2012-connecticut-president-romney-vs-obama,2012,connecticut,53,40,7,NA,14822,PPP (D-League of Conservation Voters),2012-08-22,2012-08-23,Likely Voters,881,Automated Phone,Sponsor,Dem,75,2012_14822_connecticut,NA,NA,NA,NA
2012-connecticut-president-romney-vs-obama,2012,connecticut,51,43,3,3,14754,Rasmussen,2012-08-21,2012-08-21,Likely Voters,500,Automated Phone,Nonpartisan,None,77,2012_14754_connecticut,NA,NA,NA,NA
2012-connecticut-president-romney-vs-obama,2012,connecticut,51,43,6,NA,14536,PPP (D),2012-07-26,2012-07-29,Likely Voters,771,Automated Phone,Pollster,Dem,100,2012_14536_connecticut,NA,NA,NA,NA
2012-connecticut-president-romney-vs-obama,2012,connecticut,50,38,10,2,14016,Quinnipiac,2012-05-29,2012-06-03,Registered Voters,1408,Live Phone,Nonpartisan,None,156,2012_14016_connecticut,NA,NA,NA,NA
2012-connecticut-president-romney-vs-obama,2012,connecticut,53,37,6,1,13292,Quinnipiac,2012-03-14,2012-03-19,Registered Voters,1622,Live Phone,Nonpartisan,None,232,2012_13292_connecticut,NA,NA,NA,NA
2012-california-president-romney-vs-obama,2012,california,55,40,2,3,16569,YouGov,2012-10-31,2012-11-03,Likely Voters,1575,Internet,Nonpartisan,None,3,2012_16569_california,NA,NA,NA,NA
2012-california-president-romney-vs-obama,2012,california,54,39,5,2,16496,Field/UC Berkeley,2012-10-17,2012-10-30,Likely Voters,1566,Live Phone,Nonpartisan,None,7,2012_16496_california,NA,NA,NA,NA
2012-california-president-romney-vs-obama,2012,california,56,33,7,4,16376,CBRT/Pepperdine/M4,2012-10-21,2012-10-28,Likely Voters,2115,Internet,Nonpartisan,None,9,2012_16376_california,NA,NA,NA,NA
2012-california-president-romney-vs-obama,2012,california,55,39,2,NA,16136,USC/LATimes,2012-10-15,2012-10-21,Likely Voters,1440,Live Phone,Pollster,Dem,16,2012_16136_california,NA,NA,NA,NA
2012-california-president-romney-vs-obama,2012,california,53,41,4,2,16165,PPIC,2012-10-14,2012-10-21,Likely Voters,993,Live Phone,Nonpartisan,None,16,2012_16165_california,NA,NA,NA,NA
2012-california-president-romney-vs-obama,2012,california,53,38,5,4,15948,Reason/Rupe,2012-10-11,2012-10-15,Likely Voters,508,Live Phone,Nonpartisan,None,22,2012_15948_california,NA,NA,NA,NA
2012-california-president-romney-vs-obama,2012,california,58,39,1,2,15849,YouGov,2012-10-04,2012-10-11,Likely Voters,1169,Internet,Nonpartisan,None,26,2012_15849_california,NA,NA,NA,NA
2012-california-president-romney-vs-obama,2012,california,54,33,9,4,15722,CBRT/Pepperdine/M4,2012-10-07,2012-10-10,Likely Voters,830,Internet,Nonpartisan,None,27,2012_15722_california,NA,NA,NA,NA
2012-california-president-romney-vs-obama,2012,california,53,39,4,4,15694,SurveyUSA,2012-10-07,2012-10-09,Likely Voters,539,IVR/Online,Nonpartisan,None,28,2012_15694_california,NA,NA,NA,NA
2012-california-president-romney-vs-obama,2012,california,58,34,6,2,15140,Field/UC Berkeley,2012-09-05,2012-09-17,Likely Voters,891,Live Phone,Nonpartisan,None,50,2012_15140_california,NA,NA,NA,NA
2012-california-president-romney-vs-obama,2012,california,53,39,6,2,15221,PPIC,2012-09-09,2012-09-16,Likely Voters,995,Live Phone,Nonpartisan,None,51,2012_15221_california,NA,NA,NA,NA
2012-california-president-romney-vs-obama,2012,california,56,39,2,3,15220,YouGov,2012-09-07,2012-09-14,Likely Voters,1361,Internet,Nonpartisan,None,53,2012_15220_california,NA,NA,NA,NA
2012-california-president-romney-vs-obama,2012,california,55,33,7,4,15037,CBRT/Pepperdine/M4,2012-09-09,2012-09-12,Likely Voters,802,Internet,Nonpartisan,None,55,2012_15037_california,NA,NA,NA,NA
2012-california-president-romney-vs-obama,2012,california,57,35,3,4,14994,SurveyUSA,2012-09-09,2012-09-11,Likely Voters,524,IVR/Online,Nonpartisan,None,56,2012_14994_california,NA,NA,NA,NA
2012-california-president-romney-vs-obama,2012,california,56,33,8,4,14761,PACE/USC,2012-08-03,2012-08-07,Likely Voters,1041,Live Phone,Pollster,Dem,91,2012_14761_california,NA,NA,NA,NA
2012-california-president-romney-vs-obama,2012,california,52,33,10,5,14419,CBRT/Pepperdine/M4,2012-07-16,2012-07-17,Likely Voters,812,Internet,Nonpartisan,None,112,2012_14419_california,NA,NA,NA,NA
2012-california-president-romney-vs-obama,2012,california,55,37,5,3,14260,Field,2012-06-21,2012-07-02,Likely Voters,848,Live Phone,Nonpartisan,None,127,2012_14260_california,NA,NA,NA,NA
2012-california-president-romney-vs-obama,2012,california,57,36,7,NA,13975,SurveyUSA,2012-05-27,2012-05-29,Registered Voters,1575,IVR/Online,Nonpartisan,None,161,2012_13975_california,NA,NA,NA,NA
2012-california-president-romney-vs-obama,2012,california,48,32,17,NA,13976,Field,2012-05-21,2012-05-29,Registered Voters,710,Live Phone,Nonpartisan,None,161,2012_13976_california,NA,NA,NA,NA
2012-california-president-romney-vs-obama,2012,california,56,37,2,NA,13908,USC/LATimes,2012-05-17,2012-05-21,Registered Voters,1002,Live Phone,Pollster,Dem,169,2012_13908_california,NA,NA,NA,NA
2012-california-president-romney-vs-obama,2012,california,50,39,8,3,13907,PPIC,2012-05-14,2012-05-20,Likely Voters,894,Live Phone,Nonpartisan,None,170,2012_13907_california,NA,NA,NA,NA
2012-california-president-romney-vs-obama,2012,california,62,31,8,NA,13427,SurveyUSA,2012-03-29,2012-04-02,Registered Voters,1995,IVR/Online,Nonpartisan,None,218,2012_13427_california,NA,NA,NA,NA
2012-california-president-romney-vs-obama,2012,california,57,36,NA,NA,13359,USC/LATimes,2012-03-14,2012-03-19,Registered Voters,1500,Live Phone,Nonpartisan,None,232,2012_13359_california,NA,NA,NA,NA
2012-california-president-romney-vs-obama,2012,california,55,35,10,NA,13138,Field,2012-02-11,2012-02-18,Registered Voters,1003,Live Phone,Nonpartisan,None,262,2012_13138_california,NA,NA,NA,NA
2012-california-president-romney-vs-obama,2012,california,57,35,4,4,13137,Rasmussen,2012-02-08,2012-02-16,Likely Voters,500,Automated Phone,Nonpartisan,None,264,2012_13137_california,NA,NA,NA,NA
2012-california-president-romney-vs-obama,2012,california,60,31,9,NA,13139,SurveyUSA,2012-02-08,2012-02-09,Registered Voters,2088,IVR/Online,Nonpartisan,None,271,2012_13139_california,NA,NA,NA,NA
2012-arkansas-president-romney-vs-obama,2012,arkansas,31,58,11,NA,16105,U of Arkansas,2012-10-09,2012-10-14,Likely Voters,642,Live Phone,Nonpartisan,None,23,2012_16105_arkansas,NA,NA,NA,NA
2012-arkansas-president-romney-vs-obama,2012,arkansas,35,56,7,NA,15292,Hendrix College,2012-09-17,2012-09-17,Likely Voters,2228,Automated Phone,Nonpartisan,None,50,2012_15292_arkansas,NA,NA,NA,NA
2012-arkansas-president-romney-vs-obama,2012,arkansas,33,57,11,NA,13437,Hendrix College,2012-03-26,2012-03-26,Likely Voters,759,Automated Phone,Nonpartisan,None,225,2012_13437_arkansas,NA,NA,NA,NA
2012-wisconsin-president-romney-vs-obama,2012,wisconsin,51,48,1,NA,16530,PPP (D),2012-11-02,2012-11-03,Likely Voters,1256,Automated Phone,Pollster,Dem,3,2012_16530_wisconsin,NA,NA,NA,NA
2012-wisconsin-president-romney-vs-obama,2012,wisconsin,53,46,NA,1,16648,Angus-Reid,2012-11-01,2012-11-03,Likely Voters,454,Internet,Nonpartisan,None,3,2012_16648_wisconsin,NA,NA,NA,NA
2012-wisconsin-president-romney-vs-obama,2012,wisconsin,50,46,3,1,16588,YouGov,2012-10-31,2012-11-03,Likely Voters,1225,Internet,Nonpartisan,None,3,2012_16588_wisconsin,NA,NA,NA,NA
2012-wisconsin-president-romney-vs-obama,2012,wisconsin,48,42,8,2,16503,Grove Insight (D-Project New America/USAction),2012-11-01,2012-11-02,Likely Voters,500,Live Phone,Sponsor,Dem,4,2012_16503_wisconsin,NA,NA,NA,NA
2012-wisconsin-president-romney-vs-obama,2012,wisconsin,52,45,NA,4,16473,We Ask America,2012-10-30,2012-11-01,Likely Voters,1210,Automated Phone,Nonpartisan,None,5,2012_16473_wisconsin,NA,NA,NA,NA
2012-wisconsin-president-romney-vs-obama,2012,wisconsin,49,47,NA,NA,16431,Wenzel Strategies (R-Citizens United),2012-10-30,2012-10-31,Likely Voters,1074,Live Phone,Sponsor,Rep,6,2012_16431_wisconsin,NA,NA,NA,NA
2012-wisconsin-president-romney-vs-obama,2012,wisconsin,49,48,2,1,16605,Pulse Opinion Research/Let Freedom Ring (R),2012-10-30,2012-10-30,Likely Voters,1000,Automated Phone,Sponsor,Rep,7,2012_16605_wisconsin,NA,NA,NA,NA
2012-wisconsin-president-romney-vs-obama,2012,wisconsin,51,46,3,NA,16352,PPP (D-Health Care for America Now),2012-10-29,2012-10-30,Likely Voters,825,Automated Phone,Sponsor,Dem,7,2012_16352_wisconsin,NA,NA,NA,NA
2012-wisconsin-president-romney-vs-obama,2012,wisconsin,49,49,2,NA,16423,Rasmussen,2012-10-29,2012-10-29,Likely Voters,750,Automated Phone,Nonpartisan,None,8,2012_16423_wisconsin,NA,NA,NA,NA
2012-wisconsin-president-romney-vs-obama,2012,wisconsin,49,46,3,2,16397,NBC/WSJ/Marist,2012-10-28,2012-10-29,Likely Voters,1065,Live Phone,Nonpartisan,None,8,2012_16397_wisconsin,NA,NA,NA,NA
2012-wisconsin-president-romney-vs-obama,2012,wisconsin,52,43,NA,NA,16432,St Norbert,2012-10-25,2012-10-29,Likely Voters,402,Live Phone,Nonpartisan,None,8,2012_16432_wisconsin,NA,NA,NA,NA
2012-wisconsin-president-romney-vs-obama,2012,wisconsin,51,43,3,NA,16383,Marquette Law School,2012-10-25,2012-10-28,Likely Voters,1243,Live Phone,Nonpartisan,None,9,2012_16383_wisconsin,NA,NA,NA,NA
2012-wisconsin-president-romney-vs-obama,2012,wisconsin,49,49,2,1,16185,Rasmussen,2012-10-25,2012-10-25,Likely Voters,500,Automated Phone,Nonpartisan,None,12,2012_16185_wisconsin,NA,NA,NA,NA
2012-wisconsin-president-romney-vs-obama,2012,wisconsin,48,43,9,NA,16233,Grove Insight (D-Project New America),2012-10-24,2012-10-25,Likely Voters,500,Live Phone,Pollster,Dem,12,2012_16233_wisconsin,NA,NA,NA,NA
2012-wisconsin-president-romney-vs-obama,2012,wisconsin,51,45,4,NA,16159,PPP (D-Health Care for America Now),2012-10-23,2012-10-24,Likely Voters,827,Automated Phone,Sponsor,Dem,13,2012_16159_wisconsin,NA,NA,NA,NA
2012-wisconsin-president-romney-vs-obama,2012,wisconsin,51,46,NA,3,16021,Angus-Reid,2012-10-18,2012-10-20,Likely Voters,469,Internet,Nonpartisan,None,17,2012_16021_wisconsin,NA,NA,NA,NA
2012-wisconsin-president-romney-vs-obama,2012,wisconsin,50,48,0,1,15960,Rasmussen,2012-10-18,2012-10-18,Likely Voters,500,Automated Phone,Nonpartisan,None,19,2012_15960_wisconsin,NA,NA,NA,NA
2012-wisconsin-president-romney-vs-obama,2012,wisconsin,47,44,8,2,15994,Grove Insight (D-Project New America),2012-10-17,2012-10-18,Likely Voters,500,Live Phone,Pollster,Dem,19,2012_15994_wisconsin,NA,NA,NA,NA
2012-wisconsin-president-romney-vs-obama,2012,wisconsin,48,46,NA,NA,16127,Mason-Dixon,2012-10-15,2012-10-17,Likely Voters,625,Live Phone,Nonpartisan,None,20,2012_16127_wisconsin,NA,NA,NA,NA
2012-wisconsin-president-romney-vs-obama,2012,wisconsin,51,45,3,1,15938,NBC/WSJ/Marist,2012-10-15,2012-10-17,Likely Voters,1013,Live Phone,Nonpartisan,None,20,2012_15938_wisconsin,NA,NA,NA,NA
2012-wisconsin-president-romney-vs-obama,2012,wisconsin,50,47,2,1,16079,Pulse Opinion Research/Let Freedom Ring (R),2012-10-15,2012-10-15,Likely Voters,1000,Automated Phone,Sponsor,Rep,22,2012_16079_wisconsin,NA,NA,NA,NA
2012-wisconsin-president-romney-vs-obama,2012,wisconsin,49,48,2,NA,15886,Marquette Law School,2012-10-11,2012-10-14,Likely Voters,870,Live Phone,Nonpartisan,None,23,2012_15886_wisconsin,NA,NA,NA,NA
2012-wisconsin-president-romney-vs-obama,2012,wisconsin,51,47,2,NA,15850,YouGov,2012-10-04,2012-10-11,Likely Voters,638,Internet,Nonpartisan,None,26,2012_15850_wisconsin,NA,NA,NA,NA
2012-wisconsin-president-romney-vs-obama,2012,wisconsin,51,49,NA,NA,15660,Rasmussen,2012-10-09,2012-10-09,Likely Voters,500,Automated Phone,Nonpartisan,None,28,2012_15660_wisconsin,NA,NA,NA,NA
2012-wisconsin-president-romney-vs-obama,2012,wisconsin,50,47,3,NA,15682,Quinnipiac/NYT/CBS,2012-10-04,2012-10-09,Likely Voters,1327,Live Phone,Nonpartisan,None,28,2012_15682_wisconsin,NA,NA,NA,NA
2012-wisconsin-president-romney-vs-obama,2012,wisconsin,50,46,2,2,15721,Pulse Opinion Research/Let Freedom Ring (R),2012-10-08,2012-10-08,Likely Voters,1000,Automated Phone,Sponsor,Rep,29,2012_15721_wisconsin,NA,NA,NA,NA
2012-wisconsin-president-romney-vs-obama,2012,wisconsin,49,47,3,NA,15566,PPP (D),2012-10-04,2012-10-06,Likely Voters,979,Automated Phone,Pollster,Dem,31,2012_15566_wisconsin,NA,NA,NA,NA
2012-wisconsin-president-romney-vs-obama,2012,wisconsin,51,44,2,3,15725,Pulse Opinion Research/Let Freedom Ring (R),2012-10-01,2012-10-01,Likely Voters,1000,Automated Phone,Sponsor,Rep,36,2012_15725_wisconsin,NA,NA,NA,NA
2012-wisconsin-president-romney-vs-obama,2012,wisconsin,49,39,11,NA,15492,JZ Analytics,2012-09-29,2012-09-30,Likely Voters,414,Internet,Nonpartisan,None,37,2012_15492_wisconsin,NA,NA,NA,NA
2012-wisconsin-president-romney-vs-obama,2012,wisconsin,53,42,3,NA,15500,Marquette Law School,2012-09-27,2012-09-30,Likely Voters,894,Live Phone,Nonpartisan,None,37,2012_15500_wisconsin,NA,NA,NA,NA
2012-wisconsin-president-romney-vs-obama,2012,wisconsin,53,41,5,1,15258,We Ask America,2012-09-20,2012-09-23,Likely Voters,1238,Automated Phone,Nonpartisan,None,44,2012_15258_wisconsin,NA,NA,NA,NA
2012-wisconsin-president-romney-vs-obama,2012,wisconsin,52,45,3,NA,15168,PPP (D),2012-09-18,2012-09-19,Likely Voters,842,Automated Phone,Pollster,Dem,48,2012_15168_wisconsin,NA,NA,NA,NA
2012-wisconsin-president-romney-vs-obama,2012,wisconsin,50,45,4,1,15192,NBC/WSJ/Marist,2012-09-16,2012-09-18,Likely Voters,968,Live Phone,Nonpartisan,None,49,2012_15192_wisconsin,NA,NA,NA,NA
2012-wisconsin-president-romney-vs-obama,2012,wisconsin,49,46,2,2,15170,Rasmussen,2012-09-17,2012-09-17,Likely Voters,500,Automated Phone,Nonpartisan,None,50,2012_15170_wisconsin,NA,NA,NA,NA
2012-wisconsin-president-romney-vs-obama,2012,wisconsin,51,45,3,1,15118,Quinnipiac/NYT/CBS,2012-09-11,2012-09-17,Likely Voters,1485,Live Phone,Nonpartisan,None,50,2012_15118_wisconsin,NA,NA,NA,NA
2012-wisconsin-president-romney-vs-obama,2012,wisconsin,54,40,5,NA,15139,Marquette Law School,2012-09-13,2012-09-16,Likely Voters,601,Live Phone,Nonpartisan,None,51,2012_15139_wisconsin,NA,NA,NA,NA
2012-wisconsin-president-romney-vs-obama,2012,wisconsin,48,47,4,1,15165,YouGov,2012-09-07,2012-09-14,Likely Voters,753,Internet,Nonpartisan,None,53,2012_15165_wisconsin,NA,NA,NA,NA
2012-wisconsin-president-romney-vs-obama,2012,wisconsin,49,48,4,NA,15084,PPP (D-Democracy for America),2012-09-12,2012-09-13,Likely Voters,959,Automated Phone,Sponsor,Dem,54,2012_15084_wisconsin,NA,NA,NA,NA
2012-wisconsin-president-romney-vs-obama,2012,wisconsin,49,47,3,1,14740,Quinnipiac/NYT/CBS,2012-08-15,2012-08-21,Likely Voters,1190,Live Phone,Nonpartisan,None,77,2012_14740_wisconsin,NA,NA,NA,NA
2012-wisconsin-president-romney-vs-obama,2012,wisconsin,49,46,4,NA,14731,Marquette Law School,2012-08-16,2012-08-19,Likely Voters,576,Live Phone,Nonpartisan,None,79,2012_14731_wisconsin,NA,NA,NA,NA
2012-wisconsin-president-romney-vs-obama,2012,wisconsin,47,48,5,NA,14711,PPP (D),2012-08-16,2012-08-19,Likely Voters,1308,Automated Phone,Pollster,Dem,79,2012_14711_wisconsin,NA,NA,NA,NA
2012-wisconsin-president-romney-vs-obama,2012,wisconsin,47,48,2,3,14672,Rasmussen,2012-08-15,2012-08-15,Likely Voters,500,Automated Phone,Nonpartisan,None,83,2012_14672_wisconsin,NA,NA,NA,NA
2012-wisconsin-president-romney-vs-obama,2012,wisconsin,49,45,NA,NA,14681,CNN,2012-08-13,2012-08-14,Registered Voters,920,Live Phone,Nonpartisan,None,84,2012_14681_wisconsin,NA,NA,NA,NA
2012-wisconsin-president-romney-vs-obama,2012,wisconsin,51,45,4,NA,14586,Quinnipiac/NYT/CBS,2012-07-31,2012-08-06,Likely Voters,1428,Live Phone,Nonpartisan,None,92,2012_14586_wisconsin,NA,NA,NA,NA
2012-wisconsin-president-romney-vs-obama,2012,wisconsin,50,45,NA,NA,14599,Marquette Law School,2012-08-02,2012-08-05,Likely Voters,1188,Live Phone,Nonpartisan,None,93,2012_14599_wisconsin,NA,NA,NA,NA
2012-wisconsin-president-romney-vs-obama,2012,wisconsin,49,46,4,2,14477,Rasmussen,2012-07-25,2012-07-25,Likely Voters,500,Automated Phone,Nonpartisan,None,104,2012_14477_wisconsin,NA,NA,NA,NA
2012-wisconsin-president-romney-vs-obama,2012,wisconsin,49,42,9,NA,14386,We Ask America,2012-07-17,2012-07-18,Likely Voters,1162,Automated Phone,Nonpartisan,None,111,2012_14386_wisconsin,NA,NA,NA,NA
2012-wisconsin-president-romney-vs-obama,2012,wisconsin,51,43,6,NA,14306,Marquette Law School,2012-07-05,2012-07-08,Likely Voters,810,Live Phone,Nonpartisan,None,121,2012_14306_wisconsin,NA,NA,NA,NA
2012-wisconsin-president-romney-vs-obama,2012,wisconsin,50,44,6,NA,14298,PPP (D),2012-07-05,2012-07-08,Likely Voters,1057,Automated Phone,Pollster,Dem,121,2012_14298_wisconsin,NA,NA,NA,NA
2012-wisconsin-president-romney-vs-obama,2012,wisconsin,49,43,NA,NA,14140,Marquette Law School,2012-06-13,2012-06-16,Likely Voters,594,Live Phone,Nonpartisan,None,143,2012_14140_wisconsin,NA,NA,NA,NA
2012-wisconsin-president-romney-vs-obama,2012,wisconsin,44,47,4,5,14083,Rasmussen,2012-06-12,2012-06-12,Likely Voters,500,Automated Phone,Nonpartisan,None,147,2012_14083_wisconsin,NA,NA,NA,NA
2012-wisconsin-president-romney-vs-obama,2012,wisconsin,48,43,9,NA,14024,We Ask America,2012-06-03,2012-06-03,Likely Voters,1270,Automated Phone,Nonpartisan,None,156,2012_14024_wisconsin,NA,NA,NA,NA
2012-wisconsin-president-romney-vs-obama,2012,wisconsin,51,43,6,NA,13954,Marquette Law School,2012-05-23,2012-05-26,Likely Voters,600,Live Phone,Nonpartisan,None,164,2012_13954_wisconsin,NA,NA,NA,NA
2012-wisconsin-president-romney-vs-obama,2012,wisconsin,49,43,4,4,13890,St Norbert,2012-05-17,2012-05-22,Likely Voters,406,Live Phone,Nonpartisan,None,168,2012_13890_wisconsin,NA,NA,NA,NA
2012-wisconsin-president-romney-vs-obama,2012,wisconsin,46,36,12,6,13888,Reason/Rupe,2012-05-14,2012-05-20,Likely Voters,609,Live Phone,Nonpartisan,None,170,2012_13888_wisconsin,NA,NA,NA,NA
2012-wisconsin-president-romney-vs-obama,2012,wisconsin,47,46,7,NA,13807,DailyKos/PPP (D),2012-05-11,2012-05-13,Registered Voters,851,Automated Phone,Sponsor,Dem,177,2012_13807_wisconsin,NA,NA,NA,NA
2012-wisconsin-president-romney-vs-obama,2012,wisconsin,46,46,8,NA,13815,Marquette Law School,2012-05-09,2012-05-12,Likely Voters,600,Live Phone,Nonpartisan,None,178,2012_13815_wisconsin,NA,NA,NA,NA
2012-wisconsin-president-romney-vs-obama,2012,wisconsin,49,45,2,4,13765,Rasmussen,2012-05-09,2012-05-09,Likely Voters,500,Automated Phone,Nonpartisan,None,181,2012_13765_wisconsin,NA,NA,NA,NA
2012-wisconsin-president-romney-vs-obama,2012,wisconsin,51,42,NA,NA,13671,Marquette Law School,2012-04-26,2012-04-29,Registered Voters,705,Live Phone,Nonpartisan,None,191,2012_13671_wisconsin,NA,NA,NA,NA
2012-wisconsin-president-romney-vs-obama,2012,wisconsin,50,44,6,NA,13535,DailyKos/PPP (D),2012-04-13,2012-04-15,Likely Voters,1136,Automated Phone,Sponsor,Dem,205,2012_13535_wisconsin,NA,NA,NA,NA
2012-wisconsin-president-romney-vs-obama,2012,wisconsin,52,41,2,6,13375,Rasmussen,2012-03-27,2012-03-27,Likely Voters,500,Automated Phone,Nonpartisan,None,224,2012_13375_wisconsin,NA,NA,NA,NA
2012-wisconsin-president-romney-vs-obama,2012,wisconsin,52,35,13,NA,13384,NBC/Marist,2012-03-26,2012-03-27,Registered Voters,1391,Live Phone,Nonpartisan,None,224,2012_13384_wisconsin,NA,NA,NA,NA
2012-wisconsin-president-romney-vs-obama,2012,wisconsin,48,43,10,NA,13348,Marquette Law School,2012-03-22,2012-03-25,Registered Voters,707,Live Phone,Nonpartisan,None,226,2012_13348_wisconsin,NA,NA,NA,NA
2012-wisconsin-president-romney-vs-obama,2012,wisconsin,47,42,5,5,13079,Rasmussen,2012-02-27,2012-02-27,Likely Voters,500,Automated Phone,Nonpartisan,None,253,2012_13079_wisconsin,NA,NA,NA,NA
2012-wisconsin-president-romney-vs-obama,2012,wisconsin,53,39,8,NA,13389,PPP (D),2012-02-23,2012-02-26,Registered Voters,900,Live Phone,Pollster,Dem,254,2012_13389_wisconsin,NA,NA,NA,NA
2012-wisconsin-president-romney-vs-obama,2012,wisconsin,53,38,6,NA,13156,Marquette Law School,2012-02-16,2012-02-19,Registered Voters,716,Live Phone,Nonpartisan,None,261,2012_13156_wisconsin,NA,NA,NA,NA
2012-wisconsin-president-romney-vs-obama,2012,wisconsin,48,40,NA,NA,12632,Marquette Law School,2012-01-19,2012-01-22,Registered Voters,701,Live Phone,Nonpartisan,None,289,2012_12632_wisconsin,NA,NA,NA,NA
2012-virginia-president-romney-vs-obama,2012,virginia,48,46,5,2,16664,Ipsos/Reuters (Web),2012-11-03,2012-11-05,Likely Voters,828,Internet,Nonpartisan,None,1,2012_16664_virginia,NA,NA,NA,NA
2012-virginia-president-romney-vs-obama,2012,virginia,48,50,1,1,16620,Rasmussen,2012-11-04,2012-11-04,Likely Voters,750,Automated Phone,Nonpartisan,None,2,2012_16620_virginia,NA,NA,NA,NA
2012-virginia-president-romney-vs-obama,2012,virginia,51,47,1,NA,16608,PPP (D),2012-11-03,2012-11-04,Likely Voters,975,Automated Phone,Pollster,Dem,2,2012_16608_virginia,NA,NA,NA,NA
2012-virginia-president-romney-vs-obama,2012,virginia,52,44,4,NA,16653,JZ Analytics/Newsmax,2012-11-02,2012-11-04,Likely Voters,814,Internet,Sponsor,Rep,2,2012_16653_virginia,NA,NA,NA,NA
2012-virginia-president-romney-vs-obama,2012,virginia,48,46,5,2,16578,YouGov,2012-10-31,2012-11-03,Likely Voters,1497,Internet,Nonpartisan,None,3,2012_16578_virginia,NA,NA,NA,NA
2012-virginia-president-romney-vs-obama,2012,virginia,48,47,3,1,16614,NBC/WSJ/Marist,2012-11-01,2012-11-02,Likely Voters,1165,Live Phone,Nonpartisan,None,4,2012_16614_virginia,NA,NA,NA,NA
2012-virginia-president-romney-vs-obama,2012,virginia,48,45,2,5,16478,Ipsos/Reuters (Web),2012-10-31,2012-11-02,Likely Voters,1065,Internet,Nonpartisan,None,4,2012_16478_virginia,NA,NA,NA,NA
2012-virginia-president-romney-vs-obama,2012,virginia,48,45,4,1,16642,Mellman (D-Americans United for Change),2012-10-30,2012-11-02,Likely Voters,800,Live Phone,Sponsor,Dem,4,2012_16642_virginia,NA,NA,NA,NA
2012-virginia-president-romney-vs-obama,2012,virginia,49,48,NA,4,16474,We Ask America,2012-10-30,2012-11-01,Likely Voters,1069,Automated Phone,Nonpartisan,None,5,2012_16474_virginia,NA,NA,NA,NA
2012-virginia-president-romney-vs-obama,2012,virginia,49,46,4,NA,16391,PPP (D-Health Care for America Now),2012-10-30,2012-10-31,Likely Voters,600,Automated Phone,Sponsor,Dem,6,2012_16391_virginia,NA,NA,NA,NA
2012-virginia-president-romney-vs-obama,2012,virginia,49,48,3,1,16603,Pulse Opinion Research/Let Freedom Ring (R),2012-10-30,2012-10-30,Likely Voters,1000,Automated Phone,Sponsor,Rep,7,2012_16603_virginia,NA,NA,NA,NA
2012-virginia-president-romney-vs-obama,2012,virginia,47,48,6,NA,16403,JZ Analytics/Newsmax,2012-10-28,2012-10-30,Likely Voters,800,Internet,Sponsor,Rep,7,2012_16403_virginia,NA,NA,NA,NA
2012-virginia-president-romney-vs-obama,2012,virginia,49,47,3,1,16351,Quinnipiac/NYT/CBS,2012-10-23,2012-10-28,Likely Voters,1074,Live Phone,Nonpartisan,None,9,2012_16351_virginia,NA,NA,NA,NA
2012-virginia-president-romney-vs-obama,2012,virginia,49,46,NA,NA,16264,Garin-Hart-Yang (D-Priorities USA Action),2012-10-25,2012-10-27,Likely Voters,807,Live Phone,Sponsor,Dem,10,2012_16264_virginia,NA,NA,NA,NA
2012-virginia-president-romney-vs-obama,2012,virginia,48,48,4,NA,16292,Gravis Marketing,2012-10-26,2012-10-26,Likely Voters,645,Automated Phone,Nonpartisan,None,11,2012_16292_virginia,NA,NA,NA,NA
2012-virginia-president-romney-vs-obama,2012,virginia,44,50,3,4,16360,Roanoke College,2012-10-23,2012-10-26,Likely Voters,638,Live Phone,Nonpartisan,None,11,2012_16360_virginia,NA,NA,NA,NA
2012-virginia-president-romney-vs-obama,2012,virginia,51,47,2,1,16229,Washington Post,2012-10-22,2012-10-26,Likely Voters,1228,Live Phone,Nonpartisan,None,11,2012_16229_virginia,NA,NA,NA,NA
2012-virginia-president-romney-vs-obama,2012,virginia,48,48,NA,NA,16210,JZ Analytics/Newsmax,2012-10-23,2012-10-25,Likely Voters,834,Internet,Sponsor,Rep,12,2012_16210_virginia,NA,NA,NA,NA
2012-virginia-president-romney-vs-obama,2012,virginia,47,47,7,NA,16207,Purple Strategies,2012-10-23,2012-10-25,Likely Voters,600,IVR/Online,Nonpartisan,None,12,2012_16207_virginia,NA,NA,NA,NA
2012-virginia-president-romney-vs-obama,2012,virginia,48,50,1,NA,16149,Rasmussen,2012-10-24,2012-10-24,Likely Voters,750,Automated Phone,Nonpartisan,None,13,2012_16149_virginia,NA,NA,NA,NA
2012-virginia-president-romney-vs-obama,2012,virginia,44,46,7,2,16173,FOX,2012-10-23,2012-10-24,Likely Voters,1126,Live Phone,Nonpartisan,None,13,2012_16173_virginia,NA,NA,NA,NA
2012-virginia-president-romney-vs-obama,2012,virginia,51,46,3,NA,16132,PPP (D-Health Care for America Now),2012-10-23,2012-10-24,Likely Voters,722,Automated Phone,Sponsor,Dem,13,2012_16132_virginia,NA,NA,NA,NA
2012-virginia-president-romney-vs-obama,2012,virginia,46,45,8,NA,16097,Mellman (D-Americans United for Change),2012-10-18,2012-10-21,Likely Voters,800,Live Phone,Sponsor,Dem,16,2012_16097_virginia,NA,NA,NA,NA
2012-virginia-president-romney-vs-obama,2012,virginia,47,49,3,NA,16042,Wenzel Strategies (R-Citizens United),2012-10-19,2012-10-20,Likely Voters,1000,Live Phone,Sponsor,Rep,17,2012_16042_virginia,NA,NA,NA,NA
2012-virginia-president-romney-vs-obama,2012,virginia,49,47,4,NA,15980,PPP (D-Health Care for America Now),2012-10-18,2012-10-19,Likely Voters,500,Automated Phone,Sponsor,Dem,18,2012_15980_virginia,NA,NA,NA,NA
2012-virginia-president-romney-vs-obama,2012,virginia,47,50,2,NA,15972,Rasmussen,2012-10-18,2012-10-18,Likely Voters,750,Automated Phone,Nonpartisan,None,19,2012_15972_virginia,NA,NA,NA,NA
2012-virginia-president-romney-vs-obama,2012,virginia,50,43,3,3,16108,ODU/Virginian-Pilot,2012-09-19,2012-10-17,Likely Voters,465,Live Phone,Nonpartisan,None,20,2012_16108_virginia,NA,NA,NA,NA
2012-virginia-president-romney-vs-obama,2012,virginia,49,48,NA,NA,15923,PPP (D-LCV),2012-10-15,2012-10-16,Likely Voters,733,Automated Phone,Sponsor,Dem,21,2012_15923_virginia,NA,NA,NA,NA
2012-virginia-president-romney-vs-obama,2012,virginia,47,46,3,4,16030,Pulse Opinion Research/Let Freedom Ring (R),2012-10-15,2012-10-15,Likely Voters,1000,Automated Phone,Sponsor,Rep,22,2012_16030_virginia,NA,NA,NA,NA
2012-virginia-president-romney-vs-obama,2012,virginia,47,48,4,1,15784,ARG,2012-10-12,2012-10-14,Likely Voters,600,Live Phone,Nonpartisan,None,23,2012_15784_virginia,NA,NA,NA,NA
2012-virginia-president-romney-vs-obama,2012,virginia,47,49,3,1,15745,Rasmussen,2012-10-11,2012-10-11,Likely Voters,750,Automated Phone,Nonpartisan,None,26,2012_15745_virginia,NA,NA,NA,NA
2012-virginia-president-romney-vs-obama,2012,virginia,46,45,6,2,15845,YouGov,2012-10-04,2012-10-11,Likely Voters,742,Internet,Nonpartisan,None,26,2012_15845_virginia,NA,NA,NA,NA
2012-virginia-president-romney-vs-obama,2012,virginia,44,51,4,1,15709,McLaughlin (R-Allen),2012-10-08,2012-10-09,Likely Voters,600,Live Phone,Sponsor,Rep,28,2012_15709_virginia,NA,NA,NA,NA
2012-virginia-president-romney-vs-obama,2012,virginia,47,48,4,1,15679,NBC/WSJ/Marist,2012-10-07,2012-10-09,Likely Voters,981,Live Phone,Nonpartisan,None,28,2012_15679_virginia,NA,NA,NA,NA
2012-virginia-president-romney-vs-obama,2012,virginia,51,46,3,1,15681,Quinnipiac/NYT/CBS,2012-10-04,2012-10-09,Likely Voters,1288,Live Phone,Nonpartisan,None,28,2012_15681_virginia,NA,NA,NA,NA
2012-virginia-president-romney-vs-obama,2012,virginia,48,48,2,2,15724,Pulse Opinion Research/Let Freedom Ring (R),2012-10-08,2012-10-08,Likely Voters,1000,Automated Phone,Sponsor,Rep,29,2012_15724_virginia,NA,NA,NA,NA
2012-virginia-president-romney-vs-obama,2012,virginia,50,47,3,NA,15579,PPP (D),2012-10-04,2012-10-07,Likely Voters,725,Automated Phone,Pollster,Dem,30,2012_15579_virginia,NA,NA,NA,NA
2012-virginia-president-romney-vs-obama,2012,virginia,48,49,3,NA,15541,Rasmussen,2012-10-04,2012-10-04,Likely Voters,500,Automated Phone,Nonpartisan,None,33,2012_15541_virginia,NA,NA,NA,NA
2012-virginia-president-romney-vs-obama,2012,virginia,45,48,5,2,15540,We Ask America,2012-10-04,2012-10-04,Likely Voters,1200,Automated Phone,Nonpartisan,None,33,2012_15540_virginia,NA,NA,NA,NA
2012-virginia-president-romney-vs-obama,2012,virginia,48,47,3,2,15727,Pulse Opinion Research/Let Freedom Ring (R),2012-10-01,2012-10-01,Likely Voters,1000,Automated Phone,Sponsor,Rep,36,2012_15727_virginia,NA,NA,NA,NA
2012-virginia-president-romney-vs-obama,2012,virginia,48,46,5,1,15483,NBC/WSJ/Marist,2012-09-30,2012-10-01,Likely Voters,969,Live Phone,Nonpartisan,None,36,2012_15483_virginia,NA,NA,NA,NA
2012-virginia-president-romney-vs-obama,2012,virginia,47,39,10,5,15466,Roanoke College,2012-09-19,2012-09-28,Likely Voters,589,Live Phone,Nonpartisan,None,39,2012_15466_virginia,NA,NA,NA,NA
2012-virginia-president-romney-vs-obama,2012,virginia,49,47,3,1,15387,ARG,2012-09-24,2012-09-27,Likely Voters,600,Live Phone,Nonpartisan,None,40,2012_15387_virginia,NA,NA,NA,NA
2012-virginia-president-romney-vs-obama,2012,virginia,46,44,8,2,15367,Suffolk/NBC12,2012-09-24,2012-09-26,Likely Voters,600,Live Phone,Nonpartisan,None,41,2012_15367_virginia,NA,NA,NA,NA
2012-virginia-president-romney-vs-obama,2012,virginia,49,43,8,NA,15394,PPP (D)/NRDC,2012-09-17,2012-09-19,Likely Voters,2770,Automated Phone,Pollster,Dem,48,2012_15394_virginia,NA,NA,NA,NA
2012-virginia-president-romney-vs-obama,2012,virginia,46,43,11,NA,15202,Purple Strategies,2012-09-15,2012-09-19,Likely Voters,600,IVR/Online,Nonpartisan,None,48,2012_15202_virginia,NA,NA,NA,NA
2012-virginia-president-romney-vs-obama,2012,virginia,49,42,6,3,15148,FOX,2012-09-16,2012-09-18,Likely Voters,1006,Live Phone,Nonpartisan,None,49,2012_15148_virginia,NA,NA,NA,NA
2012-virginia-president-romney-vs-obama,2012,virginia,49,46,5,1,15122,We Ask America,2012-09-17,2012-09-17,Likely Voters,1238,Automated Phone,Nonpartisan,None,50,2012_15122_virginia,NA,NA,NA,NA
2012-virginia-president-romney-vs-obama,2012,virginia,50,46,3,1,15119,Quinnipiac/NYT/CBS,2012-09-11,2012-09-17,Likely Voters,1474,Live Phone,Nonpartisan,None,50,2012_15119_virginia,NA,NA,NA,NA
2012-virginia-president-romney-vs-obama,2012,virginia,51,46,3,NA,15072,PPP (D),2012-09-13,2012-09-16,Likely Voters,1021,Automated Phone,Pollster,Dem,51,2012_15072_virginia,NA,NA,NA,NA
2012-virginia-president-romney-vs-obama,2012,virginia,52,44,NA,NA,15106,Washington Post,2012-09-12,2012-09-16,Likely Voters,847,Live Phone,Nonpartisan,None,51,2012_15106_virginia,NA,NA,NA,NA
2012-virginia-president-romney-vs-obama,2012,virginia,48,44,6,2,15164,YouGov,2012-09-07,2012-09-14,Likely Voters,1047,Internet,Nonpartisan,None,53,2012_15164_virginia,NA,NA,NA,NA
2012-virginia-president-romney-vs-obama,2012,virginia,49,48,2,1,15044,Rasmussen,2012-09-13,2012-09-13,Likely Voters,500,Automated Phone,Nonpartisan,None,54,2012_15044_virginia,NA,NA,NA,NA
2012-virginia-president-romney-vs-obama,2012,virginia,49,44,5,2,15029,NBC/WSJ/Marist,2012-09-09,2012-09-11,Likely Voters,996,Live Phone,Nonpartisan,None,56,2012_15029_virginia,NA,NA,NA,NA
2012-virginia-president-romney-vs-obama,2012,virginia,44,49,7,NA,14971,Gravis Marketing,2012-09-08,2012-09-09,Likely Voters,2238,Automated Phone,Nonpartisan,None,58,2012_14971_virginia,NA,NA,NA,NA
2012-virginia-president-romney-vs-obama,2012,virginia,47,47,3,3,14789,Rasmussen,2012-08-23,2012-08-23,Likely Voters,500,Automated Phone,Nonpartisan,None,75,2012_14789_virginia,NA,NA,NA,NA
2012-virginia-president-romney-vs-obama,2012,virginia,50,45,5,NA,14717,PPP (D),2012-08-16,2012-08-19,Likely Voters,855,Automated Phone,Pollster,Dem,79,2012_14717_virginia,NA,NA,NA,NA
2012-virginia-president-romney-vs-obama,2012,virginia,45,48,8,NA,14666,Purple Strategies,2012-08-13,2012-08-14,Likely Voters,600,Automated Phone,Nonpartisan,None,84,2012_14666_virginia,NA,NA,NA,NA
2012-virginia-president-romney-vs-obama,2012,virginia,48,46,3,2,14594,Rasmussen,2012-08-07,2012-08-07,Likely Voters,500,Automated Phone,Nonpartisan,None,91,2012_14594_virginia,NA,NA,NA,NA
2012-virginia-president-romney-vs-obama,2012,virginia,49,45,5,1,14585,Quinnipiac/NYT/CBS,2012-07-31,2012-08-06,Likely Voters,1412,Live Phone,Nonpartisan,None,92,2012_14585_virginia,NA,NA,NA,NA
2012-virginia-president-romney-vs-obama,2012,virginia,47,46,3,3,14375,Rasmussen,2012-07-16,2012-07-17,Likely Voters,500,Automated Phone,Nonpartisan,None,112,2012_14375_virginia,NA,NA,NA,NA
2012-virginia-president-romney-vs-obama,2012,virginia,44,44,10,2,14383,Quinnipiac,2012-07-11,2012-07-16,Registered Voters,1673,Live Phone,Nonpartisan,None,113,2012_14383_virginia,NA,NA,NA,NA
2012-virginia-president-romney-vs-obama,2012,virginia,46,44,10,NA,14356,Purple Strategies,2012-07-09,2012-07-13,Likely Voters,600,Automated Phone,Nonpartisan,None,116,2012_14356_virginia,NA,NA,NA,NA
2012-virginia-president-romney-vs-obama,2012,virginia,50,42,8,NA,14286,PPP (D),2012-07-05,2012-07-08,Registered Voters,647,Automated Phone,Pollster,Dem,121,2012_14286_virginia,NA,NA,NA,NA
2012-virginia-president-romney-vs-obama,2012,virginia,46,43,NA,NA,14324,Garin-Hart-Yang (D-Priorities USA),2012-06-25,2012-07-03,Likely Voters,810,Live Phone,Sponsor,Dem,126,2012_14324_virginia,NA,NA,NA,NA
2012-virginia-president-romney-vs-obama,2012,virginia,43,48,9,NA,14173,We Ask America,2012-06-25,2012-06-25,Likely Voters,1106,Automated Phone,Nonpartisan,None,134,2012_14173_virginia,NA,NA,NA,NA
2012-virginia-president-romney-vs-obama,2012,virginia,49,42,8,1,14194,ODU/Virginian-Pilot,2012-05-16,2012-06-15,Registered Voters,776,Live Phone,Nonpartisan,None,144,2012_14194_virginia,NA,NA,NA,NA
2012-virginia-president-romney-vs-obama,2012,virginia,49,46,5,NA,14035,Purple Strategies,2012-05-31,2012-06-05,Likely Voters,600,Automated Phone,Nonpartisan,None,154,2012_14035_virginia,NA,NA,NA,NA
2012-virginia-president-romney-vs-obama,2012,virginia,47,42,8,3,14020,Quinnipiac,2012-05-30,2012-06-04,Registered Voters,1282,Live Phone,Nonpartisan,None,155,2012_14020_virginia,NA,NA,NA,NA
2012-virginia-president-romney-vs-obama,2012,virginia,47,47,3,3,14001,Rasmussen,2012-06-03,2012-06-03,Likely Voters,500,Automated Phone,Nonpartisan,None,156,2012_14001_virginia,NA,NA,NA,NA
2012-virginia-president-romney-vs-obama,2012,virginia,48,44,7,1,13893,NBC/Marist,2012-05-17,2012-05-20,Registered Voters,1076,Live Phone,Nonpartisan,None,170,2012_13893_virginia,NA,NA,NA,NA
2012-virginia-president-romney-vs-obama,2012,virginia,51,44,2,3,13686,Washington Post,2012-04-28,2012-05-02,Registered Voters,964,Live Phone,Nonpartisan,None,188,2012_13686_virginia,NA,NA,NA,NA
2012-virginia-president-romney-vs-obama,2012,virginia,51,43,6,NA,13657,PPP (D),2012-04-26,2012-04-29,Registered Voters,680,Automated Phone,Pollster,Dem,191,2012_13657_virginia,NA,NA,NA,NA
2012-virginia-president-romney-vs-obama,2012,virginia,44,45,5,6,13612,Rasmussen,2012-04-23,2012-04-23,Likely Voters,500,Automated Phone,Nonpartisan,None,197,2012_13612_virginia,NA,NA,NA,NA
2012-virginia-president-romney-vs-obama,2012,virginia,48,46,6,NA,13620,Purple Strategies,2012-04-19,2012-04-23,Likely Voters,600,Automated Phone,Nonpartisan,None,197,2012_13620_virginia,NA,NA,NA,NA
2012-virginia-president-romney-vs-obama,2012,virginia,40,46,NA,NA,13494,Roanoke College,2012-03-26,2012-04-05,Registered Voters,537,Live Phone,Nonpartisan,None,215,2012_13494_virginia,NA,NA,NA,NA
2012-virginia-president-romney-vs-obama,2012,virginia,51,42,4,4,13295,Rasmussen,2012-03-20,2012-03-20,Likely Voters,500,Automated Phone,Nonpartisan,None,231,2012_13295_virginia,NA,NA,NA,NA
2012-virginia-president-romney-vs-obama,2012,virginia,50,42,3,1,13274,Quinnipiac,2012-03-13,2012-03-18,Registered Voters,1034,Live Phone,Nonpartisan,None,233,2012_13274_virginia,NA,NA,NA,NA
2012-virginia-president-romney-vs-obama,2012,virginia,52,35,12,NA,13121,NBC/Marist,2012-02-29,2012-03-02,Registered Voters,1273,Live Phone,Nonpartisan,None,249,2012_13121_virginia,NA,NA,NA,NA
2012-virginia-president-romney-vs-obama,2012,virginia,42,43,16,NA,13080,Roanoke College,2012-02-13,2012-02-26,Adults,607,Live Phone,Nonpartisan,None,254,2012_13080_virginia,NA,NA,NA,NA
2012-virginia-president-romney-vs-obama,2012,virginia,49,43,3,5,13152,Rasmussen,2012-02-21,2012-02-21,Likely Voters,500,Automated Phone,Nonpartisan,None,259,2012_13152_virginia,NA,NA,NA,NA
2012-virginia-president-romney-vs-obama,2012,virginia,43,46,4,7,13153,Christopher Newport /Times Dispatch,2012-02-04,2012-02-13,Registered Voters,1018,Live Phone,Nonpartisan,None,267,2012_13153_virginia,NA,NA,NA,NA
2012-virginia-president-romney-vs-obama,2012,virginia,47,43,8,1,12745,Quinnipiac,2012-02-01,2012-02-06,Registered Voters,1544,Live Phone,Nonpartisan,None,274,2012_12745_virginia,NA,NA,NA,NA
2012-virginia-president-romney-vs-obama,2012,virginia,45,44,11,NA,12872,Mason-Dixon,2012-01-16,2012-01-18,Likely Voters,625,Live Phone,Nonpartisan,None,293,2012_12872_virginia,NA,NA,NA,NA
2012-pennsylvania-president-romney-vs-obama,2012,pennsylvania,49,46,NA,NA,16660,Gravis Marketing,2012-11-04,2012-11-04,Likely Voters,1060,Automated Phone,Nonpartisan,None,2,2012_16660_pennsylvania,NA,NA,NA,NA
2012-pennsylvania-president-romney-vs-obama,2012,pennsylvania,51,47,NA,2,16628,Angus-Reid,2012-11-02,2012-11-04,Likely Voters,479,Internet,Nonpartisan,None,2,2012_16628_pennsylvania,NA,NA,NA,NA
2012-pennsylvania-president-romney-vs-obama,2012,pennsylvania,52,46,1,NA,16529,PPP (D),2012-11-02,2012-11-03,Likely Voters,790,Automated Phone,Pollster,Dem,3,2012_16529_pennsylvania,NA,NA,NA,NA
2012-pennsylvania-president-romney-vs-obama,2012,pennsylvania,49,46,3,2,16559,Muhlenberg,2012-11-01,2012-11-03,Likely Voters,430,Live Phone,Nonpartisan,None,3,2012_16559_pennsylvania,NA,NA,NA,NA
2012-pennsylvania-president-romney-vs-obama,2012,pennsylvania,52,44,3,1,16581,YouGov,2012-10-31,2012-11-03,Likely Voters,1273,Internet,Nonpartisan,None,3,2012_16581_pennsylvania,NA,NA,NA,NA
2012-pennsylvania-president-romney-vs-obama,2012,pennsylvania,47,47,NA,NA,16537,Susquehanna (R)/Pittsburgh Tribune-Review,2012-10-29,2012-10-31,Likely Voters,800,Automated Phone,Pollster,Rep,6,2012_16537_pennsylvania,NA,NA,NA,NA
2012-pennsylvania-president-romney-vs-obama,2012,pennsylvania,49,46,3,2,16604,Pulse Opinion Research/Let Freedom Ring (R),2012-10-30,2012-10-30,Likely Voters,1000,Automated Phone,Sponsor,Rep,7,2012_16604_pennsylvania,NA,NA,NA,NA
2012-pennsylvania-president-romney-vs-obama,2012,pennsylvania,49,45,4,2,16348,Franklin and Marshall College,2012-10-23,2012-10-28,Likely Voters,547,Live Phone,Nonpartisan,None,9,2012_16348_pennsylvania,NA,NA,NA,NA
2012-pennsylvania-president-romney-vs-obama,2012,pennsylvania,49,43,7,NA,16212,Philadelphia Inquirer/National Research (R)/GSG (D),2012-10-23,2012-10-25,Likely Voters,600,Live Phone,Nonpartisan,None,12,2012_16212_pennsylvania,NA,NA,NA,NA
2012-pennsylvania-president-romney-vs-obama,2012,pennsylvania,51,46,2,1,16155,Rasmussen,2012-10-24,2012-10-24,Likely Voters,500,Automated Phone,Nonpartisan,None,13,2012_16155_pennsylvania,NA,NA,NA,NA
2012-pennsylvania-president-romney-vs-obama,2012,pennsylvania,48,45,6,NA,16045,Gravis Marketing,2012-10-21,2012-10-21,Likely Voters,887,Automated Phone,Nonpartisan,None,16,2012_16045_pennsylvania,NA,NA,NA,NA
2012-pennsylvania-president-romney-vs-obama,2012,pennsylvania,49,46,NA,NA,16252,Pharos Research Group,2012-10-19,2012-10-21,Likely Voters,760,Live Phone,Nonpartisan,None,16,2012_16252_pennsylvania,NA,NA,NA,NA
2012-pennsylvania-president-romney-vs-obama,2012,pennsylvania,50,45,3,2,16015,Muhlenberg,2012-10-17,2012-10-21,Likely Voters,444,Live Phone,Nonpartisan,None,16,2012_16015_pennsylvania,NA,NA,NA,NA
2012-pennsylvania-president-romney-vs-obama,2012,pennsylvania,52,42,NA,6,16018,Angus-Reid,2012-10-18,2012-10-20,Likely Voters,511,Internet,Nonpartisan,None,17,2012_16018_pennsylvania,NA,NA,NA,NA
2012-pennsylvania-president-romney-vs-obama,2012,pennsylvania,48,44,5,3,16029,Pulse Opinion Research/Let Freedom Ring (R),2012-10-15,2012-10-15,Likely Voters,1000,Automated Phone,Sponsor,Rep,22,2012_16029_pennsylvania,NA,NA,NA,NA
2012-pennsylvania-president-romney-vs-obama,2012,pennsylvania,50,46,3,1,15818,Quinnipiac,2012-10-12,2012-10-14,Likely Voters,1519,Live Phone,Nonpartisan,None,23,2012_15818_pennsylvania,NA,NA,NA,NA
2012-pennsylvania-president-romney-vs-obama,2012,pennsylvania,51,44,6,NA,15801,PPP (D),2012-10-12,2012-10-14,Likely Voters,500,Automated Phone,Pollster,Dem,23,2012_15801_pennsylvania,NA,NA,NA,NA
2012-pennsylvania-president-romney-vs-obama,2012,pennsylvania,49,45,3,3,15800,Muhlenberg,2012-10-10,2012-10-14,Likely Voters,438,Live Phone,Nonpartisan,None,23,2012_15800_pennsylvania,NA,NA,NA,NA
2012-pennsylvania-president-romney-vs-obama,2012,pennsylvania,45,49,2,3,15940,Susquehanna (R - Republican State Committee of Pennsylvania),2012-10-11,2012-10-13,Likely Voters,1376,Automated Phone,Sponsor,Rep,24,2012_15940_pennsylvania,NA,NA,NA,NA
2012-pennsylvania-president-romney-vs-obama,2012,pennsylvania,51,44,4,1,15858,YouGov,2012-10-04,2012-10-11,Likely Voters,966,Internet,Nonpartisan,None,26,2012_15858_pennsylvania,NA,NA,NA,NA
2012-pennsylvania-president-romney-vs-obama,2012,pennsylvania,51,46,1,1,15654,Rasmussen,2012-10-09,2012-10-09,Likely Voters,500,Automated Phone,Nonpartisan,None,28,2012_15654_pennsylvania,NA,NA,NA,NA
2012-pennsylvania-president-romney-vs-obama,2012,pennsylvania,47,45,NA,NA,15703,Pulse Opinion Research/Let Freedom Ring (R),2012-10-08,2012-10-08,Likely Voters,1000,Automated Phone,Sponsor,Rep,29,2012_15703_pennsylvania,NA,NA,NA,NA
2012-pennsylvania-president-romney-vs-obama,2012,pennsylvania,50,42,8,NA,15692,Philadelphia Inquirer/National Research (R)/GSG (D),2012-10-04,2012-10-08,Likely Voters,600,Live Phone,Nonpartisan,None,29,2012_15692_pennsylvania,NA,NA,NA,NA
2012-pennsylvania-president-romney-vs-obama,2012,pennsylvania,47,45,4,3,15599,Susquehanna (R),2012-10-04,2012-10-06,Likely Voters,725,Live Phone,Pollster,Rep,31,2012_15599_pennsylvania,NA,NA,NA,NA
2012-pennsylvania-president-romney-vs-obama,2012,pennsylvania,43,40,12,NA,15617,Siena,2012-10-01,2012-10-05,Likely Voters,545,Live Phone,Nonpartisan,None,32,2012_15617_pennsylvania,NA,NA,NA,NA
2012-pennsylvania-president-romney-vs-obama,2012,pennsylvania,49,42,5,4,15384,Muhlenberg,2012-09-22,2012-09-26,Likely Voters,427,Live Phone,Nonpartisan,None,41,2012_15384_pennsylvania,NA,NA,NA,NA
2012-pennsylvania-president-romney-vs-obama,2012,pennsylvania,54,42,2,1,15315,Quinnipiac/NYT/CBS,2012-09-18,2012-09-24,Likely Voters,1180,Live Phone,Nonpartisan,None,43,2012_15315_pennsylvania,NA,NA,NA,NA
2012-pennsylvania-president-romney-vs-obama,2012,pennsylvania,52,43,3,NA,15323,Franklin and Marshall College,2012-09-18,2012-09-23,Likely Voters,392,Live Phone,Nonpartisan,None,44,2012_15323_pennsylvania,NA,NA,NA,NA
2012-pennsylvania-president-romney-vs-obama,2012,pennsylvania,47,45,6,NA,15276,Susquehanna (R)/Tribune-Review,2012-09-18,2012-09-20,Likely Voters,800,Live Phone,Pollster,Rep,47,2012_15276_pennsylvania,NA,NA,NA,NA
2012-pennsylvania-president-romney-vs-obama,2012,pennsylvania,48,40,6,5,15264,Mercyhurst University,2012-09-12,2012-09-20,Likely Voters,522,Live Phone,Nonpartisan,None,47,2012_15264_pennsylvania,NA,NA,NA,NA
2012-pennsylvania-president-romney-vs-obama,2012,pennsylvania,51,39,7,3,15232,Rasmussen,2012-09-19,2012-09-19,Likely Voters,500,Automated Phone,Nonpartisan,None,48,2012_15232_pennsylvania,NA,NA,NA,NA
2012-pennsylvania-president-romney-vs-obama,2012,pennsylvania,48,42,9,1,15157,We Ask America,2012-09-18,2012-09-18,Likely Voters,1214,Automated Phone,Nonpartisan,None,49,2012_15157_pennsylvania,NA,NA,NA,NA
2012-pennsylvania-president-romney-vs-obama,2012,pennsylvania,52,40,8,NA,15398,PPP (D)/NRDC,2012-09-17,2012-09-18,Likely Voters,2051,Automated Phone,Pollster,Dem,49,2012_15398_pennsylvania,NA,NA,NA,NA
2012-pennsylvania-president-romney-vs-obama,2012,pennsylvania,48,47,3,1,15203,Susquehanna (R-Republican State Committee of Pennsylvania),2012-09-15,2012-09-17,Likely Voters,800,Live Phone,Pollster,Rep,50,2012_15203_pennsylvania,NA,NA,NA,NA
2012-pennsylvania-president-romney-vs-obama,2012,pennsylvania,50,41,4,5,15114,Muhlenberg,2012-09-10,2012-09-16,Likely Voters,640,Live Phone,Nonpartisan,None,51,2012_15114_pennsylvania,NA,NA,NA,NA
2012-pennsylvania-president-romney-vs-obama,2012,pennsylvania,52,43,2,2,15180,YouGov,2012-09-07,2012-09-14,Likely Voters,1139,Internet,Nonpartisan,None,53,2012_15180_pennsylvania,NA,NA,NA,NA
2012-pennsylvania-president-romney-vs-obama,2012,pennsylvania,50,39,11,NA,15076,Philadelphia Inquirer/National Research (R)/GSG (D),2012-09-09,2012-09-12,Likely Voters,600,Live Phone,Nonpartisan,None,55,2012_15076_pennsylvania,NA,NA,NA,NA
2012-pennsylvania-president-romney-vs-obama,2012,pennsylvania,51,42,7,NA,14787,Philadelphia Inquirer,2012-08-21,2012-08-23,Likely Voters,601,Live Phone,Nonpartisan,None,75,2012_14787_pennsylvania,NA,NA,NA,NA
2012-pennsylvania-president-romney-vs-obama,2012,pennsylvania,49,40,NA,NA,14748,Muhlenberg,2012-08-20,2012-08-22,Likely Voters,422,Live Phone,Nonpartisan,None,76,2012_14748_pennsylvania,NA,NA,NA,NA
2012-pennsylvania-president-romney-vs-obama,2012,pennsylvania,47,42,7,NA,14673,Franklin and Marshall College,2012-08-07,2012-08-12,Registered Voters,681,Live Phone,Nonpartisan,None,86,2012_14673_pennsylvania,NA,NA,NA,NA
2012-pennsylvania-president-romney-vs-obama,2012,pennsylvania,53,42,4,1,14521,Quinnipiac/NYT/CBS,2012-07-24,2012-07-30,Likely Voters,1168,Live Phone,Nonpartisan,None,99,2012_14521_pennsylvania,NA,NA,NA,NA
2012-pennsylvania-president-romney-vs-obama,2012,pennsylvania,49,43,8,NA,14444,PPP (D),2012-07-21,2012-07-23,Likely Voters,758,Automated Phone,Pollster,Dem,106,2012_14444_pennsylvania,NA,NA,NA,NA
2012-pennsylvania-president-romney-vs-obama,2012,pennsylvania,46,43,NA,NA,14494,Susquehanna (R),2012-07-19,2012-07-23,Likely Voters,800,Automated Phone,Pollster,Rep,106,2012_14494_pennsylvania,NA,NA,NA,NA
2012-pennsylvania-president-romney-vs-obama,2012,pennsylvania,48,44,5,4,14401,Rasmussen,2012-07-18,2012-07-18,Likely Voters,500,Automated Phone,Nonpartisan,None,111,2012_14401_pennsylvania,NA,NA,NA,NA
2012-pennsylvania-president-romney-vs-obama,2012,pennsylvania,47,40,13,NA,14295,We Ask America,2012-07-09,2012-07-10,Likely Voters,1227,Automated Phone,Nonpartisan,None,119,2012_14295_pennsylvania,NA,NA,NA,NA
2012-pennsylvania-president-romney-vs-obama,2012,pennsylvania,49,40,NA,NA,14323,Garin-Hart-Yang (D-Priorities USA),2012-06-25,2012-07-03,Likely Voters,816,Live Phone,Sponsor,Dem,126,2012_14323_pennsylvania,NA,NA,NA,NA
2012-pennsylvania-president-romney-vs-obama,2012,pennsylvania,45,39,13,4,14189,Quinnipiac,2012-06-19,2012-06-25,Registered Voters,1252,Live Phone,Nonpartisan,None,134,2012_14189_pennsylvania,NA,NA,NA,NA
2012-pennsylvania-president-romney-vs-obama,2012,pennsylvania,46,40,12,2,14067,Quinnipiac,2012-06-05,2012-06-10,Registered Voters,997,Live Phone,Nonpartisan,None,149,2012_14067_pennsylvania,NA,NA,NA,NA
2012-pennsylvania-president-romney-vs-obama,2012,pennsylvania,48,36,12,5,14014,Franklin and Marshall College,2012-05-29,2012-06-04,Registered Voters,412,Live Phone,Nonpartisan,None,155,2012_14014_pennsylvania,NA,NA,NA,NA
2012-pennsylvania-president-romney-vs-obama,2012,pennsylvania,47,41,5,7,13876,Rasmussen,2012-05-21,2012-05-21,Likely Voters,500,Automated Phone,Nonpartisan,None,169,2012_13876_pennsylvania,NA,NA,NA,NA
2012-pennsylvania-president-romney-vs-obama,2012,pennsylvania,50,42,8,NA,13866,PPP (D),2012-05-17,2012-05-20,Likely Voters,671,Automated Phone,Pollster,Dem,170,2012_13866_pennsylvania,NA,NA,NA,NA
2012-pennsylvania-president-romney-vs-obama,2012,pennsylvania,47,39,8,2,13678,Quinnipiac,2012-04-25,2012-05-01,Registered Voters,1167,Live Phone,Nonpartisan,None,189,2012_13678_pennsylvania,NA,NA,NA,NA
2012-pennsylvania-president-romney-vs-obama,2012,pennsylvania,45,40,4,11,13591,Muhlenberg,2012-03-23,2012-04-01,Registered Voters,492,Live Phone,Nonpartisan,None,219,2012_13591_pennsylvania,NA,NA,NA,NA
2012-pennsylvania-president-romney-vs-obama,2012,pennsylvania,45,42,7,2,13370,Quinnipiac,2012-03-20,2012-03-26,Registered Voters,1232,Live Phone,Nonpartisan,None,225,2012_13370_pennsylvania,NA,NA,NA,NA
2012-pennsylvania-president-romney-vs-obama,2012,pennsylvania,46,40,8,2,13251,Quinnipiac,2012-03-07,2012-03-12,Registered Voters,1256,Live Phone,Nonpartisan,None,239,2012_13251_pennsylvania,NA,NA,NA,NA
2012-pennsylvania-president-romney-vs-obama,2012,pennsylvania,49,42,9,NA,13252,PPP (D),2012-03-08,2012-03-11,Likely Voters,689,Automated Phone,Pollster,Dem,240,2012_13252_pennsylvania,NA,NA,NA,NA
2012-pennsylvania-president-romney-vs-obama,2012,pennsylvania,45,44,3,8,13151,Rasmussen,2012-02-08,2012-02-23,Likely Voters,438,Automated Phone,Nonpartisan,None,257,2012_13151_pennsylvania,NA,NA,NA,NA
2012-pennsylvania-president-romney-vs-obama,2012,pennsylvania,48,37,6,9,13149,Muhlenberg,2012-02-15,2012-02-21,Registered Voters,625,Live Phone,Nonpartisan,None,259,2012_13149_pennsylvania,NA,NA,NA,NA
2012-pennsylvania-president-romney-vs-obama,2012,pennsylvania,41,33,18,8,13150,Franklin and Marshall College,2012-02-14,2012-02-20,Registered Voters,592,Live Phone,Nonpartisan,None,260,2012_13150_pennsylvania,NA,NA,NA,NA
2012-pennsylvania-president-romney-vs-obama,2012,pennsylvania,43,45,NA,NA,12835,Susquehanna (R),2012-02-02,2012-02-06,Registered Voters,800,Automated Phone,Pollster,Rep,274,2012_12835_pennsylvania,NA,NA,NA,NA
2012-pennsylvania-president-romney-vs-obama,2012,pennsylvania,41,30,24,6,13432,Franklin and Marshall College,2012-01-17,2012-01-22,Registered Voters,614,Live Phone,Nonpartisan,None,289,2012_13432_pennsylvania,NA,NA,NA,NA
2012-ohio-president-romney-vs-obama,2012,ohio,49,48,NA,NA,16657,Gravis Marketing,2012-11-04,2012-11-05,Likely Voters,1316,Automated Phone,Nonpartisan,None,1,2012_16657_ohio,NA,NA,NA,NA
2012-ohio-president-romney-vs-obama,2012,ohio,51,44,6,NA,16672,JZ Analytics/Newsmax,2012-11-03,2012-11-05,Likely Voters,832,Internet,Sponsor,Rep,1,2012_16672_ohio,NA,NA,NA,NA
2012-ohio-president-romney-vs-obama,2012,ohio,50,46,2,1,16665,Ipsos/Reuters (Web),2012-11-03,2012-11-05,Likely Voters,680,Internet,Nonpartisan,None,1,2012_16665_ohio,NA,NA,NA,NA
2012-ohio-president-romney-vs-obama,2012,ohio,49,49,1,1,16632,Rasmussen,2012-11-04,2012-11-04,Likely Voters,750,Automated Phone,Nonpartisan,None,2,2012_16632_ohio,NA,NA,NA,NA
2012-ohio-president-romney-vs-obama,2012,ohio,52,47,2,NA,16607,PPP (D),2012-11-03,2012-11-04,Likely Voters,1000,Automated Phone,Pollster,Dem,2,2012_16607_ohio,NA,NA,NA,NA
2012-ohio-president-romney-vs-obama,2012,ohio,51,48,NA,1,16675,Angus-Reid,2012-11-02,2012-11-04,Likely Voters,572,Internet,Nonpartisan,None,2,2012_16675_ohio,NA,NA,NA,NA
2012-ohio-president-romney-vs-obama,2012,ohio,49,44,4,3,16639,SurveyUSA,2012-11-01,2012-11-04,Likely Voters,803,IVR/Online,Nonpartisan,None,2,2012_16639_ohio,NA,NA,NA,NA
2012-ohio-president-romney-vs-obama,2012,ohio,50,49,NA,NA,16627,The Ohio Poll/University of Cincinnati,2012-10-31,2012-11-04,Likely Voters,889,Live Phone,Nonpartisan,None,2,2012_16627_ohio,NA,NA,NA,NA
2012-ohio-president-romney-vs-obama,2012,ohio,49,46,3,2,16591,YouGov,2012-10-31,2012-11-03,Likely Voters,1620,Internet,Nonpartisan,None,3,2012_16591_ohio,NA,NA,NA,NA
2012-ohio-president-romney-vs-obama,2012,ohio,50,48,NA,NA,16536,Columbus Dispatch,2012-10-24,2012-11-03,Likely Voters,1501,Mail,Nonpartisan,None,3,2012_16536_ohio,NA,NA,NA,NA
2012-ohio-president-romney-vs-obama,2012,ohio,49,45,4,1,16505,Grove Insight (D-Project New America/USAction),2012-11-01,2012-11-02,Likely Voters,500,Live Phone,Sponsor,Dem,4,2012_16505_ohio,NA,NA,NA,NA
2012-ohio-president-romney-vs-obama,2012,ohio,47,45,4,3,16480,Ipsos/Reuters (Web),2012-10-31,2012-11-02,Likely Voters,1012,Internet,Nonpartisan,None,4,2012_16480_ohio,NA,NA,NA,NA
2012-ohio-president-romney-vs-obama,2012,ohio,49,49,1,2,16469,Rasmussen,2012-11-01,2012-11-01,Likely Voters,750,Automated Phone,Nonpartisan,None,5,2012_16469_ohio,NA,NA,NA,NA
2012-ohio-president-romney-vs-obama,2012,ohio,51,45,3,1,16489,NBC/WSJ/Marist,2012-10-31,2012-11-01,Likely Voters,971,Live Phone,Nonpartisan,None,5,2012_16489_ohio,NA,NA,NA,NA
2012-ohio-president-romney-vs-obama,2012,ohio,50,47,3,1,16476,CNN,2012-10-30,2012-11-01,Likely Voters,796,Live Phone,Nonpartisan,None,5,2012_16476_ohio,NA,NA,NA,NA
2012-ohio-president-romney-vs-obama,2012,ohio,50,46,NA,4,16475,We Ask America,2012-10-30,2012-11-01,Likely Voters,1649,Automated Phone,Nonpartisan,None,5,2012_16475_ohio,NA,NA,NA,NA
2012-ohio-president-romney-vs-obama,2012,ohio,46,49,NA,NA,16430,Wenzel Strategies (R-Citizens United),2012-10-30,2012-10-31,Likely Voters,1281,Live Phone,Sponsor,Rep,6,2012_16430_ohio,NA,NA,NA,NA
2012-ohio-president-romney-vs-obama,2012,ohio,50,45,4,NA,16368,PPP (D-Health Care for America Now),2012-10-29,2012-10-30,Likely Voters,600,Automated Phone,Sponsor,Dem,7,2012_16368_ohio,NA,NA,NA,NA
2012-ohio-president-romney-vs-obama,2012,ohio,50,44,5,NA,16402,JZ Analytics/Newsmax,2012-10-28,2012-10-30,Likely Voters,826,Internet,Sponsor,Rep,7,2012_16402_ohio,NA,NA,NA,NA
2012-ohio-president-romney-vs-obama,2012,ohio,48,46,2,4,16373,The Ohio Poll/University of Cincinnati,2012-10-25,2012-10-30,Likely Voters,1141,Live Phone,Nonpartisan,None,7,2012_16373_ohio,NA,NA,NA,NA
2012-ohio-president-romney-vs-obama,2012,ohio,48,46,3,3,16602,Pulse Opinion Research/Let Freedom Ring (R),2012-10-29,2012-10-29,Likely Voters,1000,Automated Phone,Sponsor,Rep,8,2012_16602_ohio,NA,NA,NA,NA
2012-ohio-president-romney-vs-obama,2012,ohio,48,45,NA,NA,16338,Grove Insight (D-Project New America/USAction),2012-10-28,2012-10-29,Likely Voters,500,Live Phone,Sponsor,Dem,8,2012_16338_ohio,NA,NA,NA,NA
2012-ohio-president-romney-vs-obama,2012,ohio,48,45,6,2,16347,SurveyUSA,2012-10-26,2012-10-29,Likely Voters,603,IVR/Online,Nonpartisan,None,8,2012_16347_ohio,NA,NA,NA,NA
2012-ohio-president-romney-vs-obama,2012,ohio,48,50,1,1,16262,Rasmussen,2012-10-28,2012-10-28,Likely Voters,750,Automated Phone,Nonpartisan,None,9,2012_16262_ohio,NA,NA,NA,NA
2012-ohio-president-romney-vs-obama,2012,ohio,49,46,5,NA,16327,Pharos Research Group,2012-10-26,2012-10-28,Likely Voters,765,Live Phone,Nonpartisan,None,9,2012_16327_ohio,NA,NA,NA,NA
2012-ohio-president-romney-vs-obama,2012,ohio,51,47,2,NA,16253,PPP (D),2012-10-26,2012-10-28,Likely Voters,718,Automated Phone,Pollster,Dem,9,2012_16253_ohio,NA,NA,NA,NA
2012-ohio-president-romney-vs-obama,2012,ohio,50,45,4,1,16349,Quinnipiac/NYT/CBS,2012-10-23,2012-10-28,Likely Voters,1100,Live Phone,Nonpartisan,None,9,2012_16349_ohio,NA,NA,NA,NA
2012-ohio-president-romney-vs-obama,2012,ohio,50,49,2,NA,16254,Gravis Marketing,2012-10-27,2012-10-27,Likely Voters,730,Automated Phone,Nonpartisan,None,10,2012_16254_ohio,NA,NA,NA,NA
2012-ohio-president-romney-vs-obama,2012,ohio,49,44,7,NA,16313,Mellman (D-Americans United for Change),2012-10-23,2012-10-25,Likely Voters,600,Live Phone,Sponsor,Dem,12,2012_16313_ohio,NA,NA,NA,NA
2012-ohio-president-romney-vs-obama,2012,ohio,50,46,4,1,16211,CNN,2012-10-23,2012-10-25,Likely Voters,741,Live Phone,Nonpartisan,None,12,2012_16211_ohio,NA,NA,NA,NA
2012-ohio-president-romney-vs-obama,2012,ohio,46,44,8,1,16208,Purple Strategies,2012-10-23,2012-10-25,Likely Voters,600,IVR/Online,Nonpartisan,None,12,2012_16208_ohio,NA,NA,NA,NA
2012-ohio-president-romney-vs-obama,2012,ohio,49,47,3,1,16190,ARG,2012-10-23,2012-10-25,Likely Voters,600,Live Phone,Nonpartisan,None,12,2012_16190_ohio,NA,NA,NA,NA
2012-ohio-president-romney-vs-obama,2012,ohio,48,48,3,2,16100,Rasmussen,2012-10-23,2012-10-23,Likely Voters,750,Automated Phone,Nonpartisan,None,14,2012_16100_ohio,NA,NA,NA,NA
2012-ohio-president-romney-vs-obama,2012,ohio,49,44,6,1,16122,Time,2012-10-22,2012-10-23,Likely Voters,742,Live Phone,Nonpartisan,None,14,2012_16122_ohio,NA,NA,NA,NA
2012-ohio-president-romney-vs-obama,2012,ohio,46,44,9,NA,16121,Lake Research (D-USAction),2012-10-20,2012-10-23,Likely Voters,600,Live Phone,Sponsor,Dem,14,2012_16121_ohio,NA,NA,NA,NA
2012-ohio-president-romney-vs-obama,2012,ohio,49,49,1,1,16234,Ohio Newspaper Organization/University of Cincinnati,2012-10-18,2012-10-23,Likely Voters,1015,Live Phone,Nonpartisan,None,14,2012_16234_ohio,NA,NA,NA,NA
2012-ohio-president-romney-vs-obama,2012,ohio,47,44,6,2,16098,SurveyUSA,2012-10-20,2012-10-22,Likely Voters,609,IVR/Online,Nonpartisan,None,15,2012_16098_ohio,NA,NA,NA,NA
2012-ohio-president-romney-vs-obama,2012,ohio,50,45,NA,NA,16251,Pharos Research Group,2012-10-19,2012-10-21,Likely Voters,810,Live Phone,Nonpartisan,None,16,2012_16251_ohio,NA,NA,NA,NA
2012-ohio-president-romney-vs-obama,2012,ohio,47,47,5,3,16035,Suffolk,2012-10-18,2012-10-21,Likely Voters,600,Live Phone,Nonpartisan,None,16,2012_16035_ohio,NA,NA,NA,NA
2012-ohio-president-romney-vs-obama,2012,ohio,48,48,NA,4,16008,Angus-Reid,2012-10-18,2012-10-20,Likely Voters,502,Internet,Nonpartisan,None,17,2012_16008_ohio,NA,NA,NA,NA
2012-ohio-president-romney-vs-obama,2012,ohio,49,48,3,NA,15993,PPP (D),2012-10-18,2012-10-20,Likely Voters,523,Automated Phone,Pollster,Dem,17,2012_15993_ohio,NA,NA,NA,NA
2012-ohio-president-romney-vs-obama,2012,ohio,50,45,3,1,16014,Quinnipiac/CBS,2012-10-17,2012-10-20,Likely Voters,1548,Live Phone,Nonpartisan,None,17,2012_16014_ohio,NA,NA,NA,NA
2012-ohio-president-romney-vs-obama,2012,ohio,47,47,6,NA,15981,Gravis Marketing,2012-10-18,2012-10-19,Likely Voters,1943,Automated Phone,Nonpartisan,None,18,2012_15981_ohio,NA,NA,NA,NA
2012-ohio-president-romney-vs-obama,2012,ohio,46,43,10,1,15970,FOX,2012-10-17,2012-10-18,Likely Voters,1131,Live Phone,Nonpartisan,None,19,2012_15970_ohio,NA,NA,NA,NA
2012-ohio-president-romney-vs-obama,2012,ohio,49,48,2,1,15908,Rasmussen,2012-10-17,2012-10-17,Likely Voters,750,Automated Phone,Nonpartisan,None,20,2012_15908_ohio,NA,NA,NA,NA
2012-ohio-president-romney-vs-obama,2012,ohio,46,47,4,3,16033,Pulse Opinion Research/Let Freedom Ring (R),2012-10-15,2012-10-15,Likely Voters,1000,Automated Phone,Sponsor,Rep,22,2012_16033_ohio,NA,NA,NA,NA
2012-ohio-president-romney-vs-obama,2012,ohio,45,42,9,3,15905,SurveyUSA,2012-10-12,2012-10-15,Likely Voters,613,IVR/Online,Nonpartisan,None,22,2012_15905_ohio,NA,NA,NA,NA
2012-ohio-president-romney-vs-obama,2012,ohio,51,46,3,NA,15762,PPP (D),2012-10-12,2012-10-13,Likely Voters,880,Automated Phone,Pollster,Dem,24,2012_15762_ohio,NA,NA,NA,NA
2012-ohio-president-romney-vs-obama,2012,ohio,50,46,2,2,15855,YouGov,2012-10-04,2012-10-11,Likely Voters,851,Internet,Nonpartisan,None,26,2012_15855_ohio,NA,NA,NA,NA
2012-ohio-president-romney-vs-obama,2012,ohio,48,47,3,2,15697,Rasmussen,2012-10-10,2012-10-10,Likely Voters,750,Automated Phone,Nonpartisan,None,27,2012_15697_ohio,NA,NA,NA,NA
2012-ohio-president-romney-vs-obama,2012,ohio,45,46,9,NA,15698,Gravis Marketing,2012-10-06,2012-10-10,Likely Voters,1313,Automated Phone,Nonpartisan,None,27,2012_15698_ohio,NA,NA,NA,NA
2012-ohio-president-romney-vs-obama,2012,ohio,51,45,4,1,15678,NBC/WSJ/Marist,2012-10-07,2012-10-09,Likely Voters,994,Live Phone,Nonpartisan,None,28,2012_15678_ohio,NA,NA,NA,NA
2012-ohio-president-romney-vs-obama,2012,ohio,47,46,4,3,15723,Pulse Opinion Research/Let Freedom Ring (R),2012-10-08,2012-10-08,Likely Voters,1000,Automated Phone,Sponsor,Rep,29,2012_15723_ohio,NA,NA,NA,NA
2012-ohio-president-romney-vs-obama,2012,ohio,45,44,8,3,15642,SurveyUSA,2012-10-05,2012-10-08,Likely Voters,808,IVR/Online,Nonpartisan,None,29,2012_15642_ohio,NA,NA,NA,NA
2012-ohio-president-romney-vs-obama,2012,ohio,51,47,2,NA,15640,CNN,2012-10-05,2012-10-08,Likely Voters,722,Live Phone,Nonpartisan,None,29,2012_15640_ohio,NA,NA,NA,NA
2012-ohio-president-romney-vs-obama,2012,ohio,47,48,4,1,15627,ARG,2012-10-05,2012-10-08,Likely Voters,600,Live Phone,Nonpartisan,None,29,2012_15627_ohio,NA,NA,NA,NA
2012-ohio-president-romney-vs-obama,2012,ohio,47,48,5,NA,15588,Wenzel Strategies (R-Citizens United),2012-10-04,2012-10-05,Likely Voters,1072,Live Phone,Sponsor,Rep,32,2012_15588_ohio,NA,NA,NA,NA
2012-ohio-president-romney-vs-obama,2012,ohio,50,49,1,1,15542,Rasmussen,2012-10-04,2012-10-04,Likely Voters,500,Automated Phone,Nonpartisan,None,33,2012_15542_ohio,NA,NA,NA,NA
2012-ohio-president-romney-vs-obama,2012,ohio,46,47,6,1,15536,We Ask America,2012-10-04,2012-10-04,Likely Voters,1200,Automated Phone,Nonpartisan,None,33,2012_15536_ohio,NA,NA,NA,NA
2012-ohio-president-romney-vs-obama,2012,ohio,50,43,4,3,15726,Pulse Opinion Research/Let Freedom Ring (R),2012-10-01,2012-10-01,Likely Voters,1000,Automated Phone,Sponsor,Rep,36,2012_15726_ohio,NA,NA,NA,NA
2012-ohio-president-romney-vs-obama,2012,ohio,51,43,4,1,15482,NBC/WSJ/Marist,2012-09-30,2012-10-01,Likely Voters,931,Live Phone,Nonpartisan,None,36,2012_15482_ohio,NA,NA,NA,NA
2012-ohio-president-romney-vs-obama,2012,ohio,49,45,7,NA,15417,PPP (D),2012-09-27,2012-09-30,Likely Voters,897,Automated Phone,Pollster,Dem,37,2012_15417_ohio,NA,NA,NA,NA
2012-ohio-president-romney-vs-obama,2012,ohio,51,42,NA,NA,15418,Columbus Dispatch,2012-09-19,2012-09-29,Likely Voters,1662,Mail,Nonpartisan,None,38,2012_15418_ohio,NA,NA,NA,NA
2012-ohio-president-romney-vs-obama,2012,ohio,53,43,3,1,15314,Quinnipiac/NYT/CBS,2012-09-18,2012-09-24,Likely Voters,1162,Live Phone,Nonpartisan,None,43,2012_15314_ohio,NA,NA,NA,NA
2012-ohio-president-romney-vs-obama,2012,ohio,52,44,2,2,15288,Washington Post,2012-09-19,2012-09-23,Likely Voters,759,Live Phone,Nonpartisan,None,44,2012_15288_ohio,NA,NA,NA,NA
2012-ohio-president-romney-vs-obama,2012,ohio,45,44,10,NA,15298,Gravis Marketing,2012-09-21,2012-09-22,Likely Voters,594,Automated Phone,Nonpartisan,None,45,2012_15298_ohio,NA,NA,NA,NA
2012-ohio-president-romney-vs-obama,2012,ohio,48,44,8,NA,15201,Purple Strategies,2012-09-15,2012-09-19,Likely Voters,600,IVR/Online,Nonpartisan,None,48,2012_15201_ohio,NA,NA,NA,NA
2012-ohio-president-romney-vs-obama,2012,ohio,49,42,7,3,15147,FOX,2012-09-16,2012-09-18,Likely Voters,1009,Live Phone,Nonpartisan,None,49,2012_15147_ohio,NA,NA,NA,NA
2012-ohio-president-romney-vs-obama,2012,ohio,50,44,6,NA,15395,PPP (D)/NRDC,2012-09-14,2012-09-18,Likely Voters,2890,Automated Phone,Pollster,Dem,49,2012_15395_ohio,NA,NA,NA,NA
2012-ohio-president-romney-vs-obama,2012,ohio,51,46,2,1,15247,Ohio Newspaper Organization/University of Cincinnati,2012-09-13,2012-09-18,Likely Voters,861,Live Phone,Nonpartisan,None,49,2012_15247_ohio,NA,NA,NA,NA
2012-ohio-president-romney-vs-obama,2012,ohio,47,44,9,NA,15174,Caddell/McLaughlin (R)/Secure America Now,2012-09-13,2012-09-15,Likely Voters,600,Live Phone,Pollster,Rep,52,2012_15174_ohio,NA,NA,NA,NA
2012-ohio-president-romney-vs-obama,2012,ohio,47,44,2,6,15179,YouGov,2012-09-07,2012-09-14,Likely Voters,1036,Internet,Nonpartisan,None,53,2012_15179_ohio,NA,NA,NA,NA
2012-ohio-president-romney-vs-obama,2012,ohio,47,46,3,3,15017,Rasmussen,2012-09-12,2012-09-12,Likely Voters,500,Automated Phone,Nonpartisan,None,55,2012_15017_ohio,NA,NA,NA,NA
2012-ohio-president-romney-vs-obama,2012,ohio,48,47,4,1,15009,ARG,2012-09-10,2012-09-12,Likely Voters,600,Live Phone,Nonpartisan,None,55,2012_15009_ohio,NA,NA,NA,NA
2012-ohio-president-romney-vs-obama,2012,ohio,50,43,6,1,15030,NBC/WSJ/Marist,2012-09-09,2012-09-11,Likely Voters,979,Live Phone,Nonpartisan,None,56,2012_15030_ohio,NA,NA,NA,NA
2012-ohio-president-romney-vs-obama,2012,ohio,50,45,5,NA,14939,PPP (D),2012-09-07,2012-09-09,Likely Voters,1072,Automated Phone,Pollster,Dem,58,2012_14939_ohio,NA,NA,NA,NA
2012-ohio-president-romney-vs-obama,2012,ohio,47,43,10,NA,14964,Gravis Marketing,2012-09-07,2012-09-08,Likely Voters,1548,Automated Phone,Nonpartisan,None,59,2012_14964_ohio,NA,NA,NA,NA
2012-ohio-president-romney-vs-obama,2012,ohio,44,47,10,NA,14894,Gravis Marketing,2012-09-02,2012-09-02,Registered Voters,1381,Automated Phone,Nonpartisan,None,65,2012_14894_ohio,NA,NA,NA,NA
2012-ohio-president-romney-vs-obama,2012,ohio,45,44,10,NA,14834,Gravis Marketing,2012-08-27,2012-08-27,Likely Voters,1397,Automated Phone,Nonpartisan,None,71,2012_14834_ohio,NA,NA,NA,NA
2012-ohio-president-romney-vs-obama,2012,ohio,45,45,NA,NA,14785,Columbus Dispatch,2012-08-15,2012-08-25,Likely Voters,1758,Mail,Nonpartisan,None,73,2012_14785_ohio,NA,NA,NA,NA
2012-ohio-president-romney-vs-obama,2012,ohio,50,44,4,2,14741,Quinnipiac/NYT/CBS,2012-08-21,2012-08-21,Likely Voters,1253,Live Phone,Nonpartisan,None,77,2012_14741_ohio,NA,NA,NA,NA
2012-ohio-president-romney-vs-obama,2012,ohio,49,46,2,2,14742,The Ohio Poll/University of Cincinnati,2012-08-16,2012-08-21,Likely Voters,808,Live Phone,Nonpartisan,None,77,2012_14742_ohio,NA,NA,NA,NA
2012-ohio-president-romney-vs-obama,2012,ohio,44,46,10,NA,14667,Purple Strategies,2012-08-13,2012-08-14,Likely Voters,600,Automated Phone,Nonpartisan,None,84,2012_14667_ohio,NA,NA,NA,NA
2012-ohio-president-romney-vs-obama,2012,ohio,45,45,4,6,14648,Rasmussen,2012-08-13,2012-08-13,Likely Voters,500,Automated Phone,Nonpartisan,None,85,2012_14648_ohio,NA,NA,NA,NA
2012-ohio-president-romney-vs-obama,2012,ohio,48,45,6,NA,14651,PPP (D),2012-08-09,2012-08-12,Likely Voters,961,Automated Phone,Pollster,Dem,86,2012_14651_ohio,NA,NA,NA,NA
2012-ohio-president-romney-vs-obama,2012,ohio,50,44,4,1,14520,Quinnipiac/NYT/CBS,2012-07-24,2012-07-30,Likely Voters,1193,Live Phone,Nonpartisan,None,99,2012_14520_ohio,NA,NA,NA,NA
2012-ohio-president-romney-vs-obama,2012,ohio,48,40,10,2,14470,We Ask America,2012-07-24,2012-07-24,Likely Voters,1115,Automated Phone,Nonpartisan,None,105,2012_14470_ohio,NA,NA,NA,NA
2012-ohio-president-romney-vs-obama,2012,ohio,45,43,3,9,14492,Magellan (R-Opportunity Ohio),2012-07-23,2012-07-24,Likely Voters,597,Automated Phone,Pollster,Rep,105,2012_14492_ohio,NA,NA,NA,NA
2012-ohio-president-romney-vs-obama,2012,ohio,47,45,4,5,14394,Rasmussen,2012-07-18,2012-07-18,Likely Voters,500,Automated Phone,Nonpartisan,None,111,2012_14394_ohio,NA,NA,NA,NA
2012-ohio-president-romney-vs-obama,2012,ohio,48,45,7,NA,14357,Purple Strategies,2012-07-09,2012-07-13,Likely Voters,600,Automated Phone,Nonpartisan,None,116,2012_14357_ohio,NA,NA,NA,NA
2012-ohio-president-romney-vs-obama,2012,ohio,48,41,NA,NA,14322,Garin-Hart-Yang (D-Priorities USA),2012-06-25,2012-07-03,Likely Voters,805,Live Phone,Sponsor,Dem,126,2012_14322_ohio,NA,NA,NA,NA
2012-ohio-president-romney-vs-obama,2012,ohio,47,38,12,3,14188,Quinnipiac,2012-06-19,2012-06-25,Registered Voters,1237,Live Phone,Nonpartisan,None,134,2012_14188_ohio,NA,NA,NA,NA
2012-ohio-president-romney-vs-obama,2012,ohio,47,44,9,NA,14177,PPP (D),2012-06-21,2012-06-24,Likely Voters,673,Automated Phone,Pollster,Dem,135,2012_14177_ohio,NA,NA,NA,NA
2012-ohio-president-romney-vs-obama,2012,ohio,45,48,8,NA,14036,Purple Strategies,2012-05-31,2012-06-05,Likely Voters,600,Automated Phone,Nonpartisan,None,154,2012_14036_ohio,NA,NA,NA,NA
2012-ohio-president-romney-vs-obama,2012,ohio,44,46,5,6,13965,Rasmussen,2012-05-29,2012-05-29,Likely Voters,500,Automated Phone,Nonpartisan,None,161,2012_13965_ohio,NA,NA,NA,NA
2012-ohio-president-romney-vs-obama,2012,ohio,48,42,8,2,13892,NBC/Marist,2012-05-17,2012-05-20,Registered Voters,1103,Live Phone,Nonpartisan,None,170,2012_13892_ohio,NA,NA,NA,NA
2012-ohio-president-romney-vs-obama,2012,ohio,45,44,10,2,13724,Quinnipiac,2012-05-02,2012-05-07,Registered Voters,1069,Live Phone,Nonpartisan,None,183,2012_13724_ohio,NA,NA,NA,NA
2012-ohio-president-romney-vs-obama,2012,ohio,50,43,8,NA,13708,PPP (D),2012-04-28,2012-05-06,Likely Voters,875,Automated Phone,Pollster,Dem,184,2012_13708_ohio,NA,NA,NA,NA
2012-ohio-president-romney-vs-obama,2012,ohio,44,42,11,3,13676,Quinnipiac,2012-04-25,2012-05-01,Registered Voters,1130,Live Phone,Nonpartisan,None,189,2012_13676_ohio,NA,NA,NA,NA
2012-ohio-president-romney-vs-obama,2012,ohio,49,44,7,NA,13619,Purple Strategies,2012-04-19,2012-04-23,Likely Voters,600,Automated Phone,Nonpartisan,None,197,2012_13619_ohio,NA,NA,NA,NA
2012-ohio-president-romney-vs-obama,2012,ohio,46,42,NA,NA,13578,Rasmussen,2012-04-18,2012-04-18,Likely Voters,500,Automated Phone,Nonpartisan,None,202,2012_13578_ohio,NA,NA,NA,NA
2012-ohio-president-romney-vs-obama,2012,ohio,45,39,12,3,13571,FOX,2012-04-15,2012-04-17,Registered Voters,606,Live Phone,Nonpartisan,None,203,2012_13571_ohio,NA,NA,NA,NA
2012-ohio-president-romney-vs-obama,2012,ohio,48,40,3,8,13371,Rasmussen,2012-03-26,2012-03-26,Likely Voters,500,Automated Phone,Nonpartisan,None,225,2012_13371_ohio,NA,NA,NA,NA
2012-ohio-president-romney-vs-obama,2012,ohio,47,41,7,2,13369,Quinnipiac,2012-03-20,2012-03-26,Registered Voters,1246,Live Phone,Nonpartisan,None,225,2012_13369_ohio,NA,NA,NA,NA
2012-ohio-president-romney-vs-obama,2012,ohio,50,38,12,NA,13107,NBC/Marist,2012-02-29,2012-03-02,Registered Voters,1573,Live Phone,Nonpartisan,None,249,2012_13107_ohio,NA,NA,NA,NA
2012-ohio-president-romney-vs-obama,2012,ohio,38,44,9,2,13147,FOX,2012-02-11,2012-02-13,Likely Voters,505,Automated Phone,Nonpartisan,None,267,2012_13147_ohio,NA,NA,NA,NA
2012-ohio-president-romney-vs-obama,2012,ohio,46,44,7,1,13148,Quinnipiac,2012-02-07,2012-02-12,Registered Voters,1421,Live Phone,Nonpartisan,None,268,2012_13148_ohio,NA,NA,NA,NA
2012-ohio-president-romney-vs-obama,2012,ohio,45,41,4,10,12834,Rasmussen,2012-02-08,2012-02-08,Likely Voters,500,Automated Phone,Nonpartisan,None,272,2012_12834_ohio,NA,NA,NA,NA
2012-ohio-president-romney-vs-obama,2012,ohio,49,42,9,NA,12696,PPP (D),2012-01-28,2012-01-29,Likely Voters,820,Automated Phone,Pollster,Dem,282,2012_12696_ohio,NA,NA,NA,NA
2012-ohio-president-romney-vs-obama,2012,ohio,44,42,8,3,12500,Quinnipiac,2012-01-09,2012-01-16,Registered Voters,1610,Live Phone,Nonpartisan,None,295,2012_12500_ohio,NA,NA,NA,NA
2012-north-carolina-president-romney-vs-obama,2012,north-carolina,46,50,4,NA,16621,Gravis Marketing,2012-11-04,2012-11-04,Likely Voters,1130,Automated Phone,Nonpartisan,None,2,2012_16621_north-carolina,NA,NA,NA,NA
2012-north-carolina-president-romney-vs-obama,2012,north-carolina,49,49,1,NA,16613,PPP (D),2012-11-03,2012-11-04,Likely Voters,926,Automated Phone,Pollster,Dem,2,2012_16613_north-carolina,NA,NA,NA,NA
2012-north-carolina-president-romney-vs-obama,2012,north-carolina,47,49,3,1,16572,YouGov,2012-10-31,2012-11-03,Likely Voters,1500,Internet,Nonpartisan,None,3,2012_16572_north-carolina,NA,NA,NA,NA
2012-north-carolina-president-romney-vs-obama,2012,north-carolina,49,49,1,NA,16377,PPP (D),2012-10-29,2012-10-31,Likely Voters,730,Automated Phone,Pollster,Dem,6,2012_16377_north-carolina,NA,NA,NA,NA
2012-north-carolina-president-romney-vs-obama,2012,north-carolina,45,46,9,NA,16426,High Point University,2012-10-22,2012-10-30,Registered Voters,403,Live Phone,Nonpartisan,None,7,2012_16426_north-carolina,NA,NA,NA,NA
2012-north-carolina-president-romney-vs-obama,2012,north-carolina,45,50,3,2,16356,SurveyUSA,2012-10-27,2012-10-29,Likely Voters,682,IVR/Online,Nonpartisan,None,8,2012_16356_north-carolina,NA,NA,NA,NA
2012-north-carolina-president-romney-vs-obama,2012,north-carolina,45,45,9,NA,16267,Elon,2012-10-21,2012-10-26,Likely Voters,1238,Live Phone,Nonpartisan,None,11,2012_16267_north-carolina,NA,NA,NA,NA
2012-north-carolina-president-romney-vs-obama,2012,north-carolina,46,52,1,1,16217,Rasmussen,2012-10-25,2012-10-25,Likely Voters,500,Automated Phone,Nonpartisan,None,12,2012_16217_north-carolina,NA,NA,NA,NA
2012-north-carolina-president-romney-vs-obama,2012,north-carolina,48,48,4,NA,16162,PPP (D),2012-10-23,2012-10-25,Likely Voters,880,Automated Phone,Pollster,Dem,12,2012_16162_north-carolina,NA,NA,NA,NA
2012-north-carolina-president-romney-vs-obama,2012,north-carolina,45,53,3,NA,16198,Gravis Marketing,2012-10-24,2012-10-24,Likely Voters,1723,Automated Phone,Nonpartisan,None,13,2012_16198_north-carolina,NA,NA,NA,NA
2012-north-carolina-president-romney-vs-obama,2012,north-carolina,47,44,7,2,16232,Grove Insight (D-Project New America),2012-10-23,2012-10-24,Likely Voters,500,Live Phone,Pollster,Dem,13,2012_16232_north-carolina,NA,NA,NA,NA
2012-north-carolina-president-romney-vs-obama,2012,north-carolina,47,48,5,NA,16195,Civitas (R) / National Research (R),2012-10-20,2012-10-21,Likely Voters,600,Live Phone,Pollster,Rep,16,2012_16195_north-carolina,NA,NA,NA,NA
2012-north-carolina-president-romney-vs-obama,2012,north-carolina,47,44,NA,NA,15957,Grove Insight (D-Project New America),2012-10-17,2012-10-18,Likely Voters,500,Live Phone,Pollster,Dem,19,2012_15957_north-carolina,NA,NA,NA,NA
2012-north-carolina-president-romney-vs-obama,2012,north-carolina,46,52,1,NA,15918,Rasmussen,2012-10-17,2012-10-17,Likely Voters,500,Automated Phone,Nonpartisan,None,20,2012_15918_north-carolina,NA,NA,NA,NA
2012-north-carolina-president-romney-vs-obama,2012,north-carolina,47,49,4,NA,15775,PPP (D),2012-10-12,2012-10-14,Likely Voters,1084,Automated Phone,Pollster,Dem,23,2012_15775_north-carolina,NA,NA,NA,NA
2012-north-carolina-president-romney-vs-obama,2012,north-carolina,45,49,NA,NA,15986,Tel Opinion Research (R-North Carolina Republican Party),2012-10-12,2012-10-13,Likely Voters,600,Live Phone,Sponsor,Rep,24,2012_15986_north-carolina,NA,NA,NA,NA
2012-north-carolina-president-romney-vs-obama,2012,north-carolina,48,49,2,1,15843,YouGov,2012-10-04,2012-10-11,Likely Voters,810,Internet,Nonpartisan,None,26,2012_15843_north-carolina,NA,NA,NA,NA
2012-north-carolina-president-romney-vs-obama,2012,north-carolina,46,45,7,2,15757,High Point University/UNC,2012-09-29,2012-10-10,Registered Voters,605,Live Phone,Nonpartisan,None,27,2012_15757_north-carolina,NA,NA,NA,NA
2012-north-carolina-president-romney-vs-obama,2012,north-carolina,48,51,1,1,15701,Rasmussen,2012-10-09,2012-10-09,Likely Voters,500,Automated Phone,Nonpartisan,None,28,2012_15701_north-carolina,NA,NA,NA,NA
2012-north-carolina-president-romney-vs-obama,2012,north-carolina,41,50,9,NA,15630,Gravis Marketing,2012-10-06,2012-10-08,Likely Voters,1325,Automated Phone,Nonpartisan,None,29,2012_15630_north-carolina,NA,NA,NA,NA
2012-north-carolina-president-romney-vs-obama,2012,north-carolina,47,51,1,1,15490,Rasmussen,2012-10-02,2012-10-02,Likely Voters,500,Automated Phone,Nonpartisan,None,35,2012_15490_north-carolina,NA,NA,NA,NA
2012-north-carolina-president-romney-vs-obama,2012,north-carolina,49,47,2,2,15477,SurveyUSA,2012-09-29,2012-10-01,Likely Voters,573,IVR/Online,Nonpartisan,None,36,2012_15477_north-carolina,NA,NA,NA,NA
2012-north-carolina-president-romney-vs-obama,2012,north-carolina,46,50,3,1,15433,ARG,2012-09-28,2012-09-30,Likely Voters,600,Live Phone,Nonpartisan,None,37,2012_15433_north-carolina,NA,NA,NA,NA
2012-north-carolina-president-romney-vs-obama,2012,north-carolina,48,48,4,NA,15416,PPP (D),2012-09-27,2012-09-30,Likely Voters,981,Automated Phone,Pollster,Dem,37,2012_15416_north-carolina,NA,NA,NA,NA
2012-north-carolina-president-romney-vs-obama,2012,north-carolina,48,46,5,1,15369,NBC/WSJ/Marist,2012-09-23,2012-09-25,Likely Voters,1035,Live Phone,Nonpartisan,None,42,2012_15369_north-carolina,NA,NA,NA,NA
2012-north-carolina-president-romney-vs-obama,2012,north-carolina,49,45,7,NA,15268,Civitas (R) / National Research (R),2012-09-18,2012-09-19,Registered Voters,600,Live Phone,Pollster,Rep,48,2012_15268_north-carolina,NA,NA,NA,NA
2012-north-carolina-president-romney-vs-obama,2012,north-carolina,48,46,6,NA,15205,Purple Strategies,2012-09-15,2012-09-19,Likely Voters,600,IVR/Online,Nonpartisan,None,48,2012_15205_north-carolina,NA,NA,NA,NA
2012-north-carolina-president-romney-vs-obama,2012,north-carolina,46,43,9,3,15198,High Point University/Fox 8,2012-09-08,2012-09-18,Registered Voters,448,Live Phone,Nonpartisan,None,49,2012_15198_north-carolina,NA,NA,NA,NA
2012-north-carolina-president-romney-vs-obama,2012,north-carolina,46,48,4,2,15154,YouGov,2012-09-07,2012-09-14,Likely Voters,1060,Internet,Nonpartisan,None,53,2012_15154_north-carolina,NA,NA,NA,NA
2012-north-carolina-president-romney-vs-obama,2012,north-carolina,45,51,3,1,15034,Rasmussen,2012-09-13,2012-09-13,Likely Voters,500,Automated Phone,Nonpartisan,None,54,2012_15034_north-carolina,NA,NA,NA,NA
2012-north-carolina-president-romney-vs-obama,2012,north-carolina,49,48,3,NA,14940,PPP (D),2012-09-07,2012-09-09,Likely Voters,1087,Automated Phone,Pollster,Dem,58,2012_14940_north-carolina,NA,NA,NA,NA
2012-north-carolina-president-romney-vs-obama,2012,north-carolina,43,53,1,3,14948,Civitas (R) / SurveyUSA,2012-09-04,2012-09-06,Registered Voters,500,Automated Phone,Pollster,Rep,61,2012_14948_north-carolina,NA,NA,NA,NA
2012-north-carolina-president-romney-vs-obama,2012,north-carolina,48,48,4,NA,14869,PPP (D),2012-08-31,2012-09-02,Likely Voters,1012,Automated Phone,Pollster,Dem,65,2012_14869_north-carolina,NA,NA,NA,NA
2012-north-carolina-president-romney-vs-obama,2012,north-carolina,43,46,6,5,14876,High Point University/SurveyUSA,2012-08-26,2012-08-30,Registered Voters,543,IVR/Online,Nonpartisan,None,68,2012_14876_north-carolina,NA,NA,NA,NA
2012-north-carolina-president-romney-vs-obama,2012,north-carolina,43,47,6,3,14878,Elon,2012-08-25,2012-08-30,Likely Voters,1089,Live Phone,Nonpartisan,None,68,2012_14878_north-carolina,NA,NA,NA,NA
2012-north-carolina-president-romney-vs-obama,2012,north-carolina,47,48,3,1,14801,CNN/Time/ORC,2012-08-22,2012-08-26,Likely Voters,766,Live Phone,Nonpartisan,None,72,2012_14801_north-carolina,NA,NA,NA,NA
2012-north-carolina-president-romney-vs-obama,2012,north-carolina,43,43,8,6,14796,High Point University/SurveyUSA,2012-08-18,2012-08-23,Registered Voters,540,IVR/Online,Nonpartisan,None,75,2012_14796_north-carolina,NA,NA,NA,NA
2012-north-carolina-president-romney-vs-obama,2012,north-carolina,49,46,5,NA,14578,PPP (D),2012-08-02,2012-08-05,Likely Voters,813,Automated Phone,Pollster,Dem,93,2012_14578_north-carolina,NA,NA,NA,NA
2012-north-carolina-president-romney-vs-obama,2012,north-carolina,44,49,4,3,14549,Rasmussen,2012-08-01,2012-08-01,Likely Voters,500,Automated Phone,Nonpartisan,None,97,2012_14549_north-carolina,NA,NA,NA,NA
2012-north-carolina-president-romney-vs-obama,2012,north-carolina,48,49,3,NA,14405,Civitas (R) / National Research (R),2012-07-16,2012-07-18,Registered Voters,600,Live Phone,Pollster,Rep,111,2012_14405_north-carolina,NA,NA,NA,NA
2012-north-carolina-president-romney-vs-obama,2012,north-carolina,47,46,6,NA,14285,PPP (D),2012-07-05,2012-07-08,Registered Voters,775,Automated Phone,Pollster,Dem,121,2012_14285_north-carolina,NA,NA,NA,NA
2012-north-carolina-president-romney-vs-obama,2012,north-carolina,48,49,3,NA,14326,Project New America/Myers (D),2012-07-01,2012-07-08,Likely Voters,500,Live Phone,Pollster,Dem,121,2012_14326_north-carolina,NA,NA,NA,NA
2012-north-carolina-president-romney-vs-obama,2012,north-carolina,45,50,2,3,14242,Civitas (R) / SurveyUSA,2012-06-29,2012-07-01,Registered Voters,558,Automated Phone,Pollster,Rep,128,2012_14242_north-carolina,NA,NA,NA,NA
2012-north-carolina-president-romney-vs-obama,2012,north-carolina,44,47,6,3,14178,Rasmussen,2012-06-25,2012-06-25,Likely Voters,500,Automated Phone,Nonpartisan,None,134,2012_14178_north-carolina,NA,NA,NA,NA
2012-north-carolina-president-romney-vs-obama,2012,north-carolina,46,44,9,1,14206,NBC/Marist,2012-06-24,2012-06-25,Registered Voters,1019,Live Phone,Nonpartisan,None,134,2012_14206_north-carolina,NA,NA,NA,NA
2012-north-carolina-president-romney-vs-obama,2012,north-carolina,46,48,6,NA,14073,PPP (D),2012-06-07,2012-06-10,Likely Voters,810,Automated Phone,Pollster,Dem,149,2012_14073_north-carolina,NA,NA,NA,NA
2012-north-carolina-president-romney-vs-obama,2012,north-carolina,44,45,6,4,13870,SurveyUSA,2012-05-18,2012-05-21,Likely Voters,524,IVR/Online,Nonpartisan,None,169,2012_13870_north-carolina,NA,NA,NA,NA
2012-north-carolina-president-romney-vs-obama,2012,north-carolina,45,47,6,NA,13895,Civitas (R) / National Research (R),2012-05-19,2012-05-20,Registered Voters,600,Live Phone,Pollster,Rep,170,2012_13895_north-carolina,NA,NA,NA,NA
2012-north-carolina-president-romney-vs-obama,2012,north-carolina,43,51,4,2,13810,Rasmussen,2012-05-14,2012-05-14,Likely Voters,500,Automated Phone,Nonpartisan,None,176,2012_13810_north-carolina,NA,NA,NA,NA
2012-north-carolina-president-romney-vs-obama,2012,north-carolina,48,47,5,NA,13811,PPP (D),2012-05-10,2012-05-13,Likely Voters,666,Automated Phone,Pollster,Dem,177,2012_13811_north-carolina,NA,NA,NA,NA
2012-north-carolina-president-romney-vs-obama,2012,north-carolina,47,43,9,NA,13661,SurveyUSA,2012-04-26,2012-04-30,Registered Voters,1636,IVR/Online,Nonpartisan,None,190,2012_13661_north-carolina,NA,NA,NA,NA
2012-north-carolina-president-romney-vs-obama,2012,north-carolina,44,46,6,4,13523,Rasmussen,2012-04-10,2012-04-10,Likely Voters,500,Automated Phone,Nonpartisan,None,210,2012_13523_north-carolina,NA,NA,NA,NA
2012-north-carolina-president-romney-vs-obama,2012,north-carolina,49,44,8,NA,13503,PPP (D),2012-04-04,2012-04-07,Likely Voters,975,Automated Phone,Pollster,Dem,213,2012_13503_north-carolina,NA,NA,NA,NA
2012-north-carolina-president-romney-vs-obama,2012,north-carolina,49,46,5,NA,13250,PPP (D),2012-03-08,2012-03-11,Registered Voters,804,Automated Phone,Pollster,Dem,240,2012_13250_north-carolina,NA,NA,NA,NA
2012-north-carolina-president-romney-vs-obama,2012,north-carolina,47,46,7,NA,12820,PPP (D),2012-02-03,2012-02-05,Likely Voters,1052,Automated Phone,Pollster,Dem,275,2012_12820_north-carolina,NA,NA,NA,NA
2012-north-carolina-president-romney-vs-obama,2012,north-carolina,39,48,11,NA,12670,Civitas (R) / National Research (R),2012-01-09,2012-01-11,Registered Voters,300,Live Phone,Pollster,Rep,300,2012_12670_north-carolina,NA,NA,NA,NA
2012-north-carolina-president-romney-vs-obama,2012,north-carolina,46,45,9,NA,12446,PPP (D),2012-01-05,2012-01-08,Registered Voters,780,Automated Phone,Pollster,Dem,303,2012_12446_north-carolina,NA,NA,NA,NA
2012-new-mexico-president-romney-vs-obama,2012,new-mexico,49,43,3,5,16597,YouGov,2012-10-31,2012-11-03,Likely Voters,650,Internet,Nonpartisan,None,3,2012_16597_new-mexico,NA,NA,NA,NA
2012-new-mexico-president-romney-vs-obama,2012,new-mexico,49,41,NA,6,16545,POS (R-Wilson),2012-10-30,2012-10-31,Likely Voters,500,Live Phone,Sponsor,Rep,6,2012_16545_new-mexico,NA,NA,NA,NA
2012-new-mexico-president-romney-vs-obama,2012,new-mexico,47,42,NA,6,16335,POS (R-Wilson),2012-10-21,2012-10-22,Likely Voters,500,Live Phone,Sponsor,Rep,15,2012_16335_new-mexico,NA,NA,NA,NA
2012-new-mexico-president-romney-vs-obama,2012,new-mexico,49,39,5,6,15798,Albuquerque Journal,2012-10-09,2012-10-10,Likely Voters,658,Live Phone,Nonpartisan,None,27,2012_15798_new-mexico,NA,NA,NA,NA
2012-new-mexico-president-romney-vs-obama,2012,new-mexico,54,43,2,2,15647,Rasmussen,2012-10-08,2012-10-08,Likely Voters,500,Automated Phone,Nonpartisan,None,29,2012_15647_new-mexico,NA,NA,NA,NA
2012-new-mexico-president-romney-vs-obama,2012,new-mexico,52,43,5,NA,16662,PPP (D-League of Conservation Voters),2012-10-02,2012-10-03,Likely Voters,778,Automated Phone,Sponsor,Dem,34,2012_16662_new-mexico,NA,NA,NA,NA
2012-new-mexico-president-romney-vs-obama,2012,new-mexico,51,40,2,6,15451,Rasmussen,2012-09-27,2012-09-27,Likely Voters,500,Automated Phone,Nonpartisan,None,40,2012_15451_new-mexico,NA,NA,NA,NA
2012-new-mexico-president-romney-vs-obama,2012,new-mexico,51,41,5,4,15446,We Ask America,2012-09-25,2012-09-27,Likely Voters,1258,Automated Phone,Nonpartisan,None,40,2012_15446_new-mexico,NA,NA,NA,NA
2012-new-mexico-president-romney-vs-obama,2012,new-mexico,47,40,NA,9,15401,POS (R-Wilson),2012-09-25,2012-09-27,Likely Voters,500,Live Phone,Sponsor,Rep,40,2012_15401_new-mexico,NA,NA,NA,NA
2012-new-mexico-president-romney-vs-obama,2012,new-mexico,52,43,6,NA,15397,PPP (D)/NRDC,2012-09-17,2012-09-20,Likely Voters,3111,Automated Phone,Pollster,Dem,47,2012_15397_new-mexico,NA,NA,NA,NA
2012-new-mexico-president-romney-vs-obama,2012,new-mexico,51,43,1,4,15194,YouGov,2012-09-07,2012-09-14,Likely Voters,293,Internet,Nonpartisan,None,53,2012_15194_new-mexico,NA,NA,NA,NA
2012-new-mexico-president-romney-vs-obama,2012,new-mexico,53,42,5,NA,14981,PPP (D-League of Conservation Voters),2012-09-07,2012-09-09,Likely Voters,1122,Automated Phone,Sponsor,Dem,58,2012_14981_new-mexico,NA,NA,NA,NA
2012-new-mexico-president-romney-vs-obama,2012,new-mexico,45,40,8,7,14945,Albuquerque Journal,2012-09-03,2012-09-06,Likely Voters,667,Live Phone,Nonpartisan,None,61,2012_14945_new-mexico,NA,NA,NA,NA
2012-new-mexico-president-romney-vs-obama,2012,new-mexico,52,38,1,9,14736,Rasmussen,2012-08-21,2012-08-21,Likely Voters,500,Automated Phone,Nonpartisan,None,77,2012_14736_new-mexico,NA,NA,NA,NA
2012-new-mexico-president-romney-vs-obama,2012,new-mexico,49,44,6,NA,14380,PPP (D),2012-07-13,2012-07-16,Likely Voters,724,Automated Phone,Pollster,Dem,113,2012_14380_new-mexico,NA,NA,NA,NA
2012-new-mexico-president-romney-vs-obama,2012,new-mexico,48,35,5,12,13979,FMMMA (D),2012-05-16,2012-05-21,Registered Voters,502,Live Phone,Pollster,Dem,169,2012_13979_new-mexico,NA,NA,NA,NA
2012-new-mexico-president-romney-vs-obama,2012,new-mexico,48,35,2,15,13626,PPP (D),2012-04-19,2012-04-22,Likely Voters,526,Automated Phone,Pollster,Dem,198,2012_13626_new-mexico,NA,NA,NA,NA
2012-new-mexico-president-romney-vs-obama,2012,new-mexico,52,36,3,9,13487,Rasmussen,2012-04-03,2012-04-03,Likely Voters,500,Automated Phone,Nonpartisan,None,217,2012_13487_new-mexico,NA,NA,NA,NA
2012-new-mexico-president-romney-vs-obama,2012,new-mexico,55,36,5,5,13145,Rasmussen,2012-02-14,2012-02-14,Likely Voters,500,Automated Phone,Nonpartisan,None,266,2012_13145_new-mexico,NA,NA,NA,NA
2012-new-hampshire-president-romney-vs-obama,2012,new-hampshire,50,48,2,NA,16654,Rasmussen,2012-11-04,2012-11-04,Likely Voters,750,Automated Phone,Nonpartisan,None,2,2012_16654_new-hampshire,NA,NA,NA,NA
2012-new-hampshire-president-romney-vs-obama,2012,new-hampshire,50,46,3,1,16647,New England College,2012-11-03,2012-11-04,Likely Voters,687,Automated Phone,Nonpartisan,None,2,2012_16647_new-hampshire,NA,NA,NA,NA
2012-new-hampshire-president-romney-vs-obama,2012,new-hampshire,50,48,1,NA,16600,PPP (D),2012-11-03,2012-11-04,Likely Voters,1550,Automated Phone,Pollster,Dem,2,2012_16600_new-hampshire,NA,NA,NA,NA
2012-new-hampshire-president-romney-vs-obama,2012,new-hampshire,49,49,2,1,16638,ARG,2012-11-02,2012-11-04,Likely Voters,600,Live Phone,Nonpartisan,None,2,2012_16638_new-hampshire,NA,NA,NA,NA
2012-new-hampshire-president-romney-vs-obama,2012,new-hampshire,50,46,3,1,16623,UNH/WMUR,2012-11-01,2012-11-04,Likely Voters,776,Live Phone,Nonpartisan,None,2,2012_16623_new-hampshire,NA,NA,NA,NA
2012-new-hampshire-president-romney-vs-obama,2012,new-hampshire,47,43,6,4,16595,YouGov,2012-10-31,2012-11-03,Likely Voters,690,Internet,Nonpartisan,None,3,2012_16595_new-hampshire,NA,NA,NA,NA
2012-new-hampshire-president-romney-vs-obama,2012,new-hampshire,48,48,3,2,16528,UNH/WMUR,2012-10-31,2012-11-02,Likely Voters,502,Live Phone,Nonpartisan,None,4,2012_16528_new-hampshire,NA,NA,NA,NA
2012-new-hampshire-president-romney-vs-obama,2012,new-hampshire,50,49,NA,NA,16495,Gravis Marketing,2012-11-01,2012-11-01,Likely Voters,497,Automated Phone,Nonpartisan,None,5,2012_16495_new-hampshire,NA,NA,NA,NA
2012-new-hampshire-president-romney-vs-obama,2012,new-hampshire,50,44,4,2,16447,New England College,2012-10-29,2012-10-31,Likely Voters,1017,Automated Phone,Nonpartisan,None,6,2012_16447_new-hampshire,NA,NA,NA,NA
2012-new-hampshire-president-romney-vs-obama,2012,new-hampshire,49,47,3,1,16398,NBC/WSJ/Marist,2012-10-28,2012-10-29,Likely Voters,1013,Live Phone,Nonpartisan,None,8,2012_16398_new-hampshire,NA,NA,NA,NA
2012-new-hampshire-president-romney-vs-obama,2012,new-hampshire,49,47,5,NA,16255,PPP (D),2012-10-26,2012-10-28,Likely Voters,874,Automated Phone,Pollster,Dem,9,2012_16255_new-hampshire,NA,NA,NA,NA
2012-new-hampshire-president-romney-vs-obama,2012,new-hampshire,47,42,7,4,16317,Lake Research (D-USAction),2012-10-24,2012-10-28,Likely Voters,400,Live Phone,Sponsor,Dem,9,2012_16317_new-hampshire,NA,NA,NA,NA
2012-new-hampshire-president-romney-vs-obama,2012,new-hampshire,47,44,7,2,16245,Grove Insight (D-Project New America),2012-10-24,2012-10-25,Likely Voters,500,Live Phone,Pollster,Dem,12,2012_16245_new-hampshire,NA,NA,NA,NA
2012-new-hampshire-president-romney-vs-obama,2012,new-hampshire,49,46,4,2,16204,New England College,2012-10-23,2012-10-25,Likely Voters,571,Automated Phone,Nonpartisan,None,12,2012_16204_new-hampshire,NA,NA,NA,NA
2012-new-hampshire-president-romney-vs-obama,2012,new-hampshire,48,50,1,1,16106,Rasmussen,2012-10-23,2012-10-23,Likely Voters,500,Automated Phone,Nonpartisan,None,14,2012_16106_new-hampshire,NA,NA,NA,NA
2012-new-hampshire-president-romney-vs-obama,2012,new-hampshire,47,49,3,1,16070,ARG,2012-10-19,2012-10-22,Likely Voters,600,Live Phone,Nonpartisan,None,15,2012_16070_new-hampshire,NA,NA,NA,NA
2012-new-hampshire-president-romney-vs-obama,2012,new-hampshire,48,45,7,NA,16107,Lake Research (D-USAction),2012-10-18,2012-10-22,Likely Voters,400,Live Phone,Sponsor,Dem,15,2012_16107_new-hampshire,NA,NA,NA,NA
2012-new-hampshire-president-romney-vs-obama,2012,new-hampshire,51,42,5,2,16050,UNH,2012-10-17,2012-10-21,Likely Voters,773,Live Phone,Nonpartisan,None,16,2012_16050_new-hampshire,NA,NA,NA,NA
2012-new-hampshire-president-romney-vs-obama,2012,new-hampshire,48,49,3,NA,15964,PPP (D),2012-10-17,2012-10-19,Likely Voters,1036,Automated Phone,Pollster,Dem,18,2012_15964_new-hampshire,NA,NA,NA,NA
2012-new-hampshire-president-romney-vs-obama,2012,new-hampshire,50,49,1,NA,15868,Rasmussen,2012-10-15,2012-10-15,Likely Voters,500,Automated Phone,Nonpartisan,None,22,2012_15868_new-hampshire,NA,NA,NA,NA
2012-new-hampshire-president-romney-vs-obama,2012,new-hampshire,47,47,4,2,15815,Suffolk,2012-10-12,2012-10-14,Likely Voters,500,Live Phone,Nonpartisan,None,23,2012_15815_new-hampshire,NA,NA,NA,NA
2012-new-hampshire-president-romney-vs-obama,2012,new-hampshire,46,50,3,1,15735,ARG,2012-10-09,2012-10-11,Likely Voters,600,Live Phone,Nonpartisan,None,26,2012_15735_new-hampshire,NA,NA,NA,NA
2012-new-hampshire-president-romney-vs-obama,2012,new-hampshire,48,48,1,3,15665,Rasmussen,2012-10-09,2012-10-09,Likely Voters,500,Automated Phone,Nonpartisan,None,28,2012_15665_new-hampshire,NA,NA,NA,NA
2012-new-hampshire-president-romney-vs-obama,2012,new-hampshire,50,44,4,2,15641,UNH/WMUR,2012-09-30,2012-10-06,Likely Voters,545,Live Phone,Nonpartisan,None,31,2012_15641_new-hampshire,NA,NA,NA,NA
2012-new-hampshire-president-romney-vs-obama,2012,new-hampshire,54,39,4,3,15447,UNH/WMUR,2012-09-27,2012-09-30,Likely Voters,588,Live Phone,Nonpartisan,None,37,2012_15447_new-hampshire,NA,NA,NA,NA
2012-new-hampshire-president-romney-vs-obama,2012,new-hampshire,50,45,4,1,15386,ARG,2012-09-25,2012-09-27,Likely Voters,600,Live Phone,Nonpartisan,None,40,2012_15386_new-hampshire,NA,NA,NA,NA
2012-new-hampshire-president-romney-vs-obama,2012,new-hampshire,51,44,6,NA,15476,PPP (D-Progressive Change Campaign Committee),2012-09-24,2012-09-25,Likely Voters,862,Automated Phone,Sponsor,Dem,42,2012_15476_new-hampshire,NA,NA,NA,NA
2012-new-hampshire-president-romney-vs-obama,2012,new-hampshire,51,44,4,1,15370,NBC/WSJ/Marist,2012-09-23,2012-09-25,Likely Voters,1012,Live Phone,Nonpartisan,None,42,2012_15370_new-hampshire,NA,NA,NA,NA
2012-new-hampshire-president-romney-vs-obama,2012,new-hampshire,52,45,NA,NA,15344,GQR (D-New Hampshire Democratic Party),2012-09-15,2012-09-19,Likely Voters,600,Live Phone,Sponsor,Dem,48,2012_15344_new-hampshire,NA,NA,NA,NA
2012-new-hampshire-president-romney-vs-obama,2012,new-hampshire,45,48,3,4,15130,Rasmussen,2012-09-18,2012-09-18,Likely Voters,500,Automated Phone,Nonpartisan,None,49,2012_15130_new-hampshire,NA,NA,NA,NA
2012-new-hampshire-president-romney-vs-obama,2012,new-hampshire,48,47,NA,NA,15107,ARG,2012-09-15,2012-09-17,Likely Voters,463,Live Phone,Nonpartisan,None,50,2012_15107_new-hampshire,NA,NA,NA,NA
2012-new-hampshire-president-romney-vs-obama,2012,new-hampshire,48,42,5,5,15152,YouGov,2012-09-07,2012-09-14,Likely Voters,340,Internet,Nonpartisan,None,53,2012_15152_new-hampshire,NA,NA,NA,NA
2012-new-hampshire-president-romney-vs-obama,2012,new-hampshire,45,40,12,3,15025,UNH/WMUR,2012-09-04,2012-09-10,Likely Voters,592,Live Phone,Nonpartisan,None,57,2012_15025_new-hampshire,NA,NA,NA,NA
2012-new-hampshire-president-romney-vs-obama,2012,new-hampshire,51,45,5,NA,14654,PPP (D),2012-08-09,2012-08-12,Likely Voters,1055,Automated Phone,Pollster,Dem,86,2012_14654_new-hampshire,NA,NA,NA,NA
2012-new-hampshire-president-romney-vs-obama,2012,new-hampshire,49,46,NA,NA,14645,UNH/WMUR,2012-08-01,2012-08-12,Likely Voters,555,Live Phone,Nonpartisan,None,86,2012_14645_new-hampshire,NA,NA,NA,NA
2012-new-hampshire-president-romney-vs-obama,2012,new-hampshire,50,44,6,NA,14660,PPP (D-Democracy for America),2012-08-07,2012-08-08,Likely Voters,1591,Automated Phone,Sponsor,Dem,90,2012_14660_new-hampshire,NA,NA,NA,NA
2012-new-hampshire-president-romney-vs-obama,2012,new-hampshire,49,45,NA,NA,14370,UNH/WMUR,2012-07-05,2012-07-15,Likely Voters,470,Live Phone,Nonpartisan,None,114,2012_14370_new-hampshire,NA,NA,NA,NA
2012-new-hampshire-president-romney-vs-obama,2012,new-hampshire,45,45,8,1,14205,NBC/Marist,2012-06-24,2012-06-25,Registered Voters,1029,Live Phone,Nonpartisan,None,134,2012_14205_new-hampshire,NA,NA,NA,NA
2012-new-hampshire-president-romney-vs-obama,2012,new-hampshire,49,46,6,NA,14167,ARG,2012-06-21,2012-06-24,Likely Voters,417,Live Phone,Nonpartisan,None,135,2012_14167_new-hampshire,NA,NA,NA,NA
2012-new-hampshire-president-romney-vs-obama,2012,new-hampshire,48,43,6,2,14145,Rasmussen,2012-06-20,2012-06-20,Likely Voters,500,Automated Phone,Nonpartisan,None,139,2012_14145_new-hampshire,NA,NA,NA,NA
2012-new-hampshire-president-romney-vs-obama,2012,new-hampshire,53,41,6,NA,13806,PPP (D),2012-05-10,2012-05-13,Likely Voters,1163,Automated Phone,Pollster,Dem,177,2012_13806_new-hampshire,NA,NA,NA,NA
2012-new-hampshire-president-romney-vs-obama,2012,new-hampshire,51,42,5,2,13594,UNH/WMUR,2012-04-09,2012-04-20,Likely Voters,486,Live Phone,Nonpartisan,None,200,2012_13594_new-hampshire,NA,NA,NA,NA
2012-new-hampshire-president-romney-vs-obama,2012,new-hampshire,42,44,NA,NA,13561,Dartmouth,2012-04-02,2012-04-05,Registered Voters,403,Live Phone,Nonpartisan,None,215,2012_13561_new-hampshire,NA,NA,NA,NA
2012-new-hampshire-president-romney-vs-obama,2012,new-hampshire,48,41,11,NA,13424,ARG,2012-03-15,2012-03-18,Registered Voters,557,Live Phone,Nonpartisan,None,233,2012_13424_new-hampshire,NA,NA,NA,NA
2012-new-hampshire-president-romney-vs-obama,2012,new-hampshire,50,40,9,NA,12833,UNH/WMUR,2012-01-25,2012-02-02,Likely Voters,495,Live Phone,Nonpartisan,None,278,2012_12833_new-hampshire,NA,NA,NA,NA
2012-nevada-president-romney-vs-obama,2012,nevada,51,47,1,NA,16645,PPP (D),2012-11-03,2012-11-04,Likely Voters,750,Automated Phone,Pollster,Dem,2,2012_16645_nevada,NA,NA,NA,NA
2012-nevada-president-romney-vs-obama,2012,nevada,49,45,3,2,16592,YouGov,2012-10-31,2012-11-03,Likely Voters,732,Internet,Nonpartisan,None,3,2012_16592_nevada,NA,NA,NA,NA
2012-nevada-president-romney-vs-obama,2012,nevada,50,44,4,NA,16493,Mellman (D-Americans United for Change),2012-10-29,2012-10-31,Likely Voters,600,Live Phone,Sponsor,Dem,6,2012_16493_nevada,NA,NA,NA,NA
2012-nevada-president-romney-vs-obama,2012,nevada,50,46,2,2,16409,SurveyUSA,2012-10-23,2012-10-29,Likely Voters,1212,Mixed,Nonpartisan,None,8,2012_16409_nevada,NA,NA,NA,NA
2012-nevada-president-romney-vs-obama,2012,nevada,49,43,NA,NA,16308,Grove Insight (D-Project New America/USAction),2012-10-27,2012-10-28,Likely Voters,500,Live Phone,Pollster,Dem,9,2012_16308_nevada,NA,NA,NA,NA
2012-nevada-president-romney-vs-obama,2012,nevada,50,49,2,NA,16183,Gravis Marketing,2012-10-24,2012-10-24,Likely Voters,955,Automated Phone,Nonpartisan,None,13,2012_16183_nevada,NA,NA,NA,NA
2012-nevada-president-romney-vs-obama,2012,nevada,50,47,2,1,16174,NBC/WSJ/Marist,2012-10-23,2012-10-24,Likely Voters,1042,Live Phone,Nonpartisan,None,13,2012_16174_nevada,NA,NA,NA,NA
2012-nevada-president-romney-vs-obama,2012,nevada,51,47,2,NA,16123,PPP (D),2012-10-22,2012-10-24,Likely Voters,636,Automated Phone,Pollster,Dem,13,2012_16123_nevada,NA,NA,NA,NA
2012-nevada-president-romney-vs-obama,2012,nevada,50,48,1,1,16111,Rasmussen,2012-10-23,2012-10-23,Likely Voters,500,Automated Phone,Nonpartisan,None,14,2012_16111_nevada,NA,NA,NA,NA
2012-nevada-president-romney-vs-obama,2012,nevada,49,47,3,1,16069,ARG,2012-10-19,2012-10-22,Likely Voters,600,Live Phone,Nonpartisan,None,15,2012_16069_nevada,NA,NA,NA,NA
2012-nevada-president-romney-vs-obama,2012,nevada,51,43,NA,NA,15958,Mellman (D-Americans United for Change),2012-10-15,2012-10-17,Likely Voters,600,Live Phone,Sponsor,Dem,20,2012_15958_nevada,NA,NA,NA,NA
2012-nevada-president-romney-vs-obama,2012,nevada,50,43,4,4,15911,Grove Insight (D-Project New America),2012-10-15,2012-10-16,Likely Voters,500,Live Phone,Pollster,Dem,21,2012_15911_nevada,NA,NA,NA,NA
2012-nevada-president-romney-vs-obama,2012,nevada,50,47,1,2,15879,Rasmussen,2012-10-15,2012-10-15,Likely Voters,500,Automated Phone,Nonpartisan,None,22,2012_15879_nevada,NA,NA,NA,NA
2012-nevada-president-romney-vs-obama,2012,nevada,48,45,3,3,15874,SurveyUSA,2012-10-11,2012-10-15,Likely Voters,806,Mixed,Nonpartisan,None,22,2012_15874_nevada,NA,NA,NA,NA
2012-nevada-president-romney-vs-obama,2012,nevada,50,45,3,1,15853,YouGov,2012-10-04,2012-10-11,Likely Voters,358,Internet,Nonpartisan,None,26,2012_15853_nevada,NA,NA,NA,NA
2012-nevada-president-romney-vs-obama,2012,nevada,51,47,2,NA,15676,PPP (D),2012-10-08,2012-10-10,Likely Voters,594,Automated Phone,Pollster,Dem,27,2012_15676_nevada,NA,NA,NA,NA
2012-nevada-president-romney-vs-obama,2012,nevada,47,45,6,2,15687,Suffolk/KSNV,2012-10-06,2012-10-09,Likely Voters,500,Live Phone,Nonpartisan,None,28,2012_15687_nevada,NA,NA,NA,NA
2012-nevada-president-romney-vs-obama,2012,nevada,47,47,3,3,15631,Rasmussen,2012-10-08,2012-10-08,Likely Voters,500,Automated Phone,Nonpartisan,None,29,2012_15631_nevada,NA,NA,NA,NA
2012-nevada-president-romney-vs-obama,2012,nevada,47,46,4,3,15648,SurveyUSA,2012-10-03,2012-10-08,Likely Voters,1222,Mixed,Nonpartisan,None,29,2012_15648_nevada,NA,NA,NA,NA
2012-nevada-president-romney-vs-obama,2012,nevada,49,48,3,NA,15554,Gravis Marketing,2012-10-03,2012-10-03,Likely Voters,1006,Automated Phone,Nonpartisan,None,34,2012_15554_nevada,NA,NA,NA,NA
2012-nevada-president-romney-vs-obama,2012,nevada,53,42,3,2,15453,We Ask America,2012-09-25,2012-09-27,Likely Voters,1078,Automated Phone,Nonpartisan,None,40,2012_15453_nevada,NA,NA,NA,NA
2012-nevada-president-romney-vs-obama,2012,nevada,49,47,3,1,15371,NBC/WSJ/Marist,2012-09-23,2012-09-25,Likely Voters,984,Live Phone,Nonpartisan,None,42,2012_15371_nevada,NA,NA,NA,NA
2012-nevada-president-romney-vs-obama,2012,nevada,51,44,4,1,15272,ARG,2012-09-20,2012-09-23,Likely Voters,600,Live Phone,Nonpartisan,None,44,2012_15272_nevada,NA,NA,NA,NA
2012-nevada-president-romney-vs-obama,2012,nevada,46,46,2,5,15302,POS (R),2012-09-19,2012-09-20,Likely Voters,500,Live Phone,Pollster,Rep,47,2012_15302_nevada,NA,NA,NA,NA
2012-nevada-president-romney-vs-obama,2012,nevada,52,43,5,NA,15301,PPP (D-League of Conservation Voters),2012-09-18,2012-09-20,Likely Voters,501,Automated Phone,Sponsor,Dem,47,2012_15301_nevada,NA,NA,NA,NA
2012-nevada-president-romney-vs-obama,2012,nevada,47,45,3,4,15175,Rasmussen,2012-09-18,2012-09-18,Likely Voters,500,Automated Phone,Nonpartisan,None,49,2012_15175_nevada,NA,NA,NA,NA
2012-nevada-president-romney-vs-obama,2012,nevada,49,46,4,1,15182,CNN,2012-09-14,2012-09-18,Likely Voters,741,Live Phone,Nonpartisan,None,49,2012_15182_nevada,NA,NA,NA,NA
2012-nevada-president-romney-vs-obama,2012,nevada,51,44,3,2,15155,YouGov,2012-09-07,2012-09-14,Likely Voters,541,Internet,Nonpartisan,None,53,2012_15155_nevada,NA,NA,NA,NA
2012-nevada-president-romney-vs-obama,2012,nevada,50,47,4,NA,14828,PPP (D),2012-08-23,2012-08-26,Likely Voters,831,Automated Phone,Pollster,Dem,72,2012_14828_nevada,NA,NA,NA,NA
2012-nevada-president-romney-vs-obama,2012,nevada,47,45,4,5,14725,SurveyUSA,2012-08-16,2012-08-21,Likely Voters,869,IVR/Online,Nonpartisan,None,77,2012_14725_nevada,NA,NA,NA,NA
2012-nevada-president-romney-vs-obama,2012,nevada,50,45,4,1,14462,Rasmussen,2012-07-24,2012-07-24,Likely Voters,500,Automated Phone,Nonpartisan,None,105,2012_14462_nevada,NA,NA,NA,NA
2012-nevada-president-romney-vs-obama,2012,nevada,49,43,6,2,14387,We Ask America,2012-07-17,2012-07-18,Likely Voters,1092,Automated Phone,Nonpartisan,None,111,2012_14387_nevada,NA,NA,NA,NA
2012-nevada-president-romney-vs-obama,2012,nevada,50,46,4,NA,14389,Magellan (R),2012-07-16,2012-07-17,Registered Voters,665,Mixed,Pollster,Rep,112,2012_14389_nevada,NA,NA,NA,NA
2012-nevada-president-romney-vs-obama,2012,nevada,48,42,10,NA,14087,PPP (D),2012-06-07,2012-06-10,Likely Voters,500,Automated Phone,Pollster,Dem,149,2012_14087_nevada,NA,NA,NA,NA
2012-nevada-president-romney-vs-obama,2012,nevada,48,46,5,1,13961,NBC/Marist,2012-05-22,2012-05-24,Registered Voters,1040,Live Phone,Nonpartisan,None,166,2012_13961_nevada,NA,NA,NA,NA
2012-nevada-president-romney-vs-obama,2012,nevada,52,44,2,2,13659,Rasmussen,2012-04-30,2012-04-30,Likely Voters,500,Automated Phone,Nonpartisan,None,190,2012_13659_nevada,NA,NA,NA,NA
2012-nevada-president-romney-vs-obama,2012,nevada,51,43,6,NA,13430,PPP (D),2012-03-29,2012-04-01,Registered Voters,553,Automated Phone,Pollster,Dem,219,2012_13430_nevada,NA,NA,NA,NA
2012-nevada-president-romney-vs-obama,2012,nevada,50,44,2,3,13272,Rasmussen,2012-03-19,2012-03-19,Likely Voters,500,Automated Phone,Nonpartisan,None,232,2012_13272_nevada,NA,NA,NA,NA
2012-missouri-president-romney-vs-obama,2012,missouri,45,53,2,NA,16550,PPP (D),2012-11-02,2012-11-03,Likely Voters,835,Automated Phone,Pollster,Dem,3,2012_16550_missouri,NA,NA,NA,NA
2012-missouri-president-romney-vs-obama,2012,missouri,42,53,3,NA,16593,YouGov,2012-10-31,2012-11-03,Likely Voters,779,Internet,Nonpartisan,None,3,2012_16593_missouri,NA,NA,NA,NA
2012-missouri-president-romney-vs-obama,2012,missouri,43,50,3,NA,16615,SurveyUSA,2012-10-28,2012-11-03,Likely Voters,589,IVR/Online,Nonpartisan,None,3,2012_16615_missouri,NA,NA,NA,NA
2012-missouri-president-romney-vs-obama,2012,missouri,42,54,NA,NA,16395,We Ask America,2012-10-30,2012-10-30,Likely Voters,1217,Automated Phone,Nonpartisan,None,7,2012_16395_missouri,NA,NA,NA,NA
2012-missouri-president-romney-vs-obama,2012,missouri,41,54,4,NA,16218,Mason-Dixon,2012-10-23,2012-10-25,Likely Voters,625,Live Phone,Nonpartisan,None,12,2012_16218_missouri,NA,NA,NA,NA
2012-missouri-president-romney-vs-obama,2012,missouri,46,52,2,NA,16009,PPP (D),2012-10-19,2012-10-21,Likely Voters,582,Automated Phone,Pollster,Dem,16,2012_16009_missouri,NA,NA,NA,NA
2012-missouri-president-romney-vs-obama,2012,missouri,43,54,3,NA,15947,Rasmussen,2012-10-17,2012-10-17,Likely Voters,500,Automated Phone,Nonpartisan,None,20,2012_15947_missouri,NA,NA,NA,NA
2012-missouri-president-romney-vs-obama,2012,missouri,41,55,4,NA,15813,Wenzel Strategies (R),2012-10-12,2012-10-13,Likely Voters,1000,Live Phone,Pollster,Rep,24,2012_15813_missouri,NA,NA,NA,NA
2012-missouri-president-romney-vs-obama,2012,missouri,42,52,4,NA,15864,YouGov,2012-10-04,2012-10-11,Likely Voters,546,Internet,Nonpartisan,None,26,2012_15864_missouri,NA,NA,NA,NA
2012-missouri-president-romney-vs-obama,2012,missouri,45,51,4,NA,15497,PPP (D),2012-10-01,2012-10-03,Likely Voters,700,Automated Phone,Pollster,Dem,34,2012_15497_missouri,NA,NA,NA,NA
2012-missouri-president-romney-vs-obama,2012,missouri,46,49,3,NA,15514,Rasmussen,2012-10-02,2012-10-02,Likely Voters,500,Automated Phone,Nonpartisan,None,35,2012_15514_missouri,NA,NA,NA,NA
2012-missouri-president-romney-vs-obama,2012,missouri,40,50,NA,NA,15546,Wenzel Strategies (R-Akin),2012-09-30,2012-10-01,Likely Voters,675,Live Phone,Sponsor,Rep,36,2012_15546_missouri,NA,NA,NA,NA
2012-missouri-president-romney-vs-obama,2012,missouri,45,48,6,NA,15455,We Ask America,2012-09-25,2012-09-27,Likely Voters,1145,Automated Phone,Nonpartisan,None,40,2012_15455_missouri,NA,NA,NA,NA
2012-missouri-president-romney-vs-obama,2012,missouri,44,50,6,NA,15341,Chilenski Strategies/Missouri Scout,2012-09-20,2012-09-20,Likely Voters,817,Automated Phone,Nonpartisan,None,47,2012_15341_missouri,NA,NA,NA,NA
2012-missouri-president-romney-vs-obama,2012,missouri,43,50,4,NA,15225,YouGov,2012-09-07,2012-09-14,Likely Voters,734,Internet,Nonpartisan,None,53,2012_15225_missouri,NA,NA,NA,NA
2012-missouri-president-romney-vs-obama,2012,missouri,45,48,3,NA,14997,Rasmussen,2012-09-11,2012-09-11,Likely Voters,500,Automated Phone,Nonpartisan,None,56,2012_14997_missouri,NA,NA,NA,NA
2012-missouri-president-romney-vs-obama,2012,missouri,38,57,5,NA,15007,Wenzel Strategies (R-Citizens United),2012-09-10,2012-09-11,Likely Voters,850,Live Phone,Sponsor,Rep,56,2012_15007_missouri,NA,NA,NA,NA
2012-missouri-president-romney-vs-obama,2012,missouri,41,53,6,NA,14838,PPP (D),2012-08-28,2012-08-29,Likely Voters,621,Automated Phone,Pollster,Dem,69,2012_14838_missouri,NA,NA,NA,NA
2012-missouri-president-romney-vs-obama,2012,missouri,36,53,7,NA,14836,Gravis Marketing,2012-08-23,2012-08-23,Likely Voters,1057,Automated Phone,Nonpartisan,None,75,2012_14836_missouri,NA,NA,NA,NA
2012-missouri-president-romney-vs-obama,2012,missouri,43,50,NA,NA,14770,Mason-Dixon,2012-08-22,2012-08-23,Likely Voters,625,Live Phone,Nonpartisan,None,75,2012_14770_missouri,NA,NA,NA,NA
2012-missouri-president-romney-vs-obama,2012,missouri,47,46,3,NA,14759,Rasmussen,2012-08-22,2012-08-22,Likely Voters,500,Automated Phone,Nonpartisan,None,76,2012_14759_missouri,NA,NA,NA,NA
2012-missouri-president-romney-vs-obama,2012,missouri,42,52,7,NA,14749,PPP (D),2012-08-20,2012-08-20,Likely Voters,500,Automated Phone,Pollster,Dem,78,2012_14749_missouri,NA,NA,NA,NA
2012-missouri-president-romney-vs-obama,2012,missouri,44,45,5,NA,14630,SurveyUSA,2012-08-09,2012-08-12,Likely Voters,585,IVR/Online,Nonpartisan,None,86,2012_14630_missouri,NA,NA,NA,NA
2012-missouri-president-romney-vs-obama,2012,missouri,47,48,5,NA,14646,Chilenski Strategies/Missouri Scout,2012-08-08,2012-08-08,Likely Voters,663,Automated Phone,Nonpartisan,None,90,2012_14646_missouri,NA,NA,NA,NA
2012-missouri-president-romney-vs-obama,2012,missouri,44,50,3,NA,14510,Rasmussen,2012-07-30,2012-07-30,Likely Voters,500,Automated Phone,Nonpartisan,None,99,2012_14510_missouri,NA,NA,NA,NA
2012-missouri-president-romney-vs-obama,2012,missouri,42,51,5,NA,14495,Mason-Dixon,2012-07-23,2012-07-25,Likely Voters,625,Live Phone,Nonpartisan,None,104,2012_14495_missouri,NA,NA,NA,NA
2012-missouri-president-romney-vs-obama,2012,missouri,40,49,9,NA,14457,We Ask America,2012-07-24,2012-07-24,Likely Voters,1172,Automated Phone,Nonpartisan,None,105,2012_14457_missouri,NA,NA,NA,NA
2012-missouri-president-romney-vs-obama,2012,missouri,42,49,3,NA,14044,Rasmussen,2012-06-07,2012-06-07,Likely Voters,500,Automated Phone,Nonpartisan,None,152,2012_14044_missouri,NA,NA,NA,NA
2012-missouri-president-romney-vs-obama,2012,missouri,45,44,11,NA,13958,PPP (D),2012-05-24,2012-05-27,Registered Voters,602,Automated Phone,Pollster,Dem,163,2012_13958_missouri,NA,NA,NA,NA
2012-missouri-president-romney-vs-obama,2012,missouri,45,48,4,NA,13574,Rasmussen,2012-04-17,2012-04-17,Likely Voters,500,Automated Phone,Nonpartisan,None,203,2012_13574_missouri,NA,NA,NA,NA
2012-missouri-president-romney-vs-obama,2012,missouri,41,50,2,NA,13249,Rasmussen,2012-03-14,2012-03-15,Likely Voters,500,Automated Phone,Nonpartisan,None,236,2012_13249_missouri,NA,NA,NA,NA
2012-missouri-president-romney-vs-obama,2012,missouri,45,45,9,NA,12708,PPP (D),2012-01-27,2012-01-29,Likely Voters,582,Automated Phone,Pollster,Dem,282,2012_12708_missouri,NA,NA,NA,NA
2012-minnesota-president-romney-vs-obama,2012,minnesota,53,45,2,NA,16533,PPP (D),2012-11-02,2012-11-03,Likely Voters,1164,Automated Phone,Pollster,Dem,3,2012_16533_minnesota,NA,NA,NA,NA
2012-minnesota-president-romney-vs-obama,2012,minnesota,52,41,4,3,16611,SurveyUSA,2012-11-01,2012-11-03,Likely Voters,556,IVR/Online,Nonpartisan,None,3,2012_16611_minnesota,NA,NA,NA,NA
2012-minnesota-president-romney-vs-obama,2012,minnesota,50,43,4,2,16584,YouGov,2012-10-31,2012-11-03,Likely Voters,790,Internet,Nonpartisan,None,3,2012_16584_minnesota,NA,NA,NA,NA
2012-minnesota-president-romney-vs-obama,2012,minnesota,53,44,3,NA,16470,PPP (D-LCV),2012-10-31,2012-11-01,Likely Voters,772,Automated Phone,Sponsor,Dem,5,2012_16470_minnesota,NA,NA,NA,NA
2012-minnesota-president-romney-vs-obama,2012,minnesota,45,46,NA,NA,16534,NMB (R-American Future Fund),2012-10-30,2012-10-31,Likely Voters,500,Live Phone,Sponsor,Rep,6,2012_16534_minnesota,NA,NA,NA,NA
2012-minnesota-president-romney-vs-obama,2012,minnesota,50,43,3,4,16410,SurveyUSA,2012-10-26,2012-10-28,Likely Voters,574,IVR/Online,Nonpartisan,None,9,2012_16410_minnesota,NA,NA,NA,NA
2012-minnesota-president-romney-vs-obama,2012,minnesota,47,44,7,2,16231,The Star Tribune Minnesota Poll/Mason-Dixon,2012-10-23,2012-10-25,Likely Voters,800,Live Phone,Nonpartisan,None,12,2012_16231_minnesota,NA,NA,NA,NA
2012-minnesota-president-romney-vs-obama,2012,minnesota,51,46,1,1,16073,Rasmussen,2012-10-21,2012-10-21,Likely Voters,500,Automated Phone,Nonpartisan,None,16,2012_16073_minnesota,NA,NA,NA,NA
2012-minnesota-president-romney-vs-obama,2012,minnesota,53,45,2,NA,16227,St. Cloud St,2012-10-15,2012-10-21,Likely Voters,601,Live Phone,Nonpartisan,None,16,2012_16227_minnesota,NA,NA,NA,NA
2012-minnesota-president-romney-vs-obama,2012,minnesota,50,40,6,4,15919,SurveyUSA,2012-10-12,2012-10-14,Likely Voters,550,IVR/Online,Nonpartisan,None,23,2012_15919_minnesota,NA,NA,NA,NA
2012-minnesota-president-romney-vs-obama,2012,minnesota,52,44,3,1,15860,YouGov,2012-10-04,2012-10-11,Likely Voters,683,Internet,Nonpartisan,None,26,2012_15860_minnesota,NA,NA,NA,NA
2012-minnesota-president-romney-vs-obama,2012,minnesota,47,43,NA,NA,15786,NMB (R-American Future Fund),2012-10-07,2012-10-08,Likely Voters,500,Live Phone,Sponsor,Rep,29,2012_15786_minnesota,NA,NA,NA,NA
2012-minnesota-president-romney-vs-obama,2012,minnesota,53,43,4,NA,15632,PPP (D),2012-10-05,2012-10-08,Likely Voters,937,Automated Phone,Pollster,Dem,29,2012_15632_minnesota,NA,NA,NA,NA
2012-minnesota-president-romney-vs-obama,2012,minnesota,48,40,7,5,15262,The Star Tribune Minnesota Poll/Mason-Dixon,2012-09-17,2012-09-19,Likely Voters,800,Live Phone,Nonpartisan,None,48,2012_15262_minnesota,NA,NA,NA,NA
2012-minnesota-president-romney-vs-obama,2012,minnesota,50,42,4,4,15191,YouGov,2012-09-07,2012-09-14,Likely Voters,816,Internet,Nonpartisan,None,53,2012_15191_minnesota,NA,NA,NA,NA
2012-minnesota-president-romney-vs-obama,2012,minnesota,51,44,5,NA,15015,PPP (D),2012-09-10,2012-09-11,Likely Voters,824,Automated Phone,Pollster,Dem,56,2012_15015_minnesota,NA,NA,NA,NA
2012-minnesota-president-romney-vs-obama,2012,minnesota,50,40,5,5,14966,SurveyUSA,2012-09-06,2012-09-09,Likely Voters,551,IVR/Online,Nonpartisan,None,58,2012_14966_minnesota,NA,NA,NA,NA
2012-minnesota-president-romney-vs-obama,2012,minnesota,46,40,7,7,14418,SurveyUSA,2012-07-17,2012-07-19,Likely Voters,552,IVR/Online,Nonpartisan,None,110,2012_14418_minnesota,NA,NA,NA,NA
2012-minnesota-president-romney-vs-obama,2012,minnesota,54,39,7,NA,14033,PPP (D),2012-05-31,2012-06-03,Registered Voters,973,Automated Phone,Pollster,Dem,156,2012_14033_minnesota,NA,NA,NA,NA
2012-minnesota-president-romney-vs-obama,2012,minnesota,52,38,10,NA,13783,SurveyUSA,2012-05-09,2012-05-10,Registered Voters,516,IVR/Online,Nonpartisan,None,180,2012_13783_minnesota,NA,NA,NA,NA
2012-minnesota-president-romney-vs-obama,2012,minnesota,49,36,15,NA,13143,SurveyUSA,2012-01-31,2012-02-02,Registered Voters,542,IVR/Online,Nonpartisan,None,278,2012_13143_minnesota,NA,NA,NA,NA
2012-minnesota-president-romney-vs-obama,2012,minnesota,51,41,8,NA,12641,PPP (D),2012-01-21,2012-01-22,Likely Voters,1236,Automated Phone,Pollster,Dem,289,2012_12641_minnesota,NA,NA,NA,NA
2012-michigan-president-romney-vs-obama,2012,michigan,51,46,1,2,16684,Mitchell Research,2012-11-04,2012-11-04,Likely Voters,1305,Automated Phone,Pollster,Rep,2,2012_16684_michigan,NA,NA,NA,NA
2012-michigan-president-romney-vs-obama,2012,michigan,52,47,NA,NA,16622,Angus-Reid,2012-11-01,2012-11-03,Likely Voters,502,Internet,Nonpartisan,None,3,2012_16622_michigan,NA,NA,NA,NA
2012-michigan-president-romney-vs-obama,2012,michigan,52,46,1,NA,16502,PPP (D),2012-11-01,2012-11-03,Likely Voters,700,Automated Phone,Pollster,Dem,3,2012_16502_michigan,NA,NA,NA,NA
2012-michigan-president-romney-vs-obama,2012,michigan,51,44,3,3,16580,YouGov,2012-10-31,2012-11-03,Likely Voters,1091,Internet,Nonpartisan,None,3,2012_16580_michigan,NA,NA,NA,NA
2012-michigan-president-romney-vs-obama,2012,michigan,46,47,2,5,16547,FMWB (D),2012-11-02,2012-11-02,Likely Voters,1913,Automated Phone,Pollster,Dem,4,2012_16547_michigan,NA,NA,NA,NA
2012-michigan-president-romney-vs-obama,2012,michigan,52,47,1,1,16468,Rasmussen,2012-11-01,2012-11-01,Likely Voters,750,Automated Phone,Nonpartisan,None,5,2012_16468_michigan,NA,NA,NA,NA
2012-michigan-president-romney-vs-obama,2012,michigan,52,46,2,NA,16472,PPP (D-LCV),2012-10-31,2012-11-01,Likely Voters,500,Automated Phone,Sponsor,Dem,5,2012_16472_michigan,NA,NA,NA,NA
2012-michigan-president-romney-vs-obama,2012,michigan,48,41,9,2,16461,Grove Insight (D-Project New America/USAction),2012-10-31,2012-11-01,Likely Voters,500,Live Phone,Pollster,Dem,5,2012_16461_michigan,NA,NA,NA,NA
2012-michigan-president-romney-vs-obama,2012,michigan,53,45,3,NA,16390,PPP (D-Health Care for America Now),2012-10-30,2012-10-31,Likely Voters,500,Automated Phone,Sponsor,Dem,6,2012_16390_michigan,NA,NA,NA,NA
2012-michigan-president-romney-vs-obama,2012,michigan,48,45,6,1,16358,Glengariff Group,2012-10-27,2012-10-29,Likely Voters,600,Live Phone,Nonpartisan,None,8,2012_16358_michigan,NA,NA,NA,NA
2012-michigan-president-romney-vs-obama,2012,michigan,48,42,6,4,16412,EPIC-MRA,2012-10-26,2012-10-29,Likely Voters,600,Automated Phone,Nonpartisan,None,8,2012_16412_michigan,NA,NA,NA,NA
2012-michigan-president-romney-vs-obama,2012,michigan,47,47,4,2,16167,FMWB (D),2012-10-23,2012-10-23,Likely Voters,1122,Automated Phone,Pollster,Dem,14,2012_16167_michigan,NA,NA,NA,NA
2012-michigan-president-romney-vs-obama,2012,michigan,52,43,NA,5,16007,Angus-Reid,2012-10-18,2012-10-20,Likely Voters,513,Internet,Nonpartisan,None,17,2012_16007_michigan,NA,NA,NA,NA
2012-michigan-president-romney-vs-obama,2012,michigan,52,46,2,NA,15934,EPIC-MRA,2012-10-17,2012-10-17,Likely Voters,800,Automated Phone,Nonpartisan,None,20,2012_15934_michigan,NA,NA,NA,NA
2012-michigan-president-romney-vs-obama,2012,michigan,52,45,1,1,15751,Rasmussen,2012-10-11,2012-10-11,Likely Voters,500,Automated Phone,Nonpartisan,None,26,2012_15751_michigan,NA,NA,NA,NA
2012-michigan-president-romney-vs-obama,2012,michigan,52,42,4,1,15857,YouGov,2012-10-04,2012-10-11,Likely Voters,895,Internet,Nonpartisan,None,26,2012_15857_michigan,NA,NA,NA,NA
2012-michigan-president-romney-vs-obama,2012,michigan,44,41,13,NA,15929,"Denno/ Lambert, Edwards & Associates",2012-10-09,2012-10-10,Likely Voters,600,Live Phone,Pollster,Dem,27,2012_15929_michigan,NA,NA,NA,NA
2012-michigan-president-romney-vs-obama,2012,michigan,49,42,8,NA,15690,Glengariff Group,2012-10-06,2012-10-08,Likely Voters,600,Live Phone,Nonpartisan,None,29,2012_15690_michigan,NA,NA,NA,NA
2012-michigan-president-romney-vs-obama,2012,michigan,46,44,10,NA,15688,Gravis Marketing,2012-10-05,2012-10-08,Likely Voters,1122,Automated Phone,Nonpartisan,None,29,2012_15688_michigan,NA,NA,NA,NA
2012-michigan-president-romney-vs-obama,2012,michigan,48,45,7,NA,15605,EPIC-MRA,2012-10-04,2012-10-06,Likely Voters,600,Automated Phone,Nonpartisan,None,31,2012_15605_michigan,NA,NA,NA,NA
2012-michigan-president-romney-vs-obama,2012,michigan,49,46,3,2,15606,FMWB (D),2012-10-05,2012-10-05,Likely Voters,1122,Automated Phone,Pollster,Dem,32,2012_15606_michigan,NA,NA,NA,NA
2012-michigan-president-romney-vs-obama,2012,michigan,52,40,7,1,15421,We Ask America,2012-09-25,2012-09-27,Likely Voters,1064,Automated Phone,Nonpartisan,None,40,2012_15421_michigan,NA,NA,NA,NA
2012-michigan-president-romney-vs-obama,2012,michigan,50,46,4,NA,15377,Gravis Marketing,2012-09-21,2012-09-22,Likely Voters,804,Automated Phone,Nonpartisan,None,45,2012_15377_michigan,NA,NA,NA,NA
2012-michigan-president-romney-vs-obama,2012,michigan,54,42,3,1,15267,Rasmussen,2012-09-20,2012-09-20,Likely Voters,500,Automated Phone,Nonpartisan,None,47,2012_15267_michigan,NA,NA,NA,NA
2012-michigan-president-romney-vs-obama,2012,michigan,51,42,7,NA,15396,PPP (D)/NRDC,2012-09-17,2012-09-19,Likely Voters,2386,Automated Phone,Pollster,Dem,48,2012_15396_michigan,NA,NA,NA,NA
2012-michigan-president-romney-vs-obama,2012,michigan,52,44,3,1,15143,CNN,2012-09-14,2012-09-18,Likely Voters,754,Live Phone,Nonpartisan,None,49,2012_15143_michigan,NA,NA,NA,NA
2012-michigan-president-romney-vs-obama,2012,michigan,52,38,9,NA,15166,Glengariff Group,2012-09-15,2012-09-17,Likely Voters,600,Live Phone,Nonpartisan,None,50,2012_15166_michigan,NA,NA,NA,NA
2012-michigan-president-romney-vs-obama,2012,michigan,48,42,8,NA,15098,Marketing Resource Group (R),2012-09-10,2012-09-14,Likely Voters,600,Live Phone,Pollster,Rep,53,2012_15098_michigan,NA,NA,NA,NA
2012-michigan-president-romney-vs-obama,2012,michigan,51,42,4,3,15178,YouGov,2012-09-07,2012-09-14,Likely Voters,1114,Internet,Nonpartisan,None,53,2012_15178_michigan,NA,NA,NA,NA
2012-michigan-president-romney-vs-obama,2012,michigan,45,44,5,5,15058,FMWB (D),2012-09-12,2012-09-12,Likely Voters,1156,Automated Phone,Pollster,Dem,55,2012_15058_michigan,NA,NA,NA,NA
2012-michigan-president-romney-vs-obama,2012,michigan,47,37,NA,NA,14992,EPIC-MRA,2012-09-08,2012-09-11,Likely Voters,600,Automated Phone,Nonpartisan,None,56,2012_14992_michigan,NA,NA,NA,NA
2012-michigan-president-romney-vs-obama,2012,michigan,51,44,5,NA,14871,PPP (D),2012-08-31,2012-09-02,Likely Voters,815,Automated Phone,Pollster,Dem,65,2012_14871_michigan,NA,NA,NA,NA
2012-michigan-president-romney-vs-obama,2012,michigan,49,46,5,NA,14848,EPIC-MRA,2012-08-28,2012-08-28,Likely Voters,1200,Automated Phone,Nonpartisan,None,70,2012_14848_michigan,NA,NA,NA,NA
2012-michigan-president-romney-vs-obama,2012,michigan,47,47,3,3,14783,Mitchell Research,2012-08-23,2012-08-23,Likely Voters,1277,Automated Phone,Pollster,Rep,75,2012_14783_michigan,NA,NA,NA,NA
2012-michigan-president-romney-vs-obama,2012,michigan,48,42,11,NA,14746,Glengariff Group,2012-08-18,2012-08-20,Likely Voters,600,Live Phone,Nonpartisan,None,78,2012_14746_michigan,NA,NA,NA,NA
2012-michigan-president-romney-vs-obama,2012,michigan,44,48,4,4,14716,FMWB (D),2012-08-16,2012-08-16,Likely Voters,1733,Automated Phone,Nonpartisan,None,82,2012_14716_michigan,NA,NA,NA,NA
2012-michigan-president-romney-vs-obama,2012,michigan,49,44,4,NA,14682,Mitchell Research,2012-08-13,2012-08-13,Likely Voters,1079,Automated Phone,Pollster,Rep,85,2012_14682_michigan,NA,NA,NA,NA
2012-michigan-president-romney-vs-obama,2012,michigan,48,42,NA,NA,14522,EPIC-MRA,2012-07-24,2012-07-31,Likely Voters,600,Live Phone,Nonpartisan,None,98,2012_14522_michigan,NA,NA,NA,NA
2012-michigan-president-romney-vs-obama,2012,michigan,44,45,NA,NA,14441,Mitchell Research,2012-07-23,2012-07-23,Likely Voters,825,Automated Phone,Pollster,Rep,106,2012_14441_michigan,NA,NA,NA,NA
2012-michigan-president-romney-vs-obama,2012,michigan,48,42,4,5,14431,Rasmussen,2012-07-23,2012-07-23,Likely Voters,500,Automated Phone,Nonpartisan,None,106,2012_14431_michigan,NA,NA,NA,NA
2012-michigan-president-romney-vs-obama,2012,michigan,53,39,8,NA,14443,PPP (D),2012-07-21,2012-07-23,Likely Voters,579,Automated Phone,Pollster,Dem,106,2012_14443_michigan,NA,NA,NA,NA
2012-michigan-president-romney-vs-obama,2012,michigan,47,43,10,1,14204,NBC/Marist,2012-06-24,2012-06-25,Registered Voters,1078,Live Phone,Nonpartisan,None,134,2012_14204_michigan,NA,NA,NA,NA
2012-michigan-president-romney-vs-obama,2012,michigan,47,46,NA,NA,14142,Mitchell Research,2012-06-18,2012-06-18,Likely Voters,750,Automated Phone,Pollster,Rep,141,2012_14142_michigan,NA,NA,NA,NA
2012-michigan-president-romney-vs-obama,2012,michigan,43,45,12,NA,14131,We Ask America,2012-06-18,2012-06-18,Likely Voters,1010,Automated Phone,Nonpartisan,None,141,2012_14131_michigan,NA,NA,NA,NA
2012-michigan-president-romney-vs-obama,2012,michigan,50,42,4,4,14097,Rasmussen,2012-06-14,2012-06-14,Likely Voters,500,Automated Phone,Nonpartisan,None,145,2012_14097_michigan,NA,NA,NA,NA
2012-michigan-president-romney-vs-obama,2012,michigan,47,45,4,4,14092,FMWB (D),2012-06-12,2012-06-12,Likely Voters,1783,Automated Phone,Pollster,Dem,147,2012_14092_michigan,NA,NA,NA,NA
2012-michigan-president-romney-vs-obama,2012,michigan,45,46,9,NA,14031,EPIC-MRA,2012-06-02,2012-06-05,Likely Voters,600,Live Phone,Nonpartisan,None,154,2012_14031_michigan,NA,NA,NA,NA
2012-michigan-president-romney-vs-obama,2012,michigan,53,39,8,NA,13929,PPP (D),2012-05-24,2012-05-27,Registered Voters,500,Automated Phone,Pollster,Dem,163,2012_13929_michigan,NA,NA,NA,NA
2012-michigan-president-romney-vs-obama,2012,michigan,45,40,15,NA,13780,Glengariff Group,2012-05-10,2012-05-11,Likely Voters,600,Live Phone,Nonpartisan,None,179,2012_13780_michigan,NA,NA,NA,NA
2012-michigan-president-romney-vs-obama,2012,michigan,47,43,10,NA,13486,EPIC-MRA,2012-03-31,2012-04-03,Likely Voters,600,Live Phone,Nonpartisan,None,217,2012_13486_michigan,NA,NA,NA,NA
2012-michigan-president-romney-vs-obama,2012,michigan,49,42,9,NA,13423,Marketing Resource Group (R),2012-03-14,2012-03-19,Likely Voters,600,Live Phone,Pollster,Rep,232,2012_13423_michigan,NA,NA,NA,NA
2012-michigan-president-romney-vs-obama,2012,michigan,51,33,15,NA,12991,NBC/Marist,2012-02-19,2012-02-20,Registered Voters,3149,Live Phone,Nonpartisan,None,260,2012_12991_michigan,NA,NA,NA,NA
2012-michigan-president-romney-vs-obama,2012,michigan,54,38,8,NA,12849,PPP (D),2012-02-10,2012-02-12,Registered Voters,560,Automated Phone,Pollster,Dem,268,2012_12849_michigan,NA,NA,NA,NA
2012-michigan-president-romney-vs-obama,2012,michigan,48,40,12,NA,12648,EPIC-MRA,2012-01-21,2012-01-25,Likely Voters,600,Live Phone,Nonpartisan,None,286,2012_12648_michigan,NA,NA,NA,NA
2012-iowa-president-romney-vs-obama,2012,iowa,50,48,2,NA,16599,PPP (D),2012-11-03,2012-11-04,Likely Voters,1122,Automated Phone,Pollster,Dem,2,2012_16599_iowa,NA,NA,NA,NA
2012-iowa-president-romney-vs-obama,2012,iowa,48,49,2,1,16637,ARG,2012-11-02,2012-11-04,Likely Voters,600,Live Phone,Nonpartisan,None,2,2012_16637_iowa,NA,NA,NA,NA
2012-iowa-president-romney-vs-obama,2012,iowa,48,47,3,2,16582,YouGov,2012-10-31,2012-11-03,Likely Voters,1040,Internet,Nonpartisan,None,3,2012_16582_iowa,NA,NA,NA,NA
2012-iowa-president-romney-vs-obama,2012,iowa,47,42,NA,NA,16527,Des Moines Register/Selzer,2012-10-30,2012-11-02,Likely Voters,800,Live Phone,Nonpartisan,None,4,2012_16527_iowa,NA,NA,NA,NA
2012-iowa-president-romney-vs-obama,2012,iowa,49,45,6,NA,16456,Gravis Marketing,2012-11-01,2012-11-01,Likely Voters,594,Automated Phone,Nonpartisan,None,5,2012_16456_iowa,NA,NA,NA,NA
2012-iowa-president-romney-vs-obama,2012,iowa,46,44,10,NA,16494,Mellman (D-Americans United for Change),2012-10-30,2012-11-01,Likely Voters,600,Live Phone,Sponsor,Dem,5,2012_16494_iowa,NA,NA,NA,NA
2012-iowa-president-romney-vs-obama,2012,iowa,48,49,1,2,16427,Rasmussen,2012-10-30,2012-10-30,Likely Voters,750,Automated Phone,Nonpartisan,None,7,2012_16427_iowa,NA,NA,NA,NA
2012-iowa-president-romney-vs-obama,2012,iowa,49,47,NA,4,16394,We Ask America,2012-10-30,2012-10-30,Likely Voters,1174,Automated Phone,Nonpartisan,None,7,2012_16394_iowa,NA,NA,NA,NA
2012-iowa-president-romney-vs-obama,2012,iowa,50,45,4,NA,16353,PPP (D-Health Care for America Now),2012-10-29,2012-10-30,Likely Voters,676,Automated Phone,Sponsor,Dem,7,2012_16353_iowa,NA,NA,NA,NA
2012-iowa-president-romney-vs-obama,2012,iowa,50,44,4,2,16396,NBC/WSJ/Marist,2012-10-28,2012-10-29,Likely Voters,1142,Live Phone,Nonpartisan,None,8,2012_16396_iowa,NA,NA,NA,NA
2012-iowa-president-romney-vs-obama,2012,iowa,44,45,6,4,16414,U of Iowa,2012-10-18,2012-10-27,Likely Voters,320,Live Phone,Nonpartisan,None,10,2012_16414_iowa,NA,NA,NA,NA
2012-iowa-president-romney-vs-obama,2012,iowa,50,46,4,NA,16180,Gravis Marketing,2012-10-24,2012-10-24,Likely Voters,517,Automated Phone,Nonpartisan,None,13,2012_16180_iowa,NA,NA,NA,NA
2012-iowa-president-romney-vs-obama,2012,iowa,49,47,4,NA,16158,PPP (D-Health Care for America Now),2012-10-23,2012-10-24,Likely Voters,690,Automated Phone,Sponsor,Dem,13,2012_16158_iowa,NA,NA,NA,NA
2012-iowa-president-romney-vs-obama,2012,iowa,48,48,2,1,16028,Rasmussen,2012-10-21,2012-10-21,Likely Voters,500,Automated Phone,Nonpartisan,None,16,2012_16028_iowa,NA,NA,NA,NA
2012-iowa-president-romney-vs-obama,2012,iowa,49,48,3,NA,16010,PPP (D-Health Care for America Now),2012-10-18,2012-10-19,Likely Voters,660,Automated Phone,Sponsor,Dem,18,2012_16010_iowa,NA,NA,NA,NA
2012-iowa-president-romney-vs-obama,2012,iowa,48,49,4,NA,15963,PPP (D),2012-10-17,2012-10-19,Likely Voters,869,Automated Phone,Pollster,Dem,18,2012_15963_iowa,NA,NA,NA,NA
2012-iowa-president-romney-vs-obama,2012,iowa,51,43,4,2,15939,NBC/WSJ/Marist,2012-10-15,2012-10-17,Likely Voters,1137,Live Phone,Nonpartisan,None,20,2012_15939_iowa,NA,NA,NA,NA
2012-iowa-president-romney-vs-obama,2012,iowa,49,46,4,1,15822,We Ask America,2012-10-15,2012-10-15,Likely Voters,1499,Automated Phone,Nonpartisan,None,22,2012_15822_iowa,NA,NA,NA,NA
2012-iowa-president-romney-vs-obama,2012,iowa,48,48,3,1,15783,ARG,2012-10-11,2012-10-14,Likely Voters,600,Live Phone,Nonpartisan,None,23,2012_15783_iowa,NA,NA,NA,NA
2012-iowa-president-romney-vs-obama,2012,iowa,50,46,3,1,15848,YouGov,2012-10-04,2012-10-11,Likely Voters,545,Internet,Nonpartisan,None,26,2012_15848_iowa,NA,NA,NA,NA
2012-iowa-president-romney-vs-obama,2012,iowa,49,47,2,1,15582,Rasmussen,2012-10-07,2012-10-07,Likely Voters,500,Automated Phone,Nonpartisan,None,30,2012_15582_iowa,NA,NA,NA,NA
2012-iowa-president-romney-vs-obama,2012,iowa,48,44,7,2,15422,We Ask America,2012-09-25,2012-09-27,Likely Voters,1273,Automated Phone,Nonpartisan,None,40,2012_15422_iowa,NA,NA,NA,NA
2012-iowa-president-romney-vs-obama,2012,iowa,51,44,5,NA,15338,PPP (D),2012-09-24,2012-09-26,Likely Voters,754,Automated Phone,Pollster,Dem,41,2012_15338_iowa,NA,NA,NA,NA
2012-iowa-president-romney-vs-obama,2012,iowa,49,45,2,4,15408,Des Moines Register/Selzer,2012-09-23,2012-09-26,Likely Voters,650,Live Phone,Nonpartisan,None,41,2012_15408_iowa,NA,NA,NA,NA
2012-iowa-president-romney-vs-obama,2012,iowa,46,47,7,NA,15380,Voter/Consumer Research (R-The Iowa Republican),2012-09-23,2012-09-25,Registered Voters,500,Live Phone,Sponsor,Rep,42,2012_15380_iowa,NA,NA,NA,NA
2012-iowa-president-romney-vs-obama,2012,iowa,51,44,4,1,15274,ARG,2012-09-20,2012-09-23,Likely Voters,600,Live Phone,Nonpartisan,None,44,2012_15274_iowa,NA,NA,NA,NA
2012-iowa-president-romney-vs-obama,2012,iowa,44,47,5,3,15176,Rasmussen,2012-09-19,2012-09-19,Likely Voters,500,Automated Phone,Nonpartisan,None,48,2012_15176_iowa,NA,NA,NA,NA
2012-iowa-president-romney-vs-obama,2012,iowa,50,42,7,1,15190,NBC/WSJ/Marist,2012-09-16,2012-09-18,Likely Voters,898,Live Phone,Nonpartisan,None,49,2012_15190_iowa,NA,NA,NA,NA
2012-iowa-president-romney-vs-obama,2012,iowa,48,43,5,3,15156,YouGov,2012-09-07,2012-09-14,Likely Voters,700,Internet,Nonpartisan,None,53,2012_15156_iowa,NA,NA,NA,NA
2012-iowa-president-romney-vs-obama,2012,iowa,47,45,8,NA,14816,PPP (D),2012-08-23,2012-08-26,Likely Voters,1244,Automated Phone,Pollster,Dem,72,2012_14816_iowa,NA,NA,NA,NA
2012-iowa-president-romney-vs-obama,2012,iowa,44,46,6,5,14616,Rasmussen,2012-08-08,2012-08-08,Likely Voters,500,Automated Phone,Nonpartisan,None,90,2012_14616_iowa,NA,NA,NA,NA
2012-iowa-president-romney-vs-obama,2012,iowa,48,43,9,NA,14368,PPP (D),2012-07-12,2012-07-15,Likely Voters,1131,Automated Phone,Pollster,Dem,114,2012_14368_iowa,NA,NA,NA,NA
2012-iowa-president-romney-vs-obama,2012,iowa,45,44,11,NA,14130,We Ask America,2012-06-18,2012-06-18,Likely Voters,1086,Automated Phone,Nonpartisan,None,141,2012_14130_iowa,NA,NA,NA,NA
2012-iowa-president-romney-vs-obama,2012,iowa,46,47,4,3,14074,Rasmussen,2012-06-11,2012-06-11,Likely Voters,500,Automated Phone,Nonpartisan,None,148,2012_14074_iowa,NA,NA,NA,NA
2012-iowa-president-romney-vs-obama,2012,iowa,44,44,10,2,13959,NBC/Marist,2012-05-22,2012-05-24,Registered Voters,1106,Live Phone,Nonpartisan,None,166,2012_13959_iowa,NA,NA,NA,NA
2012-iowa-president-romney-vs-obama,2012,iowa,51,41,8,NA,13712,PPP (D),2012-05-03,2012-05-06,Likely Voters,1181,Automated Phone,Pollster,Dem,184,2012_13712_iowa,NA,NA,NA,NA
2012-iowa-president-romney-vs-obama,2012,iowa,44,46,4,6,13140,Des Moines Register/Selzer,2012-02-12,2012-02-15,Likely Voters,611,Live Phone,Nonpartisan,None,265,2012_13140_iowa,NA,NA,NA,NA
2012-florida-president-romney-vs-obama,2012,florida,49,49,NA,NA,16659,Gravis Marketing,2012-11-04,2012-11-05,Likely Voters,1060,Automated Phone,Nonpartisan,None,1,2012_16659_florida,NA,NA,NA,NA
2012-florida-president-romney-vs-obama,2012,florida,48,48,5,NA,16671,JZ Analytics/Newsmax,2012-11-03,2012-11-05,Likely Voters,876,Internet,Sponsor,Rep,1,2012_16671_florida,NA,NA,NA,NA
2012-florida-president-romney-vs-obama,2012,florida,47,48,4,1,16666,Ipsos/Reuters (Web),2012-11-03,2012-11-05,Likely Voters,769,Internet,Nonpartisan,None,1,2012_16666_florida,NA,NA,NA,NA
2012-florida-president-romney-vs-obama,2012,florida,47,52,1,NA,16631,InsiderAdvantage/Florida Times-Union,2012-11-04,2012-11-04,Likely Voters,437,Automated Phone,Nonpartisan,None,2,2012_16631_florida,NA,NA,NA,NA
2012-florida-president-romney-vs-obama,2012,florida,50,49,1,NA,16612,PPP (D),2012-11-03,2012-11-04,Likely Voters,955,Automated Phone,Pollster,Dem,2,2012_16612_florida,NA,NA,NA,NA
2012-florida-president-romney-vs-obama,2012,florida,49,49,NA,2,16661,Angus-Reid,2012-11-01,2012-11-03,Likely Voters,502,Internet,Nonpartisan,None,3,2012_16661_florida,NA,NA,NA,NA
2012-florida-president-romney-vs-obama,2012,florida,47,48,2,3,16575,YouGov,2012-10-31,2012-11-03,Likely Voters,1621,Internet,Nonpartisan,None,3,2012_16575_florida,NA,NA,NA,NA
2012-florida-president-romney-vs-obama,2012,florida,48,46,4,2,16479,Ipsos/Reuters (Web),2012-10-31,2012-11-02,Likely Voters,985,Internet,Nonpartisan,None,4,2012_16479_florida,NA,NA,NA,NA
2012-florida-president-romney-vs-obama,2012,florida,47,45,3,NA,16644,Mellman (D-Americans United for Change),2012-10-30,2012-11-02,Likely Voters,800,Live Phone,Sponsor,Dem,4,2012_16644_florida,NA,NA,NA,NA
2012-florida-president-romney-vs-obama,2012,florida,49,47,2,1,16488,NBC/WSJ/Marist,2012-10-31,2012-11-01,Likely Voters,1545,Live Phone,Nonpartisan,None,5,2012_16488_florida,NA,NA,NA,NA
2012-florida-president-romney-vs-obama,2012,florida,45,51,NA,NA,16487,Mason-Dixon,2012-10-30,2012-11-01,Likely Voters,800,Live Phone,Nonpartisan,None,5,2012_16487_florida,NA,NA,NA,NA
2012-florida-president-romney-vs-obama,2012,florida,49,50,NA,1,16393,We Ask America,2012-10-30,2012-10-30,Likely Voters,1146,Automated Phone,Nonpartisan,None,7,2012_16393_florida,NA,NA,NA,NA
2012-florida-president-romney-vs-obama,2012,florida,47,50,4,NA,16378,Gravis Marketing,2012-10-30,2012-10-30,Likely Voters,549,Automated Phone,Nonpartisan,None,7,2012_16378_florida,NA,NA,NA,NA
2012-florida-president-romney-vs-obama,2012,florida,48,47,5,NA,16401,JZ Analytics/Newsmax,2012-10-28,2012-10-30,Likely Voters,825,Internet,Sponsor,Rep,7,2012_16401_florida,NA,NA,NA,NA
2012-florida-president-romney-vs-obama,2012,florida,48,50,1,1,16601,Pulse Opinion Research/Let Freedom Ring (R),2012-10-29,2012-10-29,Likely Voters,1000,Automated Phone,Sponsor,Rep,8,2012_16601_florida,NA,NA,NA,NA
2012-florida-president-romney-vs-obama,2012,florida,48,47,5,1,16433,Grove Insight (D-Project New America/USAction),2012-10-28,2012-10-29,Likely Voters,600,Live Phone,Sponsor,Dem,8,2012_16433_florida,NA,NA,NA,NA
2012-florida-president-romney-vs-obama,2012,florida,49,48,3,NA,16256,PPP (D),2012-10-26,2012-10-28,Likely Voters,687,Automated Phone,Pollster,Dem,9,2012_16256_florida,NA,NA,NA,NA
2012-florida-president-romney-vs-obama,2012,florida,49,50,1,NA,16281,CNN,2012-10-25,2012-10-28,Likely Voters,770,Live Phone,Nonpartisan,None,9,2012_16281_florida,NA,NA,NA,NA
2012-florida-president-romney-vs-obama,2012,florida,48,47,3,1,16350,Quinnipiac/NYT/CBS,2012-10-23,2012-10-28,Likely Voters,1073,Live Phone,Nonpartisan,None,9,2012_16350_florida,NA,NA,NA,NA
2012-florida-president-romney-vs-obama,2012,florida,47,47,5,1,16309,SurveyUSA,2012-10-25,2012-10-27,Likely Voters,595,IVR/Online,Nonpartisan,None,10,2012_16309_florida,NA,NA,NA,NA
2012-florida-president-romney-vs-obama,2012,florida,49,47,4,NA,16418,Mellman (D-Americans United for Change),2012-10-24,2012-10-27,Likely Voters,800,Live Phone,Sponsor,Dem,10,2012_16418_florida,NA,NA,NA,NA
2012-florida-president-romney-vs-obama,2012,florida,48,50,1,NA,16197,Rasmussen,2012-10-25,2012-10-25,Likely Voters,750,Automated Phone,Nonpartisan,None,12,2012_16197_florida,NA,NA,NA,NA
2012-florida-president-romney-vs-obama,2012,florida,49,50,2,NA,16138,Gravis Marketing,2012-10-24,2012-10-24,Likely Voters,1182,Automated Phone,Nonpartisan,None,13,2012_16138_florida,NA,NA,NA,NA
2012-florida-president-romney-vs-obama,2012,florida,47,45,7,2,16157,Grove Insight (D-Project New America/USAction),2012-10-23,2012-10-24,Likely Voters,600,Live Phone,Sponsor,Dem,13,2012_16157_florida,NA,NA,NA,NA
2012-florida-president-romney-vs-obama,2012,florida,46,51,2,1,16181,Sunshine State News/VSS,2012-10-22,2012-10-24,Likely Voters,1001,Automated Phone,Nonpartisan,None,13,2012_16181_florida,NA,NA,NA,NA
2012-florida-president-romney-vs-obama,2012,florida,47,47,NA,NA,16249,Pharos Research Group,2012-10-19,2012-10-21,Likely Voters,759,Live Phone,Nonpartisan,None,16,2012_16249_florida,NA,NA,NA,NA
2012-florida-president-romney-vs-obama,2012,florida,47,47,6,NA,16075,Mellman (D-Americans United for Change),2012-10-18,2012-10-21,Likely Voters,800,Live Phone,Sponsor,Dem,16,2012_16075_florida,NA,NA,NA,NA
2012-florida-president-romney-vs-obama,2012,florida,46,51,NA,2,16041,Angus-Reid,2012-10-18,2012-10-20,Likely Voters,482,Internet,Nonpartisan,None,17,2012_16041_florida,NA,NA,NA,NA
2012-florida-president-romney-vs-obama,2012,florida,46,51,2,1,15971,Rasmussen,2012-10-18,2012-10-18,Likely Voters,750,Automated Phone,Nonpartisan,None,19,2012_15971_florida,NA,NA,NA,NA
2012-florida-president-romney-vs-obama,2012,florida,47,48,4,NA,15997,PPP (D)/WPTV/FL Democracy/TCPalm,2012-10-17,2012-10-18,Likely Voters,800,Automated Phone,Pollster,Dem,19,2012_15997_florida,NA,NA,NA,NA
2012-florida-president-romney-vs-obama,2012,florida,48,45,6,1,15995,Grove Insight (D-Project New America),2012-10-17,2012-10-18,Likely Voters,600,Live Phone,Pollster,Dem,19,2012_15995_florida,NA,NA,NA,NA
2012-florida-president-romney-vs-obama,2012,florida,47,46,5,2,15973,SurveyUSA,2012-10-17,2012-10-18,Likely Voters,600,IVR/Online,Nonpartisan,None,19,2012_15973_florida,NA,NA,NA,NA
2012-florida-president-romney-vs-obama,2012,florida,45,48,6,1,15969,FOX,2012-10-17,2012-10-18,Likely Voters,1215,Live Phone,Nonpartisan,None,19,2012_15969_florida,NA,NA,NA,NA
2012-florida-president-romney-vs-obama,2012,florida,48,49,2,1,15966,CNN,2012-10-17,2012-10-18,Likely Voters,681,Live Phone,Nonpartisan,None,19,2012_15966_florida,NA,NA,NA,NA
2012-florida-president-romney-vs-obama,2012,florida,48,42,10,NA,15974,JZ Analytics/Newsmax,2012-10-16,2012-10-18,Likely Voters,842,Internet,Sponsor,Rep,19,2012_15974_florida,NA,NA,NA,NA
2012-florida-president-romney-vs-obama,2012,florida,48,49,NA,3,15804,Gravis Marketing,2012-10-13,2012-10-14,Likely Voters,617,Automated Phone,Nonpartisan,None,23,2012_15804_florida,NA,NA,NA,NA
2012-florida-president-romney-vs-obama,2012,florida,48,49,3,NA,15774,PPP (D),2012-10-12,2012-10-14,Likely Voters,791,Automated Phone,Pollster,Dem,23,2012_15774_florida,NA,NA,NA,NA
2012-florida-president-romney-vs-obama,2012,florida,47,51,2,NA,15731,Rasmussen,2012-10-11,2012-10-11,Likely Voters,750,Automated Phone,Nonpartisan,None,26,2012_15731_florida,NA,NA,NA,NA
2012-florida-president-romney-vs-obama,2012,florida,46,49,4,1,15732,ARG,2012-10-08,2012-10-11,Likely Voters,600,Live Phone,Nonpartisan,None,26,2012_15732_florida,NA,NA,NA,NA
2012-florida-president-romney-vs-obama,2012,florida,48,47,2,3,15844,YouGov,2012-10-04,2012-10-11,Likely Voters,1244,Internet,Nonpartisan,None,26,2012_15844_florida,NA,NA,NA,NA
2012-florida-president-romney-vs-obama,2012,florida,44,51,4,1,15720,Mason-Dixon,2012-10-08,2012-10-10,Likely Voters,800,Live Phone,Nonpartisan,None,27,2012_15720_florida,NA,NA,NA,NA
2012-florida-president-romney-vs-obama,2012,florida,48,47,4,1,15677,NBC/WSJ/Marist,2012-10-07,2012-10-09,Likely Voters,988,Live Phone,Nonpartisan,None,28,2012_15677_florida,NA,NA,NA,NA
2012-florida-president-romney-vs-obama,2012,florida,49,45,4,2,15664,UNF,2012-10-01,2012-10-09,Likely Voters,653,Live Phone,Nonpartisan,None,28,2012_15664_florida,NA,NA,NA,NA
2012-florida-president-romney-vs-obama,2012,florida,47,49,3,0,15555,Rasmussen,2012-10-04,2012-10-04,Likely Voters,500,Automated Phone,Nonpartisan,None,33,2012_15555_florida,NA,NA,NA,NA
2012-florida-president-romney-vs-obama,2012,florida,46,49,4,1,15539,We Ask America,2012-10-04,2012-10-04,Likely Voters,1200,Automated Phone,Nonpartisan,None,33,2012_15539_florida,NA,NA,NA,NA
2012-florida-president-romney-vs-obama,2012,florida,47,46,6,1,15481,NBC/WSJ/Marist,2012-09-30,2012-10-01,Likely Voters,890,Live Phone,Nonpartisan,None,36,2012_15481_florida,NA,NA,NA,NA
2012-florida-president-romney-vs-obama,2012,florida,49,48,3,NA,15426,Gravis Marketing,2012-09-29,2012-09-30,Likely Voters,914,Automated Phone,Nonpartisan,None,37,2012_15426_florida,NA,NA,NA,NA
2012-florida-president-romney-vs-obama,2012,florida,46,43,8,3,15479,Suffolk,2012-09-27,2012-09-30,Likely Voters,600,Live Phone,Nonpartisan,None,37,2012_15479_florida,NA,NA,NA,NA
2012-florida-president-romney-vs-obama,2012,florida,49,46,4,1,15324,InsiderAdvantage/Florida Times-Union,2012-09-24,2012-09-24,Likely Voters,540,Automated Phone,Nonpartisan,None,43,2012_15324_florida,NA,NA,NA,NA
2012-florida-president-romney-vs-obama,2012,florida,53,44,3,1,15313,Quinnipiac/NYT/CBS,2012-09-18,2012-09-24,Likely Voters,1196,Live Phone,Nonpartisan,None,43,2012_15313_florida,NA,NA,NA,NA
2012-florida-president-romney-vs-obama,2012,florida,50,46,4,NA,15253,PPP (D),2012-09-20,2012-09-23,Likely Voters,861,Automated Phone,Pollster,Dem,44,2012_15253_florida,NA,NA,NA,NA
2012-florida-president-romney-vs-obama,2012,florida,51,47,1,2,15289,Washington Post,2012-09-19,2012-09-23,Likely Voters,769,Live Phone,Nonpartisan,None,44,2012_15289_florida,NA,NA,NA,NA
2012-florida-president-romney-vs-obama,2012,florida,50,45,4,1,15269,ARG,2012-09-20,2012-09-22,Likely Voters,600,Live Phone,Nonpartisan,None,45,2012_15269_florida,NA,NA,NA,NA
2012-florida-president-romney-vs-obama,2012,florida,48,47,4,1,15286,Mason-Dixon,2012-09-17,2012-09-19,Likely Voters,800,Live Phone,Nonpartisan,None,48,2012_15286_florida,NA,NA,NA,NA
2012-florida-president-romney-vs-obama,2012,florida,47,48,5,NA,15199,Purple Strategies,2012-09-15,2012-09-19,Likely Voters,600,IVR/Online,Nonpartisan,None,48,2012_15199_florida,NA,NA,NA,NA
2012-florida-president-romney-vs-obama,2012,florida,49,46,4,NA,15158,We Ask America,2012-09-18,2012-09-18,Likely Voters,1230,Automated Phone,Nonpartisan,None,49,2012_15158_florida,NA,NA,NA,NA
2012-florida-president-romney-vs-obama,2012,florida,49,44,5,2,15146,FOX,2012-09-16,2012-09-18,Likely Voters,829,Live Phone,Nonpartisan,None,49,2012_15146_florida,NA,NA,NA,NA
2012-florida-president-romney-vs-obama,2012,florida,47,48,5,NA,15096,Gravis Marketing,2012-09-15,2012-09-16,Likely Voters,1728,Automated Phone,Nonpartisan,None,51,2012_15096_florida,NA,NA,NA,NA
2012-florida-president-romney-vs-obama,2012,florida,49,47,2,3,15163,YouGov,2012-09-07,2012-09-14,Likely Voters,1415,Internet,Nonpartisan,None,53,2012_15163_florida,NA,NA,NA,NA
2012-florida-president-romney-vs-obama,2012,florida,48,46,3,3,15008,Rasmussen,2012-09-12,2012-09-12,Likely Voters,500,Automated Phone,Nonpartisan,None,55,2012_15008_florida,NA,NA,NA,NA
2012-florida-president-romney-vs-obama,2012,florida,44,48,9,NA,15173,Caddell/McLaughlin (R)/Secure America Now,2012-09-11,2012-09-12,Likely Voters,600,Live Phone,Pollster,Rep,55,2012_15173_florida,NA,NA,NA,NA
2012-florida-president-romney-vs-obama,2012,florida,49,44,5,1,15028,NBC/WSJ/Marist,2012-09-09,2012-09-11,Likely Voters,980,Live Phone,Nonpartisan,None,56,2012_15028_florida,NA,NA,NA,NA
2012-florida-president-romney-vs-obama,2012,florida,42,42,NA,NA,15038,Consensus Communications (R),2012-09-08,2012-09-11,Likely Voters,606,Live Phone,Pollster,Rep,56,2012_15038_florida,NA,NA,NA,NA
2012-florida-president-romney-vs-obama,2012,florida,47,50,3,NA,15012,McLaughlin (R)/AIF,2012-09-09,2012-09-10,Likely Voters,600,Live Phone,Pollster,Rep,57,2012_15012_florida,NA,NA,NA,NA
2012-florida-president-romney-vs-obama,2012,florida,48,44,5,2,14979,SurveyUSA,2012-09-07,2012-09-09,Likely Voters,596,IVR/Online,Nonpartisan,None,58,2012_14979_florida,NA,NA,NA,NA
2012-florida-president-romney-vs-obama,2012,florida,47,48,5,NA,14879,Gravis Marketing,2012-09-02,2012-09-02,Likely Voters,1288,Automated Phone,Nonpartisan,None,65,2012_14879_florida,NA,NA,NA,NA
2012-florida-president-romney-vs-obama,2012,florida,48,47,4,NA,14868,PPP (D),2012-08-31,2012-09-02,Likely Voters,1548,Automated Phone,Pollster,Dem,65,2012_14868_florida,NA,NA,NA,NA
2012-florida-president-romney-vs-obama,2012,florida,50,46,3,NA,14800,CNN/Time/ORC,2012-08-22,2012-08-26,Likely Voters,776,Live Phone,Nonpartisan,None,72,2012_14800_florida,NA,NA,NA,NA
2012-florida-president-romney-vs-obama,2012,florida,49,46,NA,1,14739,Quinnipiac/NYT/CBS,2012-08-15,2012-08-21,Likely Voters,1241,Live Phone,Nonpartisan,None,77,2012_14739_florida,NA,NA,NA,NA
2012-florida-president-romney-vs-obama,2012,florida,45,48,NA,NA,14737,Gravis Marketing,2012-08-20,2012-08-20,Likely Voters,728,Automated Phone,Nonpartisan,None,78,2012_14737_florida,NA,NA,NA,NA
2012-florida-president-romney-vs-obama,2012,florida,40,54,5,3,14708,FMWB (D),2012-08-17,2012-08-17,Likely Voters,1503,Automated Phone,Pollster,Dem,81,2012_14708_florida,NA,NA,NA,NA
2012-florida-president-romney-vs-obama,2012,florida,43,45,8,3,14675,Rasmussen,2012-08-15,2012-08-15,Likely Voters,500,Automated Phone,Nonpartisan,None,83,2012_14675_florida,NA,NA,NA,NA
2012-florida-president-romney-vs-obama,2012,florida,47,48,5,NA,14667,Purple Strategies,2012-08-13,2012-08-14,Likely Voters,600,Automated Phone,Nonpartisan,None,84,2012_14667_florida,NA,NA,NA,NA
2012-florida-president-romney-vs-obama,2012,florida,51,45,4,1,14519,Quinnipiac/NYT/CBS,2012-07-24,2012-07-30,Likely Voters,1177,Live Phone,Nonpartisan,None,99,2012_14519_florida,NA,NA,NA,NA
2012-florida-president-romney-vs-obama,2012,florida,48,47,5,NA,14511,PPP (D),2012-07-26,2012-07-29,Likely Voters,871,Automated Phone,Pollster,Dem,100,2012_14511_florida,NA,NA,NA,NA
2012-florida-president-romney-vs-obama,2012,florida,48,43,5,4,14406,SurveyUSA,2012-07-17,2012-07-19,Likely Voters,647,IVR/Online,Nonpartisan,None,110,2012_14406_florida,NA,NA,NA,NA
2012-florida-president-romney-vs-obama,2012,florida,45,48,7,NA,14357,Purple Strategies,2012-07-09,2012-07-13,Likely Voters,600,Automated Phone,Nonpartisan,None,116,2012_14357_florida,NA,NA,NA,NA
2012-florida-president-romney-vs-obama,2012,florida,46,45,7,2,14349,Mason-Dixon,2012-07-09,2012-07-11,Likely Voters,800,Live Phone,Nonpartisan,None,118,2012_14349_florida,NA,NA,NA,NA
2012-florida-president-romney-vs-obama,2012,florida,45,46,4,5,14288,Rasmussen,2012-07-09,2012-07-09,Likely Voters,500,Automated Phone,Nonpartisan,None,120,2012_14288_florida,NA,NA,NA,NA
2012-florida-president-romney-vs-obama,2012,florida,48,44,NA,NA,14321,Garin-Hart-Yang (D-Priorities USA),2012-06-25,2012-07-03,Likely Voters,803,Live Phone,Sponsor,Dem,126,2012_14321_florida,NA,NA,NA,NA
2012-florida-president-romney-vs-obama,2012,florida,46,45,9,NA,14241,We Ask America,2012-07-01,2012-07-02,Likely Voters,1127,Automated Phone,Nonpartisan,None,127,2012_14241_florida,NA,NA,NA,NA
2012-florida-president-romney-vs-obama,2012,florida,45,41,12,2,14187,Quinnipiac,2012-06-19,2012-06-25,Registered Voters,1200,Live Phone,Nonpartisan,None,134,2012_14187_florida,NA,NA,NA,NA
2012-florida-president-romney-vs-obama,2012,florida,46,42,9,2,14141,Quinnipiac,2012-06-12,2012-06-18,Registered Voters,1697,Live Phone,Nonpartisan,None,141,2012_14141_florida,NA,NA,NA,NA
2012-florida-president-romney-vs-obama,2012,florida,45,49,6,NA,14037,Purple Strategies,2012-05-31,2012-06-05,Likely Voters,600,Automated Phone,Nonpartisan,None,154,2012_14037_florida,NA,NA,NA,NA
2012-florida-president-romney-vs-obama,2012,florida,50,46,4,NA,14009,PPP (D),2012-05-31,2012-06-03,Likely Voters,642,Automated Phone,Pollster,Dem,156,2012_14009_florida,NA,NA,NA,NA
2012-florida-president-romney-vs-obama,2012,florida,41,47,10,2,13872,Quinnipiac,2012-05-15,2012-05-21,Registered Voters,1722,Live Phone,Nonpartisan,None,169,2012_13872_florida,NA,NA,NA,NA
2012-florida-president-romney-vs-obama,2012,florida,48,44,7,1,13891,NBC/Marist,2012-05-17,2012-05-20,Registered Voters,1078,Live Phone,Nonpartisan,None,170,2012_13891_florida,NA,NA,NA,NA
2012-florida-president-romney-vs-obama,2012,florida,46,45,8,2,13725,Suffolk,2012-05-06,2012-05-08,Registered Voters,600,Live Phone,Nonpartisan,None,182,2012_13725_florida,NA,NA,NA,NA
2012-florida-president-romney-vs-obama,2012,florida,43,44,11,3,13677,Quinnipiac,2012-04-25,2012-05-01,Registered Voters,1169,Live Phone,Nonpartisan,None,189,2012_13677_florida,NA,NA,NA,NA
2012-florida-president-romney-vs-obama,2012,florida,45,46,3,6,13635,Rasmussen,2012-04-25,2012-04-25,Likely Voters,500,Automated Phone,Nonpartisan,None,195,2012_13635_florida,NA,NA,NA,NA
2012-florida-president-romney-vs-obama,2012,florida,45,47,7,NA,13618,Purple Strategies,2012-04-19,2012-04-23,Likely Voters,600,Automated Phone,Nonpartisan,None,197,2012_13618_florida,NA,NA,NA,NA
2012-florida-president-romney-vs-obama,2012,florida,45,43,11,2,13570,FOX,2012-04-15,2012-04-17,Registered Voters,757,Live Phone,Nonpartisan,None,203,2012_13570_florida,NA,NA,NA,NA
2012-florida-president-romney-vs-obama,2012,florida,50,45,5,NA,13541,PPP (D),2012-04-12,2012-04-15,Likely Voters,700,Automated Phone,Pollster,Dem,205,2012_13541_florida,NA,NA,NA,NA
2012-florida-president-romney-vs-obama,2012,florida,49,42,5,2,13368,Quinnipiac,2012-03-20,2012-03-26,Registered Voters,1228,Live Phone,Nonpartisan,None,225,2012_13368_florida,NA,NA,NA,NA
2012-florida-president-romney-vs-obama,2012,florida,46,43,4,7,13220,Rasmussen,2012-03-13,2012-03-13,Likely Voters,500,Automated Phone,Nonpartisan,None,238,2012_13220_florida,NA,NA,NA,NA
2012-florida-president-romney-vs-obama,2012,florida,47,44,3,5,12832,Rasmussen,2012-02-09,2012-02-09,Likely Voters,500,Automated Phone,Nonpartisan,None,271,2012_12832_florida,NA,NA,NA,NA
2012-florida-president-romney-vs-obama,2012,florida,49,41,10,NA,12652,Marist College,2012-01-25,2012-01-27,Likely Voters,1379,Live Phone,Nonpartisan,None,284,2012_12652_florida,NA,NA,NA,NA
2012-florida-president-romney-vs-obama,2012,florida,44,48,NA,NA,12651,Mason-Dixon,2012-01-24,2012-01-26,Likely Voters,800,Live Phone,Nonpartisan,None,285,2012_12651_florida,NA,NA,NA,NA
2012-florida-president-romney-vs-obama,2012,florida,42,47,10,1,12640,Suffolk,2012-01-22,2012-01-24,Registered Voters,600,Live Phone,Nonpartisan,None,287,2012_12640_florida,NA,NA,NA,NA
2012-florida-president-romney-vs-obama,2012,florida,45,45,6,2,12639,Quinnipiac,2012-01-19,2012-01-23,Registered Voters,1518,Live Phone,Nonpartisan,None,288,2012_12639_florida,NA,NA,NA,NA
2012-florida-president-romney-vs-obama,2012,florida,46,45,9,NA,12580,Tarrance (R-Walker),2012-01-17,2012-01-18,Likely Voters,607,Live Phone,Pollster,Rep,293,2012_12580_florida,NA,NA,NA,NA
2012-florida-president-romney-vs-obama,2012,florida,43,46,6,2,12445,Quinnipiac,2012-01-04,2012-01-08,Registered Voters,1412,Live Phone,Nonpartisan,None,303,2012_12445_florida,NA,NA,NA,NA
2012-colorado-president-romney-vs-obama,2012,colorado,48,47,1,3,16667,Ipsos/Reuters (Web),2012-11-03,2012-11-05,Likely Voters,774,Internet,Nonpartisan,None,1,2012_16667_colorado,NA,NA,NA,NA
2012-colorado-president-romney-vs-obama,2012,colorado,52,46,3,NA,16643,PPP (D),2012-11-03,2012-11-04,Likely Voters,1096,Automated Phone,Pollster,Dem,2,2012_16643_colorado,NA,NA,NA,NA
2012-colorado-president-romney-vs-obama,2012,colorado,50,46,2,2,16668,OnSight/Keating (D),2012-11-02,2012-11-04,Likely Voters,603,Live Phone,Sponsor,Dem,2,2012_16668_colorado,NA,NA,NA,NA
2012-colorado-president-romney-vs-obama,2012,colorado,45,44,9,3,16626,Lake Research (D),2012-10-31,2012-11-04,Likely Voters,400,Live Phone,Pollster,Dem,2,2012_16626_colorado,NA,NA,NA,NA
2012-colorado-president-romney-vs-obama,2012,colorado,48,47,2,3,16585,YouGov,2012-10-31,2012-11-03,Likely Voters,752,Internet,Nonpartisan,None,3,2012_16585_colorado,NA,NA,NA,NA
2012-colorado-president-romney-vs-obama,2012,colorado,46,46,4,4,16481,Ipsos/Reuters (Web),2012-10-31,2012-11-02,Likely Voters,1052,Internet,Nonpartisan,None,4,2012_16481_colorado,NA,NA,NA,NA
2012-colorado-president-romney-vs-obama,2012,colorado,50,46,4,NA,16462,PPP (D-LCV),2012-10-31,2012-11-01,Likely Voters,825,Automated Phone,Sponsor,Dem,5,2012_16462_colorado,NA,NA,NA,NA
2012-colorado-president-romney-vs-obama,2012,colorado,47,45,NA,NA,16465,Denver Post/SurveyUSA,2012-10-28,2012-10-31,Likely Voters,695,Mixed,Nonpartisan,None,6,2012_16465_colorado,NA,NA,NA,NA
2012-colorado-president-romney-vs-obama,2012,colorado,50,48,2,NA,16434,CNN,2012-10-26,2012-10-31,Likely Voters,764,Live Phone,Nonpartisan,None,6,2012_16434_colorado,NA,NA,NA,NA
2012-colorado-president-romney-vs-obama,2012,colorado,50,47,NA,3,16392,We Ask America,2012-10-30,2012-10-30,Likely Voters,1246,Automated Phone,Nonpartisan,None,7,2012_16392_colorado,NA,NA,NA,NA
2012-colorado-president-romney-vs-obama,2012,colorado,47,50,1,2,16443,Rasmussen,2012-10-29,2012-10-29,Likely Voters,750,Automated Phone,Nonpartisan,None,8,2012_16443_colorado,NA,NA,NA,NA
2012-colorado-president-romney-vs-obama,2012,colorado,48,45,6,1,16374,Grove Insight (D-Project New America/USAction),2012-10-28,2012-10-29,Likely Voters,500,Live Phone,Sponsor,Dem,8,2012_16374_colorado,NA,NA,NA,NA
2012-colorado-president-romney-vs-obama,2012,colorado,47,48,4,1,16277,ARG,2012-10-25,2012-10-28,Likely Voters,600,Live Phone,Nonpartisan,None,9,2012_16277_colorado,NA,NA,NA,NA
2012-colorado-president-romney-vs-obama,2012,colorado,47,46,5,1,16206,Purple Strategies,2012-10-23,2012-10-25,Likely Voters,600,IVR/Online,Nonpartisan,None,12,2012_16206_colorado,NA,NA,NA,NA
2012-colorado-president-romney-vs-obama,2012,colorado,51,47,2,NA,16172,PPP (D),2012-10-23,2012-10-25,Likely Voters,904,Automated Phone,Pollster,Dem,12,2012_16172_colorado,NA,NA,NA,NA
2012-colorado-president-romney-vs-obama,2012,colorado,48,45,NA,NA,16176,OnSight/Keating (D),2012-10-23,2012-10-24,Likely Voters,502,Live Phone,Sponsor,Dem,13,2012_16176_colorado,NA,NA,NA,NA
2012-colorado-president-romney-vs-obama,2012,colorado,48,48,2,2,16175,NBC/WSJ/Marist,2012-10-23,2012-10-24,Likely Voters,1128,Live Phone,Nonpartisan,None,13,2012_16175_colorado,NA,NA,NA,NA
2012-colorado-president-romney-vs-obama,2012,colorado,46,43,8,3,16156,Grove Insight (D-Project New America/USAction),2012-10-23,2012-10-24,Likely Voters,500,Live Phone,Sponsor,Dem,13,2012_16156_colorado,NA,NA,NA,NA
2012-colorado-president-romney-vs-obama,2012,colorado,46,50,1,2,16022,Rasmussen,2012-10-21,2012-10-21,Likely Voters,500,Automated Phone,Nonpartisan,None,16,2012_16022_colorado,NA,NA,NA,NA
2012-colorado-president-romney-vs-obama,2012,colorado,50,47,3,NA,15931,PPP (D),2012-10-16,2012-10-18,Likely Voters,1000,Automated Phone,Pollster,Dem,19,2012_15931_colorado,NA,NA,NA,NA
2012-colorado-president-romney-vs-obama,2012,colorado,47,44,7,2,15897,Grove Insight (D-Project New America),2012-10-15,2012-10-16,Likely Voters,500,Live Phone,Pollster,Dem,21,2012_15897_colorado,NA,NA,NA,NA
2012-colorado-president-romney-vs-obama,2012,colorado,47,48,4,1,15821,We Ask America,2012-10-15,2012-10-15,Likely Voters,1206,Automated Phone,Nonpartisan,None,22,2012_15821_colorado,NA,NA,NA,NA
2012-colorado-president-romney-vs-obama,2012,colorado,48,46,6,NA,15777,Gravis Marketing,2012-10-05,2012-10-11,Likely Voters,2089,Automated Phone,Nonpartisan,None,26,2012_15777_colorado,NA,NA,NA,NA
2012-colorado-president-romney-vs-obama,2012,colorado,48,45,5,2,15842,YouGov,2012-10-04,2012-10-11,Likely Voters,527,Internet,Nonpartisan,None,26,2012_15842_colorado,NA,NA,NA,NA
2012-colorado-president-romney-vs-obama,2012,colorado,45,46,5,3,15754,Denver Post/SurveyUSA,2012-10-09,2012-10-10,Likely Voters,614,IVR/Online,Nonpartisan,None,27,2012_15754_colorado,NA,NA,NA,NA
2012-colorado-president-romney-vs-obama,2012,colorado,47,48,2,2,15680,Quinnipiac/NYT/CBS,2012-10-04,2012-10-09,Likely Voters,1254,Live Phone,Nonpartisan,None,28,2012_15680_colorado,NA,NA,NA,NA
2012-colorado-president-romney-vs-obama,2012,colorado,46,50,3,1,15628,ARG,2012-10-05,2012-10-08,Likely Voters,600,Live Phone,Nonpartisan,None,29,2012_15628_colorado,NA,NA,NA,NA
2012-colorado-president-romney-vs-obama,2012,colorado,49,48,2,1,15583,Rasmussen,2012-10-07,2012-10-07,Likely Voters,500,Automated Phone,Nonpartisan,None,30,2012_15583_colorado,NA,NA,NA,NA
2012-colorado-president-romney-vs-obama,2012,colorado,47,43,5,4,15567,Selzer/University of Denver,2012-10-04,2012-10-05,Likely Voters,604,Live Phone,Nonpartisan,None,32,2012_15567_colorado,NA,NA,NA,NA
2012-colorado-president-romney-vs-obama,2012,colorado,46,49,5,NA,15569,Gravis Marketing,2012-10-03,2012-10-04,Likely Voters,1285,Automated Phone,Nonpartisan,None,33,2012_15569_colorado,NA,NA,NA,NA
2012-colorado-president-romney-vs-obama,2012,colorado,46,50,4,NA,15545,McLaughlin (R-American Conservative Union),2012-09-30,2012-10-02,Likely Voters,300,Live Phone,Sponsor,Rep,35,2012_15545_colorado,NA,NA,NA,NA
2012-colorado-president-romney-vs-obama,2012,colorado,49,46,4,1,15444,We Ask America,2012-09-25,2012-09-27,Likely Voters,1273,Automated Phone,Nonpartisan,None,40,2012_15444_colorado,NA,NA,NA,NA
2012-colorado-president-romney-vs-obama,2012,colorado,51,45,4,NA,15254,PPP (D),2012-09-20,2012-09-23,Likely Voters,940,Automated Phone,Pollster,Dem,44,2012_15254_colorado,NA,NA,NA,NA
2012-colorado-president-romney-vs-obama,2012,colorado,50,46,4,NA,15345,Gravis Marketing,2012-09-21,2012-09-22,Likely Voters,765,Automated Phone,Nonpartisan,None,45,2012_15345_colorado,NA,NA,NA,NA
2012-colorado-president-romney-vs-obama,2012,colorado,48,45,7,NA,15197,Purple Strategies,2012-09-15,2012-09-19,Likely Voters,600,IVR/Online,Nonpartisan,None,48,2012_15197_colorado,NA,NA,NA,NA
2012-colorado-president-romney-vs-obama,2012,colorado,50,45,4,1,15196,NBC/WSJ/Marist,2012-09-16,2012-09-18,Likely Voters,971,Live Phone,Nonpartisan,None,49,2012_15196_colorado,NA,NA,NA,NA
2012-colorado-president-romney-vs-obama,2012,colorado,45,47,6,2,15104,Rasmussen,2012-09-17,2012-09-17,Likely Voters,500,Automated Phone,Nonpartisan,None,50,2012_15104_colorado,NA,NA,NA,NA
2012-colorado-president-romney-vs-obama,2012,colorado,48,47,3,2,15120,Quinnipiac/NYT/CBS,2012-09-11,2012-09-17,Likely Voters,1497,Live Phone,Nonpartisan,None,50,2012_15120_colorado,NA,NA,NA,NA
2012-colorado-president-romney-vs-obama,2012,colorado,50,45,2,3,15151,YouGov,2012-09-07,2012-09-14,Likely Voters,707,Internet,Nonpartisan,None,53,2012_15151_colorado,NA,NA,NA,NA
2012-colorado-president-romney-vs-obama,2012,colorado,49,47,3,1,15010,ARG,2012-09-10,2012-09-12,Likely Voters,600,Live Phone,Nonpartisan,None,55,2012_15010_colorado,NA,NA,NA,NA
2012-colorado-president-romney-vs-obama,2012,colorado,45,44,7,4,15050,Denver Post/SurveyUSA,2012-09-09,2012-09-12,Likely Voters,615,IVR/Online,Nonpartisan,None,55,2012_15050_colorado,NA,NA,NA,NA
2012-colorado-president-romney-vs-obama,2012,colorado,49,44,NA,NA,15011,OnSight/Project New America/Keating (D),2012-09-10,2012-09-11,Likely Voters,503,Live Phone,Sponsor,Dem,56,2012_15011_colorado,NA,NA,NA,NA
2012-colorado-president-romney-vs-obama,2012,colorado,49,46,5,NA,14870,PPP (D),2012-08-31,2012-09-02,Likely Voters,1001,Automated Phone,Pollster,Dem,65,2012_14870_colorado,NA,NA,NA,NA
2012-colorado-president-romney-vs-obama,2012,colorado,48,44,5,2,14767,OnSight/Keating (D),2012-08-21,2012-08-22,Likely Voters,500,Live Phone,Sponsor,Dem,76,2012_14767_colorado,NA,NA,NA,NA
2012-colorado-president-romney-vs-obama,2012,colorado,49,46,5,NA,14665,Purple Strategies,2012-08-13,2012-08-14,Likely Voters,600,Automated Phone,Nonpartisan,None,84,2012_14665_colorado,NA,NA,NA,NA
2012-colorado-president-romney-vs-obama,2012,colorado,45,46,NA,NA,14784,Gravis Marketing,2012-08-09,2012-08-09,Likely Voters,607,Automated Phone,Nonpartisan,None,89,2012_14784_colorado,NA,NA,NA,NA
2012-colorado-president-romney-vs-obama,2012,colorado,47,47,2,3,14579,Rasmussen,2012-08-06,2012-08-06,Likely Voters,500,Automated Phone,Nonpartisan,None,92,2012_14579_colorado,NA,NA,NA,NA
2012-colorado-president-romney-vs-obama,2012,colorado,45,50,4,1,14584,Quinnipiac/NYT/CBS,2012-07-31,2012-08-06,Likely Voters,1463,Live Phone,Nonpartisan,None,92,2012_14584_colorado,NA,NA,NA,NA
2012-colorado-president-romney-vs-obama,2012,colorado,49,43,7,NA,14583,PPP (D),2012-08-02,2012-08-05,Likely Voters,799,Automated Phone,Pollster,Dem,93,2012_14583_colorado,NA,NA,NA,NA
2012-colorado-president-romney-vs-obama,2012,colorado,45,44,11,NA,14355,Purple Strategies,2012-07-09,2012-07-13,Likely Voters,600,Automated Phone,Nonpartisan,None,116,2012_14355_colorado,NA,NA,NA,NA
2012-colorado-president-romney-vs-obama,2012,colorado,49,42,NA,NA,14320,Garin-Hart-Yang (D-Priorities USA),2012-06-25,2012-07-03,Likely Voters,600,Live Phone,Sponsor,Dem,126,2012_14320_colorado,NA,NA,NA,NA
2012-colorado-president-romney-vs-obama,2012,colorado,47,43,10,NA,14174,We Ask America,2012-06-25,2012-06-25,Likely Voters,1083,Automated Phone,Nonpartisan,None,134,2012_14174_colorado,NA,NA,NA,NA
2012-colorado-president-romney-vs-obama,2012,colorado,49,42,8,NA,14119,PPP (D),2012-06-14,2012-06-17,Likely Voters,799,Automated Phone,Pollster,Dem,142,2012_14119_colorado,NA,NA,NA,NA
2012-colorado-president-romney-vs-obama,2012,colorado,45,45,5,6,14026,Rasmussen,2012-06-06,2012-06-06,Likely Voters,500,Automated Phone,Nonpartisan,None,153,2012_14026_colorado,NA,NA,NA,NA
2012-colorado-president-romney-vs-obama,2012,colorado,48,46,5,NA,14034,Purple Strategies,2012-05-31,2012-06-05,Likely Voters,600,Automated Phone,Nonpartisan,None,154,2012_14034_colorado,NA,NA,NA,NA
2012-colorado-president-romney-vs-obama,2012,colorado,46,45,8,1,13960,NBC/Marist,2012-05-22,2012-05-24,Registered Voters,1030,Live Phone,Nonpartisan,None,166,2012_13960_colorado,NA,NA,NA,NA
2012-colorado-president-romney-vs-obama,2012,colorado,48,44,NA,NA,13928,Project New America,2012-05-21,2012-05-24,Likely Voters,601,Automated Phone,Pollster,Dem,166,2012_13928_colorado,NA,NA,NA,NA
2012-colorado-president-romney-vs-obama,2012,colorado,47,47,6,NA,13616,Purple Strategies,2012-04-19,2012-04-23,Likely Voters,600,Automated Phone,Nonpartisan,None,197,2012_13616_colorado,NA,NA,NA,NA
2012-colorado-president-romney-vs-obama,2012,colorado,53,40,7,NA,13490,PPP (D),2012-04-05,2012-04-07,Registered Voters,542,Automated Phone,Pollster,Dem,213,2012_13490_colorado,NA,NA,NA,NA
2012-arizona-president-romney-vs-obama,2012,arizona,46,53,1,NA,16560,PPP (D),2012-11-02,2012-11-03,Likely Voters,1080,Automated Phone,Pollster,Dem,3,2012_16560_arizona,NA,NA,NA,NA
2012-arizona-president-romney-vs-obama,2012,arizona,44,52,3,2,16586,YouGov,2012-10-31,2012-11-03,Likely Voters,702,Internet,Nonpartisan,None,3,2012_16586_arizona,NA,NA,NA,NA
2012-arizona-president-romney-vs-obama,2012,arizona,44,52,2,2,16184,Rasmussen/CBS 5,2012-10-21,2012-10-21,Likely Voters,500,Automated Phone,Nonpartisan,None,16,2012_16184_arizona,NA,NA,NA,NA
2012-arizona-president-romney-vs-obama,2012,arizona,43,52,3,2,15861,YouGov,2012-10-04,2012-10-11,Likely Voters,469,Internet,Nonpartisan,None,26,2012_15861_arizona,NA,NA,NA,NA
2012-arizona-president-romney-vs-obama,2012,arizona,42,40,13,5,15765,Behavior Research Center,2012-10-04,2012-10-10,Registered Voters,523,Live Phone,Nonpartisan,None,27,2012_15765_arizona,NA,NA,NA,NA
2012-arizona-president-romney-vs-obama,2012,arizona,44,53,3,NA,15503,PPP (D),2012-10-01,2012-10-03,Likely Voters,595,Automated Phone,Pollster,Dem,34,2012_15503_arizona,NA,NA,NA,NA
2012-arizona-president-romney-vs-obama,2012,arizona,42,46,9,4,15409,Moore Information (R-HighGround),2012-09-25,2012-09-26,Likely Voters,500,Live Phone,Sponsor,Rep,41,2012_15409_arizona,NA,NA,NA,NA
2012-arizona-president-romney-vs-obama,2012,arizona,42,52,2,4,15328,Rasmussen,2012-09-25,2012-09-25,Likely Voters,500,Automated Phone,Nonpartisan,None,42,2012_15328_arizona,NA,NA,NA,NA
2012-arizona-president-romney-vs-obama,2012,arizona,45,48,7,NA,15204,Purple Strategies,2012-09-15,2012-09-19,Likely Voters,600,IVR/Online,Nonpartisan,None,48,2012_15204_arizona,NA,NA,NA,NA
2012-arizona-president-romney-vs-obama,2012,arizona,41,51,4,4,15230,YouGov,2012-09-07,2012-09-14,Likely Voters,628,Internet,Nonpartisan,None,53,2012_15230_arizona,NA,NA,NA,NA
2012-arizona-president-romney-vs-obama,2012,arizona,44,53,4,NA,14970,PPP (D-League of Conservation Voters),2012-09-07,2012-09-09,Likely Voters,993,Automated Phone,Sponsor,Dem,58,2012_14970_arizona,NA,NA,NA,NA
2012-arizona-president-romney-vs-obama,2012,arizona,41,52,7,NA,14523,PPP (D-League of Conservation Voters),2012-07-23,2012-07-25,Likely Voters,833,Automated Phone,Sponsor,Dem,104,2012_14523_arizona,NA,NA,NA,NA
2012-arizona-president-romney-vs-obama,2012,arizona,41,54,2,3,14196,Rasmussen,2012-06-26,2012-06-26,Likely Voters,500,Automated Phone,Nonpartisan,None,133,2012_14196_arizona,NA,NA,NA,NA
2012-arizona-president-romney-vs-obama,2012,arizona,46,49,5,NA,14127,PPP (D),2012-06-04,2012-06-05,Likely Voters,791,Automated Phone,Pollster,Dem,154,2012_14127_arizona,NA,NA,NA,NA
2012-arizona-president-romney-vs-obama,2012,arizona,43,50,8,NA,13883,PPP (D),2012-05-17,2012-05-20,Registered Voters,500,Automated Phone,Pollster,Dem,170,2012_13883_arizona,NA,NA,NA,NA
2012-arizona-president-romney-vs-obama,2012,arizona,43,52,5,NA,13685,Magellan (R),2012-04-30,2012-05-02,Likely Voters,909,Automated Phone,Pollster,Rep,188,2012_13685_arizona,NA,NA,NA,NA
2012-arizona-president-romney-vs-obama,2012,arizona,40,42,18,NA,13605,ASU - Merrill/Morrison Institute,2012-04-10,2012-04-20,Registered Voters,488,Live Phone,Nonpartisan,None,200,2012_13605_arizona,NA,NA,NA,NA
2012-arizona-president-romney-vs-obama,2012,arizona,42,40,18,NA,13613,Behavior Research Center,2012-04-09,2012-04-17,Registered Voters,511,Live Phone,Nonpartisan,None,203,2012_13613_arizona,NA,NA,NA,NA
2012-arizona-president-romney-vs-obama,2012,arizona,40,51,2,7,13221,Rasmussen,2012-03-13,2012-03-13,Likely Voters,500,Automated Phone,Nonpartisan,None,238,2012_13221_arizona,NA,NA,NA,NA
2012-arizona-president-romney-vs-obama,2012,arizona,40,45,15,NA,12990,NBC/Marist,2012-02-19,2012-02-20,Registered Voters,1265,Live Phone,Nonpartisan,None,260,2012_12990_arizona,NA,NA,NA,NA
2012-arizona-president-romney-vs-obama,2012,arizona,47,47,6,NA,12966,PPP (D),2012-02-17,2012-02-19,Registered Voters,743,Automated Phone,Pollster,Dem,261,2012_12966_arizona,NA,NA,NA,NA
2012-arizona-president-romney-vs-obama,2012,arizona,37,43,20,NA,12520,Behavior Research Center,2012-01-05,2012-01-09,Registered Voters,553,Live Phone,Nonpartisan,None,302,2012_12520_arizona,NA,NA,NA,NA
2016-washington-d-c-president-trump-vs-clinton,2016,washington-dc,NA,NA,2,6,26807,SurveyMonkey,2016-11-01,2016-11-07,Likely Voters,310,Internet,Nonpartisan,None,1,2016_26807_washington-dc,7,85,NA,NA
2016-washington-d-c-president-trump-vs-clinton,2016,washington-dc,NA,NA,3,NA,26793,UPI/CVOTER,2016-10-30,2016-11-06,Likely Voters,312,Internet,Nonpartisan,None,2,2016_26793_washington-dc,6,92,NA,NA
2016-washington-d-c-president-trump-vs-clinton,2016,washington-dc,NA,NA,1,7,26596,SurveyMonkey,2016-10-25,2016-10-31,Likely Voters,332,Internet,Nonpartisan,None,8,2016_26596_washington-dc,4,88,NA,NA
2016-washington-d-c-president-trump-vs-clinton,2016,washington-dc,NA,NA,6,NA,26592,UPI/CVOTER,2016-10-23,2016-10-29,Likely Voters,310,Internet,Nonpartisan,None,10,2016_26592_washington-dc,13,81,NA,NA
2016-washington-d-c-president-trump-vs-clinton,2016,washington-dc,NA,NA,2,5,26441,SurveyMonkey,2016-10-18,2016-10-24,Likely Voters,504,Internet,Nonpartisan,None,15,2016_26441_washington-dc,5,88,NA,NA
2016-wyoming-president-trump-vs-clinton,2016,wyoming,NA,NA,5,NA,26793,UPI/CVOTER,2016-10-30,2016-11-06,Likely Voters,320,Internet,Nonpartisan,None,2,2016_26793_wyoming,67,28,NA,NA
2016-wyoming-president-trump-vs-clinton,2016,wyoming,NA,NA,4,NA,26596,SurveyMonkey,2016-10-25,2016-10-31,Likely Voters,251,Internet,Nonpartisan,None,8,2016_26596_wyoming,62,22,NA,NA
2016-wyoming-president-trump-vs-clinton,2016,wyoming,NA,NA,5,NA,26592,UPI/CVOTER,2016-10-23,2016-10-29,Likely Voters,311,Internet,Nonpartisan,None,10,2016_26592_wyoming,65,30,NA,NA
2016-wyoming-president-trump-vs-clinton,2016,wyoming,NA,NA,5,NA,26441,SurveyMonkey,2016-10-18,2016-10-24,Likely Voters,361,Internet,Nonpartisan,None,15,2016_26441_wyoming,59,25,NA,NA
2016-wyoming-president-trump-vs-clinton,2016,wyoming,NA,NA,15,NA,25602,DFM Research (D-Greene),2016-09-06,2016-09-11,Likely Voters,402,Live Phone,Sponsor,Dem,58,2016_25602_wyoming,54,19,NA,NA
2016-wyoming-president-trump-vs-clinton,2016,wyoming,NA,NA,8,NA,25396,WashPost/SurveyMonkey,2016-08-09,2016-09-01,Registered Voters,727,Internet,Nonpartisan,None,68,2016_25396_wyoming,65,27,NA,NA
2016-west-virginia-president-trump-vs-clinton,2016,west-virginia,NA,NA,5,10,26807,SurveyMonkey,2016-11-01,2016-11-07,Likely Voters,472,Internet,Nonpartisan,None,1,2016_26807_west-virginia,56,29,NA,NA
2016-west-virginia-president-trump-vs-clinton,2016,west-virginia,NA,NA,NA,10,26793,UPI/CVOTER,2016-10-30,2016-11-06,Likely Voters,309,Internet,Nonpartisan,None,2,2016_26793_west-virginia,56,34,NA,NA
2016-west-virginia-president-trump-vs-clinton,2016,west-virginia,NA,NA,8,NA,26806,Ipsos/Reuters,2016-10-17,2016-11-06,Likely Voters,422,Internet,Nonpartisan,None,2,2016_26806_west-virginia,58,34,NA,NA
2016-west-virginia-president-trump-vs-clinton,2016,west-virginia,NA,NA,3,12,26596,SurveyMonkey,2016-10-25,2016-10-31,Likely Voters,321,Internet,Nonpartisan,None,8,2016_26596_west-virginia,58,27,NA,NA
2016-west-virginia-president-trump-vs-clinton,2016,west-virginia,NA,NA,NA,5,26592,UPI/CVOTER,2016-10-23,2016-10-29,Likely Voters,311,Internet,Nonpartisan,None,10,2016_26592_west-virginia,59,36,NA,NA
2016-west-virginia-president-trump-vs-clinton,2016,west-virginia,NA,NA,1,9,26441,SurveyMonkey,2016-10-18,2016-10-24,Likely Voters,379,Internet,Nonpartisan,None,15,2016_26441_west-virginia,61,29,NA,NA
2016-west-virginia-president-trump-vs-clinton,2016,west-virginia,NA,NA,5,NA,26344,Ipsos/Reuters,2016-09-23,2016-10-13,Likely Voters,360,Internet,Nonpartisan,None,26,2016_26344_west-virginia,54,41,NA,NA
2016-west-virginia-president-trump-vs-clinton,2016,west-virginia,NA,NA,9,NA,26136,Ipsos/Reuters,2016-09-16,2016-10-06,Likely Voters,371,Internet,Nonpartisan,None,33,2016_26136_west-virginia,55,36,NA,NA
2016-west-virginia-president-trump-vs-clinton,2016,west-virginia,NA,NA,12,NA,25975,Garin-Hart-Yang (D-Reynolds),2016-09-13,2016-09-17,Likely Voters,500,Live Phone,Sponsor,Dem,52,2016_25975_west-virginia,60,28,NA,NA
2016-west-virginia-president-trump-vs-clinton,2016,west-virginia,NA,NA,12,NA,25575,Ipsos/Reuters,2016-08-26,2016-09-15,Likely Voters,295,Internet,Nonpartisan,None,54,2016_25575_west-virginia,49,39,NA,NA
2016-west-virginia-president-trump-vs-clinton,2016,west-virginia,NA,NA,10,NA,25395,WashPost/SurveyMonkey,2016-08-09,2016-09-01,Registered Voters,698,Internet,Nonpartisan,None,68,2016_25395_west-virginia,57,33,NA,NA
2016-west-virginia-president-trump-vs-clinton,2016,west-virginia,NA,NA,6,14,25325,R.L. Repass & Partners/MetroNews,2016-08-09,2016-08-28,Likely Voters,435,Mixed,Nonpartisan,None,72,2016_25325_west-virginia,49,31,NA,NA
2016-west-virginia-president-trump-vs-clinton,2016,west-virginia,NA,NA,13,NA,24437,PPP (D),2016-04-29,2016-05-01,Likely Voters,1201,IVR/Online,Pollster,Dem,191,2016_24437_west-virginia,57,30,NA,NA
2016-west-virginia-president-trump-vs-clinton,2016,west-virginia,NA,NA,17,NA,22627,Orion,2015-08-24,2015-08-25,Likely Voters,406,Live Phone,Nonpartisan,None,441,2016_22627_west-virginia,53,30,NA,NA
2016-nebraska-president-trump-vs-clinton,2016,nebraska,NA,NA,3,NA,26807,SurveyMonkey,2016-11-01,2016-11-07,Likely Voters,988,Internet,Nonpartisan,None,1,2016_26807_nebraska,52,35,NA,NA
2016-nebraska-president-trump-vs-clinton,2016,nebraska,NA,NA,NA,NA,26793,UPI/CVOTER,2016-10-30,2016-11-06,Likely Voters,340,Internet,Nonpartisan,None,2,2016_26793_nebraska,56,38,NA,NA
2016-nebraska-president-trump-vs-clinton,2016,nebraska,NA,NA,15,NA,26806,Ipsos/Reuters,2016-10-17,2016-11-06,Likely Voters,350,Internet,Nonpartisan,None,2,2016_26806_nebraska,53,32,NA,NA
2016-nebraska-president-trump-vs-clinton,2016,nebraska,NA,NA,2,NA,26596,SurveyMonkey,2016-10-25,2016-10-31,Likely Voters,412,Internet,Nonpartisan,None,8,2016_26596_nebraska,52,32,NA,NA
2016-nebraska-president-trump-vs-clinton,2016,nebraska,NA,NA,NA,NA,26592,UPI/CVOTER,2016-10-23,2016-10-29,Likely Voters,334,Internet,Nonpartisan,None,10,2016_26592_nebraska,58,38,NA,NA
2016-nebraska-president-trump-vs-clinton,2016,nebraska,NA,NA,2,NA,26441,SurveyMonkey,2016-10-18,2016-10-24,Likely Voters,461,Internet,Nonpartisan,None,15,2016_26441_nebraska,52,33,NA,NA
2016-nebraska-president-trump-vs-clinton,2016,nebraska,NA,NA,18,NA,26344,Ipsos/Reuters,2016-09-23,2016-10-13,Likely Voters,386,Internet,Nonpartisan,None,26,2016_26344_nebraska,49,33,NA,NA
2016-nebraska-president-trump-vs-clinton,2016,nebraska,NA,NA,20,NA,26119,Ipsos/Reuters,2016-09-16,2016-10-06,Likely Voters,356,Internet,Nonpartisan,None,33,2016_26119_nebraska,48,32,NA,NA
2016-nebraska-president-trump-vs-clinton,2016,nebraska,NA,NA,17,NA,25559,Ipsos/Reuters,2016-08-26,2016-09-15,Likely Voters,267,Internet,Nonpartisan,None,54,2016_25559_nebraska,51,32,NA,NA
2016-nebraska-president-trump-vs-clinton,2016,nebraska,NA,NA,13,NA,25377,WashPost/SurveyMonkey,2016-08-09,2016-09-01,Registered Voters,983,Internet,Nonpartisan,None,68,2016_25377_nebraska,49,38,NA,NA
2016-montana-president-trump-vs-clinton,2016,montana,NA,NA,4,NA,26807,SurveyMonkey,2016-11-01,2016-11-07,Likely Voters,449,Internet,Nonpartisan,None,1,2016_26807_montana,52,30,NA,NA
2016-montana-president-trump-vs-clinton,2016,montana,NA,NA,NA,NA,26793,UPI/CVOTER,2016-10-30,2016-11-06,Likely Voters,339,Internet,Nonpartisan,None,2,2016_26793_montana,54,41,NA,NA
2016-montana-president-trump-vs-clinton,2016,montana,NA,NA,2,NA,26596,SurveyMonkey,2016-10-25,2016-10-31,Likely Voters,405,Internet,Nonpartisan,None,8,2016_26596_montana,49,36,NA,NA
2016-montana-president-trump-vs-clinton,2016,montana,NA,NA,NA,NA,26592,UPI/CVOTER,2016-10-23,2016-10-29,Likely Voters,340,Internet,Nonpartisan,None,10,2016_26592_montana,55,41,NA,NA
2016-montana-president-trump-vs-clinton,2016,montana,NA,NA,4,NA,26441,SurveyMonkey,2016-10-18,2016-10-24,Likely Voters,475,Internet,Nonpartisan,None,15,2016_26441_montana,52,35,NA,NA
2016-montana-president-trump-vs-clinton,2016,montana,NA,NA,20,NA,26444,MSU-Billings,2016-10-03,2016-10-10,Adults,590,Live Phone,Nonpartisan,None,29,2016_26444_montana,43,27,NA,NA
2016-montana-president-trump-vs-clinton,2016,montana,NA,NA,12,NA,25376,WashPost/SurveyMonkey,2016-08-09,2016-09-01,Registered Voters,999,Internet,Nonpartisan,None,68,2016_25376_montana,51,38,NA,NA
2016-washington-president-trump-vs-clinton,2016,washington,NA,NA,3,13,26807,SurveyMonkey,2016-11-01,2016-11-07,Likely Voters,1451,Internet,Nonpartisan,None,1,2016_26807_washington,33,51,NA,NA
2016-washington-president-trump-vs-clinton,2016,washington,NA,NA,7,6,26816,Insights West,2016-11-04,2016-11-06,Likely Voters,402,Internet,Nonpartisan,None,2,2016_26816_washington,36,51,NA,NA
2016-washington-president-trump-vs-clinton,2016,washington,NA,NA,NA,6,26793,UPI/CVOTER,2016-10-30,2016-11-06,Likely Voters,328,Internet,Nonpartisan,None,2,2016_26793_washington,39,56,NA,NA
2016-washington-president-trump-vs-clinton,2016,washington,NA,NA,15,NA,26806,Ipsos/Reuters,2016-10-17,2016-11-06,Likely Voters,863,Internet,Nonpartisan,None,2,2016_26806_washington,38,47,NA,NA
2016-washington-president-trump-vs-clinton,2016,washington,NA,NA,4,9,26738,SurveyUSA,2016-10-31,2016-11-02,Likely Voters,681,IVR/Online,Nonpartisan,None,6,2016_26738_washington,38,50,NA,NA
2016-washington-president-trump-vs-clinton,2016,washington,NA,NA,2,11,26596,SurveyMonkey,2016-10-25,2016-10-31,Likely Voters,745,Internet,Nonpartisan,None,8,2016_26596_washington,34,53,NA,NA
2016-washington-president-trump-vs-clinton,2016,washington,NA,NA,NA,4,26592,UPI/CVOTER,2016-10-23,2016-10-29,Likely Voters,327,Internet,Nonpartisan,None,10,2016_26592_washington,43,53,NA,NA
2016-washington-president-trump-vs-clinton,2016,washington,NA,NA,2,12,26441,SurveyMonkey,2016-10-18,2016-10-24,Likely Voters,687,Internet,Nonpartisan,None,15,2016_26441_washington,34,51,NA,NA
2016-washington-president-trump-vs-clinton,2016,washington,NA,NA,22,NA,26512,KCTS 9/Crosscut/Washington,2016-10-06,2016-10-13,Likely Voters,750,Internet,Nonpartisan,None,26,2016_26512_washington,39,53,NA,NA
2016-washington-president-trump-vs-clinton,2016,washington,NA,NA,16,NA,26344,Ipsos/Reuters,2016-09-23,2016-10-13,Likely Voters,905,Internet,Nonpartisan,None,26,2016_26344_washington,37,47,NA,NA
2016-washington-president-trump-vs-clinton,2016,washington,NA,NA,16,NA,26135,Ipsos/Reuters,2016-09-16,2016-10-06,Likely Voters,504,Internet,Nonpartisan,None,33,2016_26135_washington,33,51,NA,NA
2016-washington-president-trump-vs-clinton,2016,washington,NA,NA,7,10,25991,Strategies 360 (D- KOMO News),2016-09-29,2016-10-03,Likely Voters,500,Live Phone,Sponsor,Dem,36,2016_25991_washington,33,50,NA,NA
2016-washington-president-trump-vs-clinton,2016,washington,NA,NA,16,NA,25574,Ipsos/Reuters,2016-08-26,2016-09-15,Likely Voters,733,Internet,Nonpartisan,None,54,2016_25574_washington,37,47,NA,NA
2016-washington-president-trump-vs-clinton,2016,washington,NA,NA,14,20,25627,Insights West,2016-09-12,2016-09-14,Likely Voters,505,Internet,Nonpartisan,None,55,2016_25627_washington,28,38,NA,NA
2016-washington-president-trump-vs-clinton,2016,washington,NA,NA,10,NA,25394,WashPost/SurveyMonkey,2016-08-09,2016-09-01,Registered Voters,722,Internet,Nonpartisan,None,68,2016_25394_washington,37,53,NA,NA
2016-washington-president-trump-vs-clinton,2016,washington,NA,NA,22,11,25176,Elway,2016-08-09,2016-08-13,Registered Voters,500,Live Phone,Nonpartisan,None,87,2016_25176_washington,24,43,NA,NA
2016-washington-president-trump-vs-clinton,2016,washington,NA,NA,13,NA,24698,PPP (D-Northwest Progressive Institute),2016-06-14,2016-06-15,Likely Voters,679,Automated Phone,Nonpartisan,None,146,2016_24698_washington,37,49,NA,NA
2016-mississippi-president-trump-vs-clinton,2016,mississippi,NA,NA,2,NA,26807,SurveyMonkey,2016-11-01,2016-11-07,Likely Voters,719,Internet,Nonpartisan,None,1,2016_26807_mississippi,50,42,NA,NA
2016-mississippi-president-trump-vs-clinton,2016,mississippi,NA,NA,NA,NA,26793,UPI/CVOTER,2016-10-30,2016-11-06,Likely Voters,330,Internet,Nonpartisan,None,2,2016_26793_mississippi,54,42,NA,NA
2016-mississippi-president-trump-vs-clinton,2016,mississippi,NA,NA,11,NA,26806,Ipsos/Reuters,2016-10-17,2016-11-06,Likely Voters,388,Internet,Nonpartisan,None,2,2016_26806_mississippi,53,36,NA,NA
2016-mississippi-president-trump-vs-clinton,2016,mississippi,NA,NA,3,NA,26596,SurveyMonkey,2016-10-25,2016-10-31,Likely Voters,648,Internet,Nonpartisan,None,8,2016_26596_mississippi,48,41,NA,NA
2016-mississippi-president-trump-vs-clinton,2016,mississippi,NA,NA,NA,NA,26592,UPI/CVOTER,2016-10-23,2016-10-29,Likely Voters,313,Internet,Nonpartisan,None,10,2016_26592_mississippi,55,42,NA,NA
2016-mississippi-president-trump-vs-clinton,2016,mississippi,NA,NA,2,NA,26441,SurveyMonkey,2016-10-18,2016-10-24,Likely Voters,704,Internet,Nonpartisan,None,15,2016_26441_mississippi,50,42,NA,NA
2016-mississippi-president-trump-vs-clinton,2016,mississippi,NA,NA,10,NA,26344,Ipsos/Reuters,2016-09-23,2016-10-13,Likely Voters,404,Internet,Nonpartisan,None,26,2016_26344_mississippi,49,41,NA,NA
2016-mississippi-president-trump-vs-clinton,2016,mississippi,NA,NA,9,NA,26117,Ipsos/Reuters,2016-09-16,2016-10-06,Likely Voters,405,Internet,Nonpartisan,None,33,2016_26117_mississippi,51,40,NA,NA
2016-mississippi-president-trump-vs-clinton,2016,mississippi,NA,NA,12,NA,25557,Ipsos/Reuters,2016-08-26,2016-09-15,Likely Voters,348,Internet,Nonpartisan,None,54,2016_25557_mississippi,51,37,NA,NA
2016-mississippi-president-trump-vs-clinton,2016,mississippi,NA,NA,6,NA,25374,WashPost/SurveyMonkey,2016-08-09,2016-09-01,Registered Voters,823,Internet,Nonpartisan,None,68,2016_25374_mississippi,48,46,NA,NA
2016-mississippi-president-trump-vs-clinton,2016,mississippi,NA,NA,11,NA,24213,Mason-Dixon,2016-03-28,2016-03-30,Registered Voters,625,Live Phone,Nonpartisan,None,223,2016_24213_mississippi,46,43,NA,NA
2016-vermont-president-trump-vs-clinton,2016,vermont,NA,NA,2,12,26807,SurveyMonkey,2016-11-01,2016-11-07,Likely Voters,454,Internet,Nonpartisan,None,1,2016_26807_vermont,25,61,NA,NA
2016-vermont-president-trump-vs-clinton,2016,vermont,NA,NA,5,NA,26793,UPI/CVOTER,2016-10-30,2016-11-06,Likely Voters,305,Internet,Nonpartisan,None,2,2016_26793_vermont,33,62,NA,NA
2016-vermont-president-trump-vs-clinton,2016,vermont,NA,NA,4,18,26596,SurveyMonkey,2016-10-25,2016-10-31,Likely Voters,436,Internet,Nonpartisan,None,8,2016_26596_vermont,25,53,NA,NA
2016-vermont-president-trump-vs-clinton,2016,vermont,NA,NA,4,NA,26592,UPI/CVOTER,2016-10-23,2016-10-29,Likely Voters,304,Internet,Nonpartisan,None,10,2016_26592_vermont,34,63,NA,NA
2016-vermont-president-trump-vs-clinton,2016,vermont,NA,NA,3,20,26441,SurveyMonkey,2016-10-18,2016-10-24,Likely Voters,446,Internet,Nonpartisan,None,15,2016_26441_vermont,23,54,NA,NA
2016-vermont-president-trump-vs-clinton,2016,vermont,NA,NA,14,24,26269,Castleton University/VPR,2016-09-29,2016-10-14,Likely Voters,579,Live Phone,Nonpartisan,None,25,2016_26269_vermont,17,45,NA,NA
2016-vermont-president-trump-vs-clinton,2016,vermont,NA,NA,16,NA,25393,WashPost/SurveyMonkey,2016-08-09,2016-09-01,Registered Voters,550,Internet,Nonpartisan,None,68,2016_25393_vermont,28,56,NA,NA
2016-vermont-president-trump-vs-clinton,2016,vermont,NA,NA,13,31,24982,Castleton University/VPR,2016-07-11,2016-07-23,Likely Voters,637,Live Phone,Nonpartisan,None,108,2016_24982_vermont,17,39,NA,NA
2016-massachusetts-president-trump-vs-clinton,2016,massachusetts,NA,NA,4,4,26807,SurveyMonkey,2016-11-01,2016-11-07,Likely Voters,1378,Internet,Nonpartisan,None,1,2016_26807_massachusetts,30,56,6,NA
2016-massachusetts-president-trump-vs-clinton,2016,massachusetts,NA,NA,NA,4,26793,UPI/CVOTER,2016-10-30,2016-11-06,Likely Voters,330,Internet,Nonpartisan,None,2,2016_26793_massachusetts,37,59,NA,NA
2016-massachusetts-president-trump-vs-clinton,2016,massachusetts,NA,NA,11,NA,26806,Ipsos/Reuters,2016-10-17,2016-11-06,Likely Voters,512,Internet,Nonpartisan,None,2,2016_26806_massachusetts,36,53,NA,NA
2016-massachusetts-president-trump-vs-clinton,2016,massachusetts,NA,NA,7,3,26699,WNEU,2016-10-23,2016-11-02,Likely Voters,417,Live Phone,Nonpartisan,None,6,2016_26699_massachusetts,26,56,8,NA
2016-massachusetts-president-trump-vs-clinton,2016,massachusetts,NA,NA,2,4,26596,SurveyMonkey,2016-10-25,2016-10-31,Likely Voters,796,Internet,Nonpartisan,None,8,2016_26596_massachusetts,29,58,7,NA
2016-massachusetts-president-trump-vs-clinton,2016,massachusetts,NA,NA,NA,3,26592,UPI/CVOTER,2016-10-23,2016-10-29,Likely Voters,325,Internet,Nonpartisan,None,10,2016_26592_massachusetts,39,58,NA,NA
2016-massachusetts-president-trump-vs-clinton,2016,massachusetts,NA,NA,12,3,26505,Suffolk/Boston Globe,2016-10-24,2016-10-26,Likely Voters,500,Live Phone,Nonpartisan,None,13,2016_26505_massachusetts,25,57,4,NA
2016-massachusetts-president-trump-vs-clinton,2016,massachusetts,NA,NA,2,3,26441,SurveyMonkey,2016-10-18,2016-10-24,Likely Voters,675,Internet,Nonpartisan,None,15,2016_26441_massachusetts,28,61,6,NA
2016-massachusetts-president-trump-vs-clinton,2016,massachusetts,NA,NA,6,5,26223,MassINC/WBUR,2016-10-13,2016-10-16,Likely Voters,502,Live Phone,Nonpartisan,None,23,2016_26223_massachusetts,28,54,7,NA
2016-massachusetts-president-trump-vs-clinton,2016,massachusetts,NA,NA,21,NA,26114,Ipsos/Reuters,2016-09-16,2016-10-06,Likely Voters,904,Internet,Nonpartisan,None,33,2016_26114_massachusetts,30,49,NA,NA
2016-massachusetts-president-trump-vs-clinton,2016,massachusetts,NA,NA,5,4,25988,WNEU,2016-09-24,2016-10-03,Likely Voters,403,Live Phone,Nonpartisan,None,36,2016_25988_massachusetts,26,58,7,NA
2016-massachusetts-president-trump-vs-clinton,2016,massachusetts,NA,NA,5,6,25722,UMass Amherst/WBZ-TV/YouGov,2016-09-15,2016-09-20,Likely Voters,700,Internet,Nonpartisan,None,49,2016_25722_massachusetts,34,47,9,NA
2016-massachusetts-president-trump-vs-clinton,2016,massachusetts,NA,NA,16,NA,25554,Ipsos/Reuters,2016-08-26,2016-09-15,Likely Voters,691,Internet,Nonpartisan,None,54,2016_25554_massachusetts,31,53,NA,NA
2016-massachusetts-president-trump-vs-clinton,2016,massachusetts,NA,NA,3,7,25478,MassINC/WBUR,2016-09-07,2016-09-10,Likely Voters,506,Live Phone,Nonpartisan,None,59,2016_25478_massachusetts,28,54,9,NA
2016-massachusetts-president-trump-vs-clinton,2016,massachusetts,NA,NA,12,NA,25372,WashPost/SurveyMonkey,2016-08-09,2016-09-01,Registered Voters,1167,Internet,Nonpartisan,None,68,2016_25372_massachusetts,33,56,NA,NA
2016-massachusetts-president-trump-vs-clinton,2016,massachusetts,NA,NA,14,NA,24461,Suffolk/Boston Globe,2016-05-02,2016-05-05,Likely Voters,500,Live Phone,Nonpartisan,None,187,2016_24461_massachusetts,31,55,NA,NA
2016-massachusetts-president-trump-vs-clinton,2016,massachusetts,NA,NA,12,NA,24252,WNEU,2016-04-01,2016-04-10,Registered Voters,497,Live Phone,Nonpartisan,None,212,2016_24252_massachusetts,26,62,NA,NA
2016-tennessee-president-trump-vs-clinton,2016,tennessee,NA,NA,2,8,26807,SurveyMonkey,2016-11-01,2016-11-07,Likely Voters,1433,Internet,Nonpartisan,None,1,2016_26807_tennessee,49,41,NA,NA
2016-tennessee-president-trump-vs-clinton,2016,tennessee,NA,NA,NA,6,26793,UPI/CVOTER,2016-10-30,2016-11-06,Likely Voters,339,Internet,Nonpartisan,None,2,2016_26793_tennessee,55,39,NA,NA
2016-tennessee-president-trump-vs-clinton,2016,tennessee,NA,NA,14,NA,26806,Ipsos/Reuters,2016-10-17,2016-11-06,Likely Voters,823,Internet,Nonpartisan,None,2,2016_26806_tennessee,50,36,NA,NA
2016-tennessee-president-trump-vs-clinton,2016,tennessee,NA,NA,2,8,26596,SurveyMonkey,2016-10-25,2016-10-31,Likely Voters,550,Internet,Nonpartisan,None,8,2016_26596_tennessee,51,38,NA,NA
2016-tennessee-president-trump-vs-clinton,2016,tennessee,NA,NA,NA,5,26592,UPI/CVOTER,2016-10-23,2016-10-29,Likely Voters,339,Internet,Nonpartisan,None,10,2016_26592_tennessee,57,38,NA,NA
2016-tennessee-president-trump-vs-clinton,2016,tennessee,NA,NA,4,9,26441,SurveyMonkey,2016-10-18,2016-10-24,Likely Voters,572,Internet,Nonpartisan,None,15,2016_26441_tennessee,49,38,NA,NA
2016-tennessee-president-trump-vs-clinton,2016,tennessee,NA,NA,8,14,26285,ICITIZEN,2016-10-14,2016-10-17,Registered Voters,508,Internet,Nonpartisan,None,22,2016_26285_tennessee,44,34,NA,NA
2016-tennessee-president-trump-vs-clinton,2016,tennessee,NA,NA,18,NA,26344,Ipsos/Reuters,2016-09-23,2016-10-13,Likely Voters,799,Internet,Nonpartisan,None,26,2016_26344_tennessee,47,35,NA,NA
2016-tennessee-president-trump-vs-clinton,2016,tennessee,NA,NA,17,NA,26131,Ipsos/Reuters,2016-09-16,2016-10-06,Likely Voters,800,Internet,Nonpartisan,None,33,2016_26131_tennessee,49,34,NA,NA
2016-tennessee-president-trump-vs-clinton,2016,tennessee,NA,NA,10,7,25977,MTSU,2016-09-28,2016-10-02,Likely Voters,472,Live Phone,Nonpartisan,None,37,2016_25977_tennessee,48,36,NA,NA
2016-tennessee-president-trump-vs-clinton,2016,tennessee,NA,NA,14,9,25987,Vanderbit/PSRA,2016-09-19,2016-10-02,Registered Voters,1000,Live Phone,Nonpartisan,None,37,2016_25987_tennessee,44,33,NA,NA
2016-tennessee-president-trump-vs-clinton,2016,tennessee,NA,NA,24,NA,25570,Ipsos/Reuters,2016-08-26,2016-09-15,Likely Voters,578,Internet,Nonpartisan,None,54,2016_25570_tennessee,50,26,NA,NA
2016-tennessee-president-trump-vs-clinton,2016,tennessee,NA,NA,8,NA,25391,WashPost/SurveyMonkey,2016-08-09,2016-09-01,Registered Voters,1021,Internet,Nonpartisan,None,68,2016_25391_tennessee,55,37,NA,NA
2016-tennessee-president-trump-vs-clinton,2016,tennessee,NA,NA,18,NA,25047,ICITIZEN,2016-07-25,2016-07-27,Registered Voters,531,Internet,Nonpartisan,None,104,2016_25047_tennessee,49,33,NA,NA
2016-tennessee-president-trump-vs-clinton,2016,tennessee,NA,NA,18,2,24520,Vanderbit/PSRA,2016-04-25,2016-05-11,Registered Voters,1001,Live Phone,Nonpartisan,None,181,2016_24520_tennessee,44,35,NA,NA
2016-louisiana-president-trump-vs-clinton,2016,louisiana,NA,NA,4,6,26807,SurveyMonkey,2016-11-01,2016-11-07,Likely Voters,982,Internet,Nonpartisan,None,1,2016_26807_louisiana,52,38,NA,NA
2016-louisiana-president-trump-vs-clinton,2016,louisiana,NA,NA,NA,5,26793,UPI/CVOTER,2016-10-30,2016-11-06,Likely Voters,329,Internet,Nonpartisan,None,2,2016_26793_louisiana,55,40,NA,NA
2016-louisiana-president-trump-vs-clinton,2016,louisiana,NA,NA,12,NA,26806,Ipsos/Reuters,2016-10-17,2016-11-06,Likely Voters,633,Internet,Nonpartisan,None,2,2016_26806_louisiana,52,36,NA,NA
2016-louisiana-president-trump-vs-clinton,2016,louisiana,NA,NA,4,7,26596,SurveyMonkey,2016-10-25,2016-10-31,Likely Voters,423,Internet,Nonpartisan,None,8,2016_26596_louisiana,51,38,NA,NA
2016-louisiana-president-trump-vs-clinton,2016,louisiana,NA,NA,NA,4,26592,UPI/CVOTER,2016-10-23,2016-10-29,Likely Voters,316,Internet,Nonpartisan,None,10,2016_26592_louisiana,56,40,NA,NA
2016-louisiana-president-trump-vs-clinton,2016,louisiana,NA,NA,1,7,26441,SurveyMonkey,2016-10-18,2016-10-24,Likely Voters,388,Internet,Nonpartisan,None,15,2016_26441_louisiana,53,38,NA,NA
2016-louisiana-president-trump-vs-clinton,2016,louisiana,NA,NA,8,7,26486,Southern Media/Opinion Research,2016-10-19,2016-10-21,Likely Voters,500,Live Phone,Nonpartisan,None,18,2016_26486_louisiana,50,35,NA,NA
2016-louisiana-president-trump-vs-clinton,2016,louisiana,NA,NA,7,10,26616,Lucid/The Times-Picayune,2016-10-15,2016-10-21,Likely Voters,614,Internet,Nonpartisan,None,18,2016_26616_louisiana,43,40,NA,NA
2016-louisiana-president-trump-vs-clinton,2016,louisiana,NA,NA,6,10,26522,University of New Orleans,2016-10-15,2016-10-21,Likely Voters,603,Live Phone,Nonpartisan,None,18,2016_26522_louisiana,49,35,NA,NA
2016-louisiana-president-trump-vs-clinton,2016,louisiana,NA,NA,9,3,26371,Mason-Dixon/FOX 8/Raycom,2016-10-17,2016-10-19,Likely Voters,625,Live Phone,Nonpartisan,None,20,2016_26371_louisiana,54,34,NA,NA
2016-louisiana-president-trump-vs-clinton,2016,louisiana,NA,NA,12,5,26208,JMC Analytics (R-Fleming),2016-10-11,2016-10-15,Likely Voters,800,IVR/Live Phone,Sponsor,Rep,24,2016_26208_louisiana,45,38,NA,NA
2016-louisiana-president-trump-vs-clinton,2016,louisiana,NA,NA,15,NA,26344,Ipsos/Reuters,2016-09-23,2016-10-13,Likely Voters,644,Internet,Nonpartisan,None,26,2016_26344_louisiana,49,36,NA,NA
2016-louisiana-president-trump-vs-clinton,2016,louisiana,NA,NA,13,NA,26111,Ipsos/Reuters,2016-09-16,2016-10-06,Likely Voters,631,Internet,Nonpartisan,None,33,2016_26111_louisiana,51,36,NA,NA
2016-louisiana-president-trump-vs-clinton,2016,louisiana,NA,NA,13,8,25682,JMC Analytics (R),2016-09-22,2016-09-24,Likely Voters,905,IVR/Live Phone,Pollster,Rep,45,2016_25682_louisiana,45,35,NA,NA
2016-louisiana-president-trump-vs-clinton,2016,louisiana,NA,NA,11,8,25605,Southern Media/Opinion Research,2016-09-15,2016-09-17,Likely Voters,500,Live Phone,Nonpartisan,None,52,2016_25605_louisiana,49,33,NA,NA
2016-louisiana-president-trump-vs-clinton,2016,louisiana,NA,NA,12,NA,25551,Ipsos/Reuters,2016-08-26,2016-09-15,Likely Voters,511,Internet,Nonpartisan,None,54,2016_25551_louisiana,54,34,NA,NA
2016-louisiana-president-trump-vs-clinton,2016,louisiana,NA,NA,6,8,25438,Anzalone (D-Democrats For Education Reform),2016-08-29,2016-09-01,Likely Voters,605,Live Phone,Sponsor,Dem,68,2016_25438_louisiana,46,40,NA,NA
2016-louisiana-president-trump-vs-clinton,2016,louisiana,NA,NA,8,NA,25369,WashPost/SurveyMonkey,2016-08-09,2016-09-01,Registered Voters,871,Internet,Nonpartisan,None,68,2016_25369_louisiana,53,38,NA,NA
2016-louisiana-president-trump-vs-clinton,2016,louisiana,NA,NA,8,4,24470,JMC Analytics (R),2016-05-05,2016-05-06,Likely Voters,624,Automated Phone,Pollster,Rep,186,2016_24470_louisiana,52,36,NA,NA
2016-louisiana-president-trump-vs-clinton,2016,louisiana,NA,NA,NA,NA,22846,Clarus/WWL-TV/The Advocate,2015-09-20,2015-09-23,Likely Voters,800,Live Phone,Nonpartisan,None,412,2016_22846_louisiana,47,39,NA,NA
2016-south-dakota-president-trump-vs-clinton,2016,south-dakota,NA,NA,4,NA,26807,SurveyMonkey,2016-11-01,2016-11-07,Likely Voters,459,Internet,Nonpartisan,None,1,2016_26807_south-dakota,53,32,NA,NA
2016-south-dakota-president-trump-vs-clinton,2016,south-dakota,NA,NA,NA,NA,26793,UPI/CVOTER,2016-10-30,2016-11-06,Likely Voters,312,Internet,Nonpartisan,None,2,2016_26793_south-dakota,55,40,NA,NA
2016-south-dakota-president-trump-vs-clinton,2016,south-dakota,NA,NA,4,NA,26596,SurveyMonkey,2016-10-25,2016-10-31,Likely Voters,298,Internet,Nonpartisan,None,8,2016_26596_south-dakota,53,27,NA,NA
2016-south-dakota-president-trump-vs-clinton,2016,south-dakota,NA,NA,NA,NA,26592,UPI/CVOTER,2016-10-23,2016-10-29,Likely Voters,311,Internet,Nonpartisan,None,10,2016_26592_south-dakota,56,40,NA,NA
2016-south-dakota-president-trump-vs-clinton,2016,south-dakota,NA,NA,5,NA,26441,SurveyMonkey,2016-10-18,2016-10-24,Likely Voters,377,Internet,Nonpartisan,None,15,2016_26441_south-dakota,52,32,NA,NA
2016-south-dakota-president-trump-vs-clinton,2016,south-dakota,NA,NA,12,NA,26434,Mason-Dixon,2016-10-18,2016-10-20,Likely Voters,400,Live Phone,Nonpartisan,None,19,2016_26434_south-dakota,44,37,NA,NA
2016-south-dakota-president-trump-vs-clinton,2016,south-dakota,NA,NA,11,NA,25390,WashPost/SurveyMonkey,2016-08-09,2016-09-01,Registered Voters,809,Internet,Nonpartisan,None,68,2016_25390_south-dakota,51,37,NA,NA
2016-rhode-island-president-trump-vs-clinton,2016,rhode-island,NA,NA,3,NA,26807,SurveyMonkey,2016-11-01,2016-11-07,Likely Voters,415,Internet,Nonpartisan,None,1,2016_26807_rhode-island,36,48,NA,NA
2016-rhode-island-president-trump-vs-clinton,2016,rhode-island,NA,NA,NA,NA,26793,UPI/CVOTER,2016-10-30,2016-11-06,Likely Voters,310,Internet,Nonpartisan,None,2,2016_26793_rhode-island,37,59,NA,NA
2016-rhode-island-president-trump-vs-clinton,2016,rhode-island,NA,NA,1,NA,26596,SurveyMonkey,2016-10-25,2016-10-31,Likely Voters,419,Internet,Nonpartisan,None,8,2016_26596_rhode-island,36,49,NA,NA
2016-rhode-island-president-trump-vs-clinton,2016,rhode-island,NA,NA,NA,NA,26592,UPI/CVOTER,2016-10-23,2016-10-29,Likely Voters,308,Internet,Nonpartisan,None,10,2016_26592_rhode-island,40,57,NA,NA
2016-rhode-island-president-trump-vs-clinton,2016,rhode-island,NA,NA,3,NA,26441,SurveyMonkey,2016-10-18,2016-10-24,Likely Voters,488,Internet,Nonpartisan,None,15,2016_26441_rhode-island,37,49,NA,NA
2016-rhode-island-president-trump-vs-clinton,2016,rhode-island,NA,NA,11,NA,25388,WashPost/SurveyMonkey,2016-08-09,2016-09-01,Registered Voters,625,Internet,Nonpartisan,None,68,2016_25388_rhode-island,40,50,NA,NA
2016-kentucky-president-trump-vs-clinton,2016,kentucky,NA,NA,2,NA,26807,SurveyMonkey,2016-11-01,2016-11-07,Likely Voters,1315,Internet,Nonpartisan,None,1,2016_26807_kentucky,54,35,NA,NA
2016-kentucky-president-trump-vs-clinton,2016,kentucky,NA,NA,NA,NA,26793,UPI/CVOTER,2016-10-30,2016-11-06,Likely Voters,328,Internet,Nonpartisan,None,2,2016_26793_kentucky,60,36,NA,NA
2016-kentucky-president-trump-vs-clinton,2016,kentucky,NA,NA,4,NA,26806,Ipsos/Reuters,2016-10-17,2016-11-06,Likely Voters,651,Internet,Nonpartisan,None,2,2016_26806_kentucky,58,38,NA,NA
2016-kentucky-president-trump-vs-clinton,2016,kentucky,NA,NA,1,NA,26596,SurveyMonkey,2016-10-25,2016-10-31,Likely Voters,424,Internet,Nonpartisan,None,8,2016_26596_kentucky,58,31,NA,NA
2016-kentucky-president-trump-vs-clinton,2016,kentucky,NA,NA,NA,NA,26592,UPI/CVOTER,2016-10-23,2016-10-29,Likely Voters,324,Internet,Nonpartisan,None,10,2016_26592_kentucky,59,37,NA,NA
2016-kentucky-president-trump-vs-clinton,2016,kentucky,NA,NA,5,NA,26594,Cygnal (RunSwitch PR),2016-10-26,2016-10-28,Likely Voters,811,Live Phone,Sponsor,Rep,11,2016_26594_kentucky,56,32,NA,NA
2016-kentucky-president-trump-vs-clinton,2016,kentucky,NA,NA,1,NA,26441,SurveyMonkey,2016-10-18,2016-10-24,Likely Voters,366,Internet,Nonpartisan,None,15,2016_26441_kentucky,60,29,NA,NA
2016-kentucky-president-trump-vs-clinton,2016,kentucky,NA,NA,8,NA,26344,Ipsos/Reuters,2016-09-23,2016-10-13,Likely Voters,576,Internet,Nonpartisan,None,26,2016_26344_kentucky,53,39,NA,NA
2016-kentucky-president-trump-vs-clinton,2016,kentucky,NA,NA,6,NA,26110,Ipsos/Reuters,2016-09-16,2016-10-06,Likely Voters,627,Internet,Nonpartisan,None,33,2016_26110_kentucky,57,37,NA,NA
2016-kentucky-president-trump-vs-clinton,2016,kentucky,NA,NA,11,NA,25550,Ipsos/Reuters,2016-08-26,2016-09-15,Likely Voters,716,Internet,Nonpartisan,None,54,2016_25550_kentucky,54,35,NA,NA
2016-kentucky-president-trump-vs-clinton,2016,kentucky,NA,NA,9,NA,25368,WashPost/SurveyMonkey,2016-08-09,2016-09-01,Registered Voters,732,Internet,Nonpartisan,None,68,2016_25368_kentucky,57,34,NA,NA
2016-kentucky-president-trump-vs-clinton,2016,kentucky,NA,NA,13,NA,22299,PPP (D),2015-06-18,2015-06-21,Likely Voters,1108,IVR/Online,Pollster,Dem,506,2016_22299_kentucky,42,45,NA,NA
2016-oregon-president-trump-vs-clinton,2016,oregon,NA,NA,2,5,26807,SurveyMonkey,2016-11-01,2016-11-07,Likely Voters,1595,Internet,Nonpartisan,None,1,2016_26807_oregon,35,50,7,NA
2016-oregon-president-trump-vs-clinton,2016,oregon,NA,NA,NA,6,26793,UPI/CVOTER,2016-10-30,2016-11-06,Likely Voters,319,Internet,Nonpartisan,None,2,2016_26793_oregon,43,51,NA,NA
2016-oregon-president-trump-vs-clinton,2016,oregon,NA,NA,16,NA,26806,Ipsos/Reuters,2016-10-17,2016-11-06,Likely Voters,636,Internet,Nonpartisan,None,2,2016_26806_oregon,37,47,NA,NA
2016-oregon-president-trump-vs-clinton,2016,oregon,NA,NA,2,4,26596,SurveyMonkey,2016-10-25,2016-10-31,Likely Voters,743,Internet,Nonpartisan,None,8,2016_26596_oregon,36,51,7,NA
2016-oregon-president-trump-vs-clinton,2016,oregon,NA,NA,11,10,26634,DHM Research/Fox 12,2016-10-25,2016-10-29,Likely Voters,504,Live Phone,Nonpartisan,None,10,2016_26634_oregon,34,41,4,NA
2016-oregon-president-trump-vs-clinton,2016,oregon,NA,NA,NA,6,26592,UPI/CVOTER,2016-10-23,2016-10-29,Likely Voters,313,Internet,Nonpartisan,None,10,2016_26592_oregon,43,50,NA,NA
2016-oregon-president-trump-vs-clinton,2016,oregon,NA,NA,3,5,26441,SurveyMonkey,2016-10-18,2016-10-24,Likely Voters,576,Internet,Nonpartisan,None,15,2016_26441_oregon,32,51,9,NA
2016-oregon-president-trump-vs-clinton,2016,oregon,NA,NA,4,9,26273,Riley Research/KGW/The Oregonian,2016-10-04,2016-10-14,Likely Voters,608,Live Phone,Nonpartisan,None,25,2016_26273_oregon,36,46,5,NA
2016-oregon-president-trump-vs-clinton,2016,oregon,NA,NA,7,8,26258,DHM Research/Oregon Public Broadcasting,2016-10-06,2016-10-13,Likely Voters,600,Live Phone,Nonpartisan,None,26,2016_26258_oregon,36,43,7,NA
2016-oregon-president-trump-vs-clinton,2016,oregon,NA,NA,16,NA,26344,Ipsos/Reuters,2016-09-23,2016-10-13,Likely Voters,616,Internet,Nonpartisan,None,26,2016_26344_oregon,37,47,NA,NA
2016-oregon-president-trump-vs-clinton,2016,oregon,NA,NA,5,4,26170,SurveyUSA/KATU-TV,2016-10-10,2016-10-12,Likely Voters,654,IVR/Online,Nonpartisan,None,27,2016_26170_oregon,38,48,6,NA
2016-oregon-president-trump-vs-clinton,2016,oregon,NA,NA,13,NA,26128,Ipsos/Reuters,2016-09-16,2016-10-06,Likely Voters,626,Internet,Nonpartisan,None,33,2016_26128_oregon,36,51,NA,NA
2016-oregon-president-trump-vs-clinton,2016,oregon,NA,NA,8,2,26009,Gravis Marketing/Breitbart,2016-10-04,2016-10-04,Registered Voters,1248,IVR/Online,Nonpartisan,None,35,2016_26009_oregon,39,47,4,NA
2016-oregon-president-trump-vs-clinton,2016,oregon,NA,NA,11,3,25954,Hoffman Research (R),2016-09-29,2016-10-01,Likely Voters,605,Live Phone,Pollster,Rep,38,2016_25954_oregon,33,45,8,NA
2016-oregon-president-trump-vs-clinton,2016,oregon,NA,NA,15,NA,25567,Ipsos/Reuters,2016-08-26,2016-09-15,Likely Voters,687,Internet,Nonpartisan,None,54,2016_25567_oregon,41,44,NA,NA
2016-oregon-president-trump-vs-clinton,2016,oregon,NA,NA,8,10,25469,ICITIZEN,2016-09-02,2016-09-07,Registered Voters,610,Internet,Nonpartisan,None,62,2016_25469_oregon,28,43,11,NA
2016-oregon-president-trump-vs-clinton,2016,oregon,NA,NA,17,11,25426,DHM,2016-09-01,2016-09-06,Registered Voters,517,Live Phone,Nonpartisan,None,63,2016_25426_oregon,25,38,10,NA
2016-oregon-president-trump-vs-clinton,2016,oregon,NA,NA,9,NA,25386,WashPost/SurveyMonkey,2016-08-09,2016-09-01,Registered Voters,877,Internet,Nonpartisan,None,68,2016_25386_oregon,36,55,NA,NA
2016-oregon-president-trump-vs-clinton,2016,oregon,NA,NA,8,3,24981,Clout Research (R),2016-07-09,2016-07-13,Likely Voters,701,Live Phone,Pollster,Rep,118,2016_24981_oregon,40,43,6,NA
2016-oregon-president-trump-vs-clinton,2016,oregon,NA,NA,22,NA,24858,ICITIZEN,2016-06-23,2016-06-27,Registered Voters,555,Internet,Nonpartisan,None,134,2016_24858_oregon,32,46,NA,NA
2016-oregon-president-trump-vs-clinton,2016,oregon,NA,NA,13,NA,24571,Clout Research (R),2016-05-10,2016-05-13,Likely Voters,657,Live Phone,Pollster,Rep,179,2016_24571_oregon,44,42,NA,NA
2016-oregon-president-trump-vs-clinton,2016,oregon,NA,NA,15,11,24481,DHM Research/Oregon Public Broadcasting/Fox 12,2016-05-06,2016-05-09,Likely Voters,901,Live Phone,Nonpartisan,None,183,2016_24481_oregon,32,43,NA,NA
2016-oklahoma-president-trump-vs-clinton,2016,oklahoma,NA,NA,2,10,26807,SurveyMonkey,2016-11-01,2016-11-07,Likely Voters,1271,Internet,Nonpartisan,None,1,2016_26807_oklahoma,57,32,NA,NA
2016-oklahoma-president-trump-vs-clinton,2016,oklahoma,NA,NA,NA,4,26793,UPI/CVOTER,2016-10-30,2016-11-06,Likely Voters,323,Internet,Nonpartisan,None,2,2016_26793_oklahoma,63,34,NA,NA
2016-oklahoma-president-trump-vs-clinton,2016,oklahoma,NA,NA,9,NA,26806,Ipsos/Reuters,2016-10-17,2016-11-06,Likely Voters,664,Internet,Nonpartisan,None,2,2016_26806_oklahoma,61,30,NA,NA
2016-oklahoma-president-trump-vs-clinton,2016,oklahoma,NA,NA,2,12,26596,SurveyMonkey,2016-10-25,2016-10-31,Likely Voters,472,Internet,Nonpartisan,None,8,2016_26596_oklahoma,54,31,NA,NA
2016-oklahoma-president-trump-vs-clinton,2016,oklahoma,NA,NA,NA,4,26592,UPI/CVOTER,2016-10-23,2016-10-29,Likely Voters,321,Internet,Nonpartisan,None,10,2016_26592_oklahoma,63,33,NA,NA
2016-oklahoma-president-trump-vs-clinton,2016,oklahoma,NA,NA,2,10,26441,SurveyMonkey,2016-10-18,2016-10-24,Likely Voters,493,Internet,Nonpartisan,None,15,2016_26441_oklahoma,56,32,NA,NA
2016-oklahoma-president-trump-vs-clinton,2016,oklahoma,NA,NA,6,5,26382,SoonerPoll.com,2016-10-18,2016-10-20,Likely Voters,530,Live Phone/Online,Nonpartisan,None,19,2016_26382_oklahoma,60,30,NA,NA
2016-oklahoma-president-trump-vs-clinton,2016,oklahoma,NA,NA,13,NA,26344,Ipsos/Reuters,2016-09-23,2016-10-13,Likely Voters,647,Internet,Nonpartisan,None,26,2016_26344_oklahoma,51,36,NA,NA
2016-oklahoma-president-trump-vs-clinton,2016,oklahoma,NA,NA,14,NA,26127,Ipsos/Reuters,2016-09-16,2016-10-06,Likely Voters,638,Internet,Nonpartisan,None,33,2016_26127_oklahoma,53,33,NA,NA
2016-oklahoma-president-trump-vs-clinton,2016,oklahoma,NA,NA,8,6,25520,SoonerPoll.com,2016-09-13,2016-09-15,Likely Voters,515,Live Phone/Online,Nonpartisan,None,54,2016_25520_oklahoma,51,36,NA,NA
2016-oklahoma-president-trump-vs-clinton,2016,oklahoma,NA,NA,15,NA,25566,Ipsos/Reuters,2016-08-26,2016-09-15,Likely Voters,498,Internet,Nonpartisan,None,54,2016_25566_oklahoma,53,32,NA,NA
2016-oklahoma-president-trump-vs-clinton,2016,oklahoma,NA,NA,10,NA,25385,WashPost/SurveyMonkey,2016-08-09,2016-09-01,Registered Voters,1041,Internet,Nonpartisan,None,68,2016_25385_oklahoma,57,33,NA,NA
2016-oklahoma-president-trump-vs-clinton,2016,oklahoma,NA,NA,11,7,25038,SoonerPoll.com,2016-07-20,2016-07-25,Likely Voters,398,Live Phone,Nonpartisan,None,106,2016_25038_oklahoma,53,29,NA,NA
2016-north-dakota-president-trump-vs-clinton,2016,north-dakota,NA,NA,2,NA,26807,SurveyMonkey,2016-11-01,2016-11-07,Likely Voters,313,Internet,Nonpartisan,None,1,2016_26807_north-dakota,57,29,NA,NA
2016-north-dakota-president-trump-vs-clinton,2016,north-dakota,NA,NA,NA,NA,26793,UPI/CVOTER,2016-10-30,2016-11-06,Likely Voters,307,Internet,Nonpartisan,None,2,2016_26793_north-dakota,55,39,NA,NA
2016-north-dakota-president-trump-vs-clinton,2016,north-dakota,NA,NA,2,NA,26596,SurveyMonkey,2016-10-25,2016-10-31,Likely Voters,279,Internet,Nonpartisan,None,8,2016_26596_north-dakota,53,31,NA,NA
2016-north-dakota-president-trump-vs-clinton,2016,north-dakota,NA,NA,NA,NA,26592,UPI/CVOTER,2016-10-23,2016-10-29,Likely Voters,306,Internet,Nonpartisan,None,10,2016_26592_north-dakota,57,37,NA,NA
2016-north-dakota-president-trump-vs-clinton,2016,north-dakota,NA,NA,5,NA,26441,SurveyMonkey,2016-10-18,2016-10-24,Likely Voters,339,Internet,Nonpartisan,None,15,2016_26441_north-dakota,49,31,NA,NA
2016-north-dakota-president-trump-vs-clinton,2016,north-dakota,NA,NA,16,NA,25590,DFM Research (D),2016-09-12,2016-09-17,Likely Voters,400,Live Phone,Pollster,Dem,52,2016_25590_north-dakota,43,32,NA,NA
2016-north-dakota-president-trump-vs-clinton,2016,north-dakota,NA,NA,8,NA,25384,WashPost/SurveyMonkey,2016-08-09,2016-09-01,Registered Voters,549,Internet,Nonpartisan,None,68,2016_25384_north-dakota,60,32,NA,NA
2016-new-mexico-president-trump-vs-clinton,2016,new-mexico,NA,NA,2,4,26807,SurveyMonkey,2016-11-01,2016-11-07,Likely Voters,749,Internet,Nonpartisan,None,1,2016_26807_new-mexico,38,40,16,NA
2016-new-mexico-president-trump-vs-clinton,2016,new-mexico,NA,NA,NA,15,26793,UPI/CVOTER,2016-10-30,2016-11-06,Likely Voters,330,Internet,Nonpartisan,None,2,2016_26793_new-mexico,38,47,NA,NA
2016-new-mexico-president-trump-vs-clinton,2016,new-mexico,NA,NA,21,NA,26806,Ipsos/Reuters,2016-10-17,2016-11-06,Likely Voters,275,Internet,Nonpartisan,None,2,2016_26806_new-mexico,38,41,NA,NA
2016-new-mexico-president-trump-vs-clinton,2016,new-mexico,NA,NA,2,3,26798,Albuquerque Journal/Research & Polling,2016-11-01,2016-11-03,Likely Voters,504,Live Phone,Nonpartisan,None,5,2016_26798_new-mexico,40,45,11,NA
2016-new-mexico-president-trump-vs-clinton,2016,new-mexico,NA,NA,1,3,26714,ZiaPoll,2016-11-01,2016-11-02,Likely Voters,1102,Mixed,Nonpartisan,None,6,2016_26714_new-mexico,43,46,7,NA
2016-new-mexico-president-trump-vs-clinton,2016,new-mexico,NA,NA,7,2,26642,Lucid/The Times-Picayune,2016-10-28,2016-11-01,Likely Voters,567,Internet,Nonpartisan,None,7,2016_26642_new-mexico,31,39,22,NA
2016-new-mexico-president-trump-vs-clinton,2016,new-mexico,NA,NA,2,3,26596,SurveyMonkey,2016-10-25,2016-10-31,Likely Voters,987,Internet,Nonpartisan,None,8,2016_26596_new-mexico,34,44,17,NA
2016-new-mexico-president-trump-vs-clinton,2016,new-mexico,NA,NA,NA,5,26592,UPI/CVOTER,2016-10-23,2016-10-29,Likely Voters,322,Internet,Nonpartisan,None,10,2016_26592_new-mexico,44,50,NA,NA
2016-new-mexico-president-trump-vs-clinton,2016,new-mexico,NA,NA,2,2,26441,SurveyMonkey,2016-10-18,2016-10-24,Likely Voters,1095,Internet,Nonpartisan,None,15,2016_26441_new-mexico,34,41,21,NA
2016-new-mexico-president-trump-vs-clinton,2016,new-mexico,NA,NA,10,NA,26241,WashPost/SurveyMonkey,2016-10-08,2016-10-16,Likely Voters,889,Internet,Nonpartisan,None,23,2016_26241_new-mexico,39,50,NA,NA
2016-new-mexico-president-trump-vs-clinton,2016,new-mexico,NA,NA,20,NA,26344,Ipsos/Reuters,2016-09-23,2016-10-13,Likely Voters,263,Internet,Nonpartisan,None,26,2016_26344_new-mexico,36,44,NA,NA
2016-new-mexico-president-trump-vs-clinton,2016,new-mexico,NA,NA,15,NA,26123,Ipsos/Reuters,2016-09-16,2016-10-06,Likely Voters,263,Internet,Nonpartisan,None,33,2016_26123_new-mexico,36,49,NA,NA
2016-new-mexico-president-trump-vs-clinton,2016,new-mexico,NA,NA,3,4,25972,SurveyUSA/KOB-TV,2016-09-28,2016-10-02,Likely Voters,594,IVR/Online,Nonpartisan,None,37,2016_25972_new-mexico,33,46,14,NA
2016-new-mexico-president-trump-vs-clinton,2016,new-mexico,NA,NA,8,14,25959,Albuquerque Journal/Research & Polling,2016-09-27,2016-09-29,Likely Voters,501,Live Phone,Nonpartisan,None,40,2016_25959_new-mexico,34,44,NA,NA
2016-new-mexico-president-trump-vs-clinton,2016,new-mexico,NA,NA,13,NA,25381,WashPost/SurveyMonkey,2016-08-09,2016-09-01,Registered Voters,1788,Internet,Nonpartisan,None,68,2016_25381_new-mexico,37,51,NA,NA
2016-new-mexico-president-trump-vs-clinton,2016,new-mexico,NA,NA,9,4,25266,PPP (D)/NM Political Report,2016-08-19,2016-08-21,Likely Voters,1103,IVR/Online,Pollster,Dem,79,2016_25266_new-mexico,31,40,16,NA
2016-new-mexico-president-trump-vs-clinton,2016,new-mexico,NA,NA,12,NA,24939,PPP (D)/NM Political Report,2016-05-13,2016-05-15,Likely Voters,802,Automated Phone,Pollster,Dem,177,2016_24939_new-mexico,33,41,14,NA
2016-illinois-president-trump-vs-clinton,2016,illinois,NA,NA,2,10,26807,SurveyMonkey,2016-11-01,2016-11-07,Likely Voters,1823,Internet,Nonpartisan,None,1,2016_26807_illinois,35,52,NA,NA
2016-illinois-president-trump-vs-clinton,2016,illinois,NA,NA,NA,6,26793,UPI/CVOTER,2016-10-30,2016-11-06,Likely Voters,403,Internet,Nonpartisan,None,2,2016_26793_illinois,40,54,NA,NA
2016-illinois-president-trump-vs-clinton,2016,illinois,NA,NA,10,NA,26806,Ipsos/Reuters,2016-10-17,2016-11-06,Likely Voters,781,Internet,Nonpartisan,None,2,2016_26806_illinois,39,51,NA,NA
2016-illinois-president-trump-vs-clinton,2016,illinois,NA,NA,1,11,26596,SurveyMonkey,2016-10-25,2016-10-31,Likely Voters,1003,Internet,Nonpartisan,None,8,2016_26596_illinois,35,52,NA,NA
2016-illinois-president-trump-vs-clinton,2016,illinois,NA,NA,NA,4,26592,UPI/CVOTER,2016-10-23,2016-10-29,Likely Voters,387,Internet,Nonpartisan,None,10,2016_26592_illinois,41,56,NA,NA
2016-illinois-president-trump-vs-clinton,2016,illinois,NA,NA,10,6,26605,Loras College,2016-10-26,2016-10-27,Likely Voters,600,Live Phone,Nonpartisan,None,12,2016_26605_illinois,37,48,NA,NA
2016-illinois-president-trump-vs-clinton,2016,illinois,NA,NA,3,12,26441,SurveyMonkey,2016-10-18,2016-10-24,Likely Voters,1091,Internet,Nonpartisan,None,15,2016_26441_illinois,34,52,NA,NA
2016-illinois-president-trump-vs-clinton,2016,illinois,NA,NA,5,8,26394,Victory Research,2016-10-16,2016-10-18,Likely Voters,1200,Live Phone,Nonpartisan,None,21,2016_26394_illinois,36,51,NA,NA
2016-illinois-president-trump-vs-clinton,2016,illinois,NA,NA,13,NA,26344,Ipsos/Reuters,2016-09-23,2016-10-13,Likely Voters,612,Internet,Nonpartisan,None,26,2016_26344_illinois,27,60,NA,NA
2016-illinois-president-trump-vs-clinton,2016,illinois,NA,NA,12,NA,26106,Ipsos/Reuters,2016-09-16,2016-10-06,Likely Voters,873,Internet,Nonpartisan,None,33,2016_26106_illinois,31,57,NA,NA
2016-illinois-president-trump-vs-clinton,2016,illinois,NA,NA,10,10,25955,Southern Illinois University,2016-09-27,2016-10-02,Likely Voters,865,Live Phone,Nonpartisan,None,37,2016_25955_illinois,28,53,NA,NA
2016-illinois-president-trump-vs-clinton,2016,illinois,NA,NA,11,5,25826,Victory Research,2016-09-21,2016-09-24,Likely Voters,1200,Live Phone,Nonpartisan,None,45,2016_25826_illinois,35,49,NA,NA
2016-illinois-president-trump-vs-clinton,2016,illinois,NA,NA,11,9,25527,Loras College,2016-09-13,2016-09-16,Likely Voters,600,Live Phone,Nonpartisan,None,53,2016_25527_illinois,33,47,NA,NA
2016-illinois-president-trump-vs-clinton,2016,illinois,NA,NA,13,NA,25546,Ipsos/Reuters,2016-08-26,2016-09-15,Likely Voters,615,Internet,Nonpartisan,None,54,2016_25546_illinois,36,51,NA,NA
2016-illinois-president-trump-vs-clinton,2016,illinois,NA,NA,9,NA,25364,WashPost/SurveyMonkey,2016-08-09,2016-09-01,Registered Voters,2599,Internet,Nonpartisan,None,68,2016_25364_illinois,38,53,NA,NA
2016-illinois-president-trump-vs-clinton,2016,illinois,NA,NA,17,NA,25095,"Normington, Petts & Associates (D-Duckworth)",2016-08-01,2016-08-04,Likely Voters,800,Live Phone,Sponsor,Dem,96,2016_25095_illinois,32,51,NA,NA
2016-illinois-president-trump-vs-clinton,2016,illinois,NA,NA,4,11,24913,Victory Research,2016-07-14,2016-07-16,Likely Voters,1200,Live Phone,Nonpartisan,None,115,2016_24913_illinois,34,51,NA,NA
2016-illinois-president-trump-vs-clinton,2016,illinois,NA,NA,11,NA,24058,NBC/WSJ/Marist,2016-03-04,2016-03-10,Registered Voters,1968,Live Phone,Nonpartisan,None,243,2016_24058_illinois,32,57,NA,NA
2016-illinois-president-trump-vs-clinton,2016,illinois,NA,NA,16,NA,22471,PPP (D),2015-07-20,2015-07-21,Likely Voters,931,IVR/Online,Pollster,Dem,476,2016_22471_illinois,33,51,NA,NA
2016-idaho-president-trump-vs-clinton,2016,idaho,NA,NA,2,4,26807,SurveyMonkey,2016-11-01,2016-11-07,Likely Voters,612,Internet,Nonpartisan,None,1,2016_26807_idaho,47,29,6,11
2016-idaho-president-trump-vs-clinton,2016,idaho,NA,NA,7,NA,26793,UPI/CVOTER,2016-10-30,2016-11-06,Likely Voters,322,Internet,Nonpartisan,None,2,2016_26793_idaho,60,33,NA,NA
2016-idaho-president-trump-vs-clinton,2016,idaho,NA,NA,17,NA,26806,Ipsos/Reuters,2016-10-17,2016-11-06,Likely Voters,325,Internet,Nonpartisan,None,2,2016_26806_idaho,53,30,NA,NA
2016-idaho-president-trump-vs-clinton,2016,idaho,NA,NA,1,2,26596,SurveyMonkey,2016-10-25,2016-10-31,Likely Voters,447,Internet,Nonpartisan,None,8,2016_26596_idaho,49,31,10,7
2016-idaho-president-trump-vs-clinton,2016,idaho,NA,NA,6,NA,26592,UPI/CVOTER,2016-10-23,2016-10-29,Likely Voters,318,Internet,Nonpartisan,None,10,2016_26592_idaho,61,34,NA,NA
2016-idaho-president-trump-vs-clinton,2016,idaho,NA,NA,8,2,26516,Rasmussen/Heat Street,2016-10-23,2016-10-24,Likely Voters,750,IVR/Online,Nonpartisan,None,15,2016_26516_idaho,48,29,6,10
2016-idaho-president-trump-vs-clinton,2016,idaho,NA,NA,4,2,26441,SurveyMonkey,2016-10-18,2016-10-24,Likely Voters,438,Internet,Nonpartisan,None,15,2016_26441_idaho,50,29,15,NA
2016-idaho-president-trump-vs-clinton,2016,idaho,NA,NA,15,NA,26344,Ipsos/Reuters,2016-09-23,2016-10-13,Likely Voters,323,Internet,Nonpartisan,None,26,2016_26344_idaho,54,31,NA,NA
2016-idaho-president-trump-vs-clinton,2016,idaho,NA,NA,14,NA,26105,Ipsos/Reuters,2016-09-16,2016-10-06,Likely Voters,320,Internet,Nonpartisan,None,33,2016_26105_idaho,55,31,NA,NA
2016-idaho-president-trump-vs-clinton,2016,idaho,NA,NA,12,NA,25545,Ipsos/Reuters,2016-08-26,2016-09-15,Likely Voters,261,Internet,Nonpartisan,None,54,2016_25545_idaho,56,32,NA,NA
2016-idaho-president-trump-vs-clinton,2016,idaho,NA,NA,13,NA,25363,WashPost/SurveyMonkey,2016-08-09,2016-09-01,Registered Voters,716,Internet,Nonpartisan,None,68,2016_25363_idaho,53,34,NA,NA
2016-idaho-president-trump-vs-clinton,2016,idaho,NA,NA,7,17,24927,Dan Jones & Associates/IdahoPoliticsWeekly.com,2016-07-05,2016-07-16,Likely Voters,601,Live Phone,Nonpartisan,None,115,2016_24927_idaho,44,23,5,NA
2016-hawaii-president-trump-vs-clinton,2016,hawaii,NA,NA,4,NA,26807,SurveyMonkey,2016-11-01,2016-11-07,Likely Voters,426,Internet,Nonpartisan,None,1,2016_26807_hawaii,28,52,NA,NA
2016-hawaii-president-trump-vs-clinton,2016,hawaii,NA,NA,NA,NA,26793,UPI/CVOTER,2016-10-30,2016-11-06,Likely Voters,308,Internet,Nonpartisan,None,2,2016_26793_hawaii,31,65,NA,NA
2016-hawaii-president-trump-vs-clinton,2016,hawaii,NA,NA,3,NA,26596,SurveyMonkey,2016-10-25,2016-10-31,Likely Voters,467,Internet,Nonpartisan,None,8,2016_26596_hawaii,32,51,NA,NA
2016-hawaii-president-trump-vs-clinton,2016,hawaii,NA,NA,NA,NA,26592,UPI/CVOTER,2016-10-23,2016-10-29,Likely Voters,310,Internet,Nonpartisan,None,10,2016_26592_hawaii,33,64,NA,NA
2016-hawaii-president-trump-vs-clinton,2016,hawaii,NA,NA,3,NA,26441,SurveyMonkey,2016-10-18,2016-10-24,Likely Voters,459,Internet,Nonpartisan,None,15,2016_26441_hawaii,34,49,NA,NA
2016-hawaii-president-trump-vs-clinton,2016,hawaii,NA,NA,14,NA,25362,WashPost/SurveyMonkey,2016-08-09,2016-09-01,Registered Voters,546,Internet,Nonpartisan,None,68,2016_25362_hawaii,28,58,NA,NA
2016-delaware-president-trump-vs-clinton,2016,delaware,NA,NA,3,8,26807,SurveyMonkey,2016-11-01,2016-11-07,Likely Voters,367,Internet,Nonpartisan,None,1,2016_26807_delaware,39,50,NA,NA
2016-delaware-president-trump-vs-clinton,2016,delaware,NA,NA,NA,4,26793,UPI/CVOTER,2016-10-30,2016-11-06,Likely Voters,307,Internet,Nonpartisan,None,2,2016_26793_delaware,42,54,NA,NA
2016-delaware-president-trump-vs-clinton,2016,delaware,NA,NA,4,9,26596,SurveyMonkey,2016-10-25,2016-10-31,Likely Voters,458,Internet,Nonpartisan,None,8,2016_26596_delaware,38,50,NA,NA
2016-delaware-president-trump-vs-clinton,2016,delaware,NA,NA,NA,3,26592,UPI/CVOTER,2016-10-23,2016-10-29,Likely Voters,308,Internet,Nonpartisan,None,10,2016_26592_delaware,42,55,NA,NA
2016-delaware-president-trump-vs-clinton,2016,delaware,NA,NA,2,12,26441,SurveyMonkey,2016-10-18,2016-10-24,Likely Voters,528,Internet,Nonpartisan,None,15,2016_26441_delaware,34,52,NA,NA
2016-delaware-president-trump-vs-clinton,2016,delaware,NA,NA,9,9,25891,University of Delaware/PSRAI,2016-09-16,2016-09-28,Likely Voters,762,Live Phone,Nonpartisan,None,41,2016_25891_delaware,30,51,NA,NA
2016-delaware-president-trump-vs-clinton,2016,delaware,NA,NA,14,NA,25361,WashPost/SurveyMonkey,2016-08-09,2016-09-01,Registered Voters,637,Internet,Nonpartisan,None,68,2016_25361_delaware,36,50,NA,NA
2016-delaware-president-trump-vs-clinton,2016,delaware,NA,NA,12,14,24987,Fairleigh Dickinson/Delaware News Journal,2016-07-20,2016-07-24,Registered Voters,715,Live Phone,Nonpartisan,None,107,2016_24987_delaware,32,42,NA,NA
2016-connecticut-president-trump-vs-clinton,2016,connecticut,NA,NA,3,9,26807,SurveyMonkey,2016-11-01,2016-11-07,Likely Voters,1387,Internet,Nonpartisan,None,1,2016_26807_connecticut,36,52,NA,NA
2016-connecticut-president-trump-vs-clinton,2016,connecticut,NA,NA,NA,5,26793,UPI/CVOTER,2016-10-30,2016-11-06,Likely Voters,327,Internet,Nonpartisan,None,2,2016_26793_connecticut,40,55,NA,NA
2016-connecticut-president-trump-vs-clinton,2016,connecticut,NA,NA,10,NA,26806,Ipsos/Reuters,2016-10-17,2016-11-06,Likely Voters,515,Internet,Nonpartisan,None,2,2016_26806_connecticut,40,50,NA,NA
2016-connecticut-president-trump-vs-clinton,2016,connecticut,NA,NA,2,9,26596,SurveyMonkey,2016-10-25,2016-10-31,Likely Voters,554,Internet,Nonpartisan,None,8,2016_26596_connecticut,39,51,NA,NA
2016-connecticut-president-trump-vs-clinton,2016,connecticut,NA,NA,NA,3,26592,UPI/CVOTER,2016-10-23,2016-10-29,Likely Voters,326,Internet,Nonpartisan,None,10,2016_26592_connecticut,43,54,NA,NA
2016-connecticut-president-trump-vs-clinton,2016,connecticut,NA,NA,2,11,26441,SurveyMonkey,2016-10-18,2016-10-24,Likely Voters,515,Internet,Nonpartisan,None,15,2016_26441_connecticut,36,50,NA,NA
2016-connecticut-president-trump-vs-clinton,2016,connecticut,NA,NA,11,NA,26344,Ipsos/Reuters,2016-09-23,2016-10-13,Likely Voters,741,Internet,Nonpartisan,None,26,2016_26344_connecticut,36,53,NA,NA
2016-connecticut-president-trump-vs-clinton,2016,connecticut,NA,NA,12,NA,26102,Ipsos/Reuters,2016-09-16,2016-10-06,Likely Voters,506,Internet,Nonpartisan,None,33,2016_26102_connecticut,35,53,NA,NA
2016-connecticut-president-trump-vs-clinton,2016,connecticut,NA,NA,16,NA,25542,Ipsos/Reuters,2016-08-26,2016-09-15,Likely Voters,674,Internet,Nonpartisan,None,54,2016_25542_connecticut,37,47,NA,NA
2016-connecticut-president-trump-vs-clinton,2016,connecticut,NA,NA,10,NA,25360,WashPost/SurveyMonkey,2016-08-09,2016-09-01,Registered Voters,1053,Internet,Nonpartisan,None,68,2016_25360_connecticut,39,51,NA,NA
2016-connecticut-president-trump-vs-clinton,2016,connecticut,NA,NA,14,3,24627,Quinnipiac,2016-06-01,2016-06-05,Registered Voters,1030,Live Phone,Nonpartisan,None,156,2016_24627_connecticut,38,45,NA,NA
2016-connecticut-president-trump-vs-clinton,2016,connecticut,NA,NA,12,NA,24256,Emerson College Polling Society,2016-04-10,2016-04-11,Likely Voters,1043,Automated Phone,Nonpartisan,None,211,2016_24256_connecticut,40,48,NA,NA
2016-connecticut-president-trump-vs-clinton,2016,connecticut,NA,NA,11,2,22907,Quinnipiac,2015-10-07,2015-10-11,Registered Voters,1735,Live Phone,Nonpartisan,None,394,2016_22907_connecticut,40,47,NA,NA
2016-arkansas-president-trump-vs-clinton,2016,arkansas,NA,NA,2,9,26807,SurveyMonkey,2016-11-01,2016-11-07,Likely Voters,930,Internet,Nonpartisan,None,1,2016_26807_arkansas,56,32,NA,NA
2016-arkansas-president-trump-vs-clinton,2016,arkansas,NA,NA,NA,6,26793,UPI/CVOTER,2016-10-30,2016-11-06,Likely Voters,323,Internet,Nonpartisan,None,2,2016_26793_arkansas,57,37,NA,NA
2016-arkansas-president-trump-vs-clinton,2016,arkansas,NA,NA,9,NA,26806,Ipsos/Reuters,2016-10-17,2016-11-06,Likely Voters,515,Internet,Nonpartisan,None,2,2016_26806_arkansas,53,38,NA,NA
2016-arkansas-president-trump-vs-clinton,2016,arkansas,NA,NA,2,7,26596,SurveyMonkey,2016-10-25,2016-10-31,Likely Voters,484,Internet,Nonpartisan,None,8,2016_26596_arkansas,52,39,NA,NA
2016-arkansas-president-trump-vs-clinton,2016,arkansas,NA,NA,NA,5,26592,UPI/CVOTER,2016-10-23,2016-10-29,Likely Voters,324,Internet,Nonpartisan,None,10,2016_26592_arkansas,58,37,NA,NA
2016-arkansas-president-trump-vs-clinton,2016,arkansas,NA,NA,18,NA,26670,U of Arkansas,2016-10-18,2016-10-25,Likely Voters,585,Live Phone,Nonpartisan,None,14,2016_26670_arkansas,51,31,NA,NA
2016-arkansas-president-trump-vs-clinton,2016,arkansas,NA,NA,2,12,26441,SurveyMonkey,2016-10-18,2016-10-24,Likely Voters,498,Internet,Nonpartisan,None,15,2016_26441_arkansas,54,33,NA,NA
2016-arkansas-president-trump-vs-clinton,2016,arkansas,NA,NA,12,NA,26344,Ipsos/Reuters,2016-09-23,2016-10-13,Likely Voters,495,Internet,Nonpartisan,None,26,2016_26344_arkansas,52,36,NA,NA
2016-arkansas-president-trump-vs-clinton,2016,arkansas,NA,NA,9,NA,26099,Ipsos/Reuters,2016-09-16,2016-10-06,Likely Voters,475,Internet,Nonpartisan,None,33,2016_26099_arkansas,53,38,NA,NA
2016-arkansas-president-trump-vs-clinton,2016,arkansas,NA,NA,8,NA,25539,Ipsos/Reuters,2016-08-26,2016-09-15,Likely Voters,437,Internet,Nonpartisan,None,54,2016_25539_arkansas,51,41,NA,NA
2016-arkansas-president-trump-vs-clinton,2016,arkansas,NA,NA,5,NA,25358,WashPost/SurveyMonkey,2016-08-09,2016-09-01,Registered Voters,765,Internet,Nonpartisan,None,68,2016_25358_arkansas,54,41,NA,NA
2016-arkansas-president-trump-vs-clinton,2016,arkansas,NA,NA,9,8,24779,Hendrix College/Talk Business,2016-06-21,2016-06-21,Registered Voters,751,Automated Phone,Nonpartisan,None,140,2016_24779_arkansas,47,36,NA,NA
2016-alaska-president-trump-vs-clinton,2016,alaska,NA,NA,3,7,26807,SurveyMonkey,2016-11-01,2016-11-07,Likely Voters,409,Internet,Nonpartisan,None,1,2016_26807_alaska,48,31,12,NA
2016-alaska-president-trump-vs-clinton,2016,alaska,NA,NA,7,NA,26793,UPI/CVOTER,2016-10-30,2016-11-06,Likely Voters,308,Internet,Nonpartisan,None,2,2016_26793_alaska,53,41,NA,NA
2016-alaska-president-trump-vs-clinton,2016,alaska,NA,NA,2,2,26596,SurveyMonkey,2016-10-25,2016-10-31,Likely Voters,300,Internet,Nonpartisan,None,8,2016_26596_alaska,46,38,13,NA
2016-alaska-president-trump-vs-clinton,2016,alaska,NA,NA,4,NA,26592,UPI/CVOTER,2016-10-23,2016-10-29,Likely Voters,304,Internet,Nonpartisan,None,10,2016_26592_alaska,55,41,NA,NA
2016-alaska-president-trump-vs-clinton,2016,alaska,NA,NA,NA,3,26551,Craciun Research (D),2016-10-21,2016-10-26,Likely Voters,400,Live Phone,Pollster,Dem,13,2016_26551_alaska,43,47,7,NA
2016-alaska-president-trump-vs-clinton,2016,alaska,NA,NA,2,5,26441,SurveyMonkey,2016-10-18,2016-10-24,Likely Voters,443,Internet,Nonpartisan,None,15,2016_26441_alaska,46,31,16,NA
2016-alaska-president-trump-vs-clinton,2016,alaska,NA,NA,18,2,26094,Moore (R-Murkowski),2016-10-05,2016-10-06,Likely Voters,500,Live Phone,Sponsor,Rep,33,2016_26094_alaska,37,34,10,NA
2016-alaska-president-trump-vs-clinton,2016,alaska,NA,NA,12,NA,26166,Alaska Survey Research/Alaska Dispatch News,2016-09-28,2016-10-02,Registered Voters,660,Live Phone,Nonpartisan,None,37,2016_26166_alaska,46,42,NA,NA
2016-alaska-president-trump-vs-clinton,2016,alaska,NA,NA,16,4,26093,Moore (R-Murkowski),2016-09-13,2016-09-15,Likely Voters,500,Live Phone,Sponsor,Rep,54,2016_26093_alaska,39,31,9,NA
2016-alaska-president-trump-vs-clinton,2016,alaska,NA,NA,14,NA,25357,WashPost/SurveyMonkey,2016-08-09,2016-09-01,Registered Voters,989,Internet,Nonpartisan,None,68,2016_25357_alaska,47,39,NA,NA
2016-alaska-president-trump-vs-clinton,2016,alaska,NA,NA,17,4,25407,Moore (R-Murkowski),2016-08-27,2016-08-29,Likely Voters,500,Live Phone,Sponsor,Rep,71,2016_25407_alaska,39,29,10,NA
2016-alabama-president-trump-vs-clinton,2016,alabama,NA,NA,2,NA,26807,SurveyMonkey,2016-11-01,2016-11-07,Likely Voters,1131,Internet,Nonpartisan,None,1,2016_26807_alabama,55,36,NA,NA
2016-alabama-president-trump-vs-clinton,2016,alabama,NA,NA,5,NA,26793,UPI/CVOTER,2016-10-30,2016-11-06,Likely Voters,341,Internet,Nonpartisan,None,2,2016_26793_alabama,58,37,NA,NA
2016-alabama-president-trump-vs-clinton,2016,alabama,NA,NA,8,NA,26806,Ipsos/Reuters,2016-10-17,2016-11-06,Likely Voters,585,Internet,Nonpartisan,None,2,2016_26806_alabama,54,38,NA,NA
2016-alabama-president-trump-vs-clinton,2016,alabama,NA,NA,3,NA,26596,SurveyMonkey,2016-10-25,2016-10-31,Likely Voters,485,Internet,Nonpartisan,None,8,2016_26596_alabama,55,35,NA,NA
2016-alabama-president-trump-vs-clinton,2016,alabama,NA,NA,5,NA,26592,UPI/CVOTER,2016-10-23,2016-10-29,Likely Voters,349,Internet,Nonpartisan,None,10,2016_26592_alabama,58,37,NA,NA
2016-alabama-president-trump-vs-clinton,2016,alabama,NA,NA,2,NA,26441,SurveyMonkey,2016-10-18,2016-10-24,Likely Voters,415,Internet,Nonpartisan,None,15,2016_26441_alabama,52,36,NA,NA
2016-alabama-president-trump-vs-clinton,2016,alabama,NA,NA,NA,NA,26288,UPI/CVOTER,2016-10-09,2016-10-16,Likely Voters,327,Internet,Nonpartisan,None,23,2016_26288_alabama,57,38,NA,NA
2016-alabama-president-trump-vs-clinton,2016,alabama,NA,NA,8,NA,26344,Ipsos/Reuters,2016-09-23,2016-10-13,Likely Voters,550,Internet,Nonpartisan,None,26,2016_26344_alabama,54,38,NA,NA
2016-alabama-president-trump-vs-clinton,2016,alabama,NA,NA,6,NA,26097,Ipsos/Reuters,2016-09-16,2016-10-06,Likely Voters,580,Internet,Nonpartisan,None,33,2016_26097_alabama,57,37,NA,NA
2016-alabama-president-trump-vs-clinton,2016,alabama,NA,NA,NA,NA,25898,UPI/CVOTER,2016-09-19,2016-10-02,Likely Voters,545,Internet,Nonpartisan,None,37,2016_25898_alabama,59,36,NA,NA
2016-alabama-president-trump-vs-clinton,2016,alabama,NA,NA,7,NA,25537,Ipsos/Reuters,2016-08-26,2016-09-15,Likely Voters,628,Internet,Nonpartisan,None,54,2016_25537_alabama,53,40,NA,NA
2016-alabama-president-trump-vs-clinton,2016,alabama,NA,NA,7,NA,25356,WashPost/SurveyMonkey,2016-08-09,2016-09-01,Registered Voters,958,Internet,Nonpartisan,None,68,2016_25356_alabama,57,36,NA,NA
2016-texas-president-trump-vs-clinton,2016,texas,NA,NA,3,2,26807,SurveyMonkey,2016-11-01,2016-11-07,Likely Voters,3009,Internet,Nonpartisan,None,1,2016_26807_texas,46,43,NA,NA
2016-texas-president-trump-vs-clinton,2016,texas,NA,NA,NA,6,26793,UPI/CVOTER,2016-10-30,2016-11-06,Likely Voters,472,Internet,Nonpartisan,None,2,2016_26793_texas,54,40,NA,NA
2016-texas-president-trump-vs-clinton,2016,texas,NA,NA,12,NA,26806,Ipsos/Reuters,2016-10-17,2016-11-06,Likely Voters,1213,Internet,Nonpartisan,None,2,2016_26806_texas,49,39,NA,NA
2016-texas-president-trump-vs-clinton,2016,texas,NA,NA,2,8,26684,NBC/WSJ/Marist,2016-10-30,2016-11-01,Likely Voters,679,Live Phone,Nonpartisan,None,7,2016_26684_texas,49,41,NA,NA
2016-texas-president-trump-vs-clinton,2016,texas,NA,NA,NA,5,26596,SurveyMonkey,2016-10-25,2016-10-31,Likely Voters,2051,Internet,Nonpartisan,None,8,2016_26596_texas,47,41,NA,NA
2016-texas-president-trump-vs-clinton,2016,texas,NA,NA,4,2,26652,Dixie Strategies (R)/KTVT-CBS 11,2016-10-27,2016-10-29,Likely Voters,980,IVR/Live Phone,Pollster,Rep,10,2016_26652_texas,52,39,NA,NA
2016-texas-president-trump-vs-clinton,2016,texas,NA,NA,NA,5,26592,UPI/CVOTER,2016-10-23,2016-10-29,Likely Voters,429,Internet,Nonpartisan,None,10,2016_26592_texas,55,41,NA,NA
2016-texas-president-trump-vs-clinton,2016,texas,NA,NA,10,NA,26524,Pulse/Crosswind,2016-10-22,2016-10-24,Likely Voters,800,IVR/Online,Nonpartisan,None,15,2016_26524_texas,45,38,NA,NA
2016-texas-president-trump-vs-clinton,2016,texas,NA,NA,NA,6,26441,SurveyMonkey,2016-10-18,2016-10-24,Likely Voters,2148,Internet,Nonpartisan,None,15,2016_26441_texas,47,40,NA,NA
2016-texas-president-trump-vs-clinton,2016,texas,NA,NA,NA,7,26496,YouGov/University of Texas/Texas Tribune,2016-10-14,2016-10-23,Likely Voters,959,Internet,Nonpartisan,None,16,2016_26496_texas,45,42,NA,NA
2016-texas-president-trump-vs-clinton,2016,texas,NA,NA,3,3,26381,CBS/YouGov,2016-10-20,2016-10-21,Likely Voters,1031,Internet,Nonpartisan,None,18,2016_26381_texas,46,43,NA,NA
2016-texas-president-trump-vs-clinton,2016,texas,NA,NA,5,NA,26250,WashPost/SurveyMonkey,2016-10-08,2016-10-16,Likely Voters,1332,Internet,Nonpartisan,None,23,2016_26250_texas,48,46,NA,NA
2016-texas-president-trump-vs-clinton,2016,texas,NA,NA,13,4,26255,University of Houston,2016-10-07,2016-10-15,Likely Voters,1000,Live Phone,Nonpartisan,None,24,2016_26255_texas,41,38,NA,NA
2016-texas-president-trump-vs-clinton,2016,texas,NA,NA,11,NA,26344,Ipsos/Reuters,2016-09-23,2016-10-13,Likely Voters,831,Internet,Nonpartisan,None,26,2016_26344_texas,57,32,NA,NA
2016-texas-president-trump-vs-clinton,2016,texas,NA,NA,5,1,26172,SurveyUSA/TEGNA,2016-10-10,2016-10-12,Likely Voters,638,IVR/Online,Sponsor,Other,27,2016_26172_texas,47,43,NA,NA
2016-texas-president-trump-vs-clinton,2016,texas,NA,NA,16,NA,26132,Ipsos/Reuters,2016-09-16,2016-10-06,Likely Voters,1111,Internet,Nonpartisan,None,33,2016_26132_texas,50,34,NA,NA
2016-texas-president-trump-vs-clinton,2016,texas,NA,NA,10,3,26653,Dixie Strategies (R)/KTVT-CBS 11,2016-09-29,2016-10-01,Likely Voters,780,IVR/Live Phone,Pollster,Rep,38,2016_26653_texas,45,38,NA,NA
2016-texas-president-trump-vs-clinton,2016,texas,NA,NA,20,NA,25571,Ipsos/Reuters,2016-08-26,2016-09-15,Likely Voters,869,Internet,Nonpartisan,None,54,2016_25571_texas,51,29,NA,NA
2016-texas-president-trump-vs-clinton,2016,texas,NA,NA,21,NA,25501,Texas Lyceum,2016-09-01,2016-09-11,Likely Voters,502,Live Phone,Nonpartisan,None,58,2016_25501_texas,42,36,NA,NA
2016-texas-president-trump-vs-clinton,2016,texas,NA,NA,9,NA,25352,Washington Post/SurveyMonkey,2016-08-09,2016-09-01,Registered Voters,5147,Internet,Nonpartisan,None,68,2016_25352_texas,45,46,NA,NA
2016-texas-president-trump-vs-clinton,2016,texas,NA,NA,10,2,25184,PPP (D),2016-08-12,2016-08-14,Likely Voters,944,IVR/Online,Pollster,Dem,86,2016_25184_texas,44,38,NA,NA
2016-texas-president-trump-vs-clinton,2016,texas,NA,NA,9,9,25185,Dixie Strategies (R)/KTVT-CBS 11,2016-08-08,2016-08-09,Likely Voters,1018,IVR/Live Phone,Pollster,Rep,91,2016_25185_texas,46,36,NA,NA
2016-texas-president-trump-vs-clinton,2016,texas,NA,NA,8,19,24775,YouGov/University of Texas/Texas Tribune,2016-06-10,2016-06-19,Registered Voters,1200,Internet,Nonpartisan,None,142,2016_24775_texas,41,33,NA,NA
2016-texas-president-trump-vs-clinton,2016,texas,NA,NA,25,NA,22837,Texas Lyceum,2015-09-08,2015-09-21,Likely Voters,633,Live Phone,Nonpartisan,None,414,2016_22837_texas,39,37,NA,NA
2016-south-carolina-president-trump-vs-clinton,2016,south-carolina,NA,NA,3,8,26807,SurveyMonkey,2016-11-01,2016-11-07,Likely Voters,1698,Internet,Nonpartisan,None,1,2016_26807_south-carolina,47,43,NA,NA
2016-south-carolina-president-trump-vs-clinton,2016,south-carolina,NA,NA,NA,5,26793,UPI/CVOTER,2016-10-30,2016-11-06,Likely Voters,338,Internet,Nonpartisan,None,2,2016_26793_south-carolina,53,42,NA,NA
2016-south-carolina-president-trump-vs-clinton,2016,south-carolina,NA,NA,7,NA,26806,Ipsos/Reuters,2016-10-17,2016-11-06,Likely Voters,617,Internet,Nonpartisan,None,2,2016_26806_south-carolina,49,44,NA,NA
2016-south-carolina-president-trump-vs-clinton,2016,south-carolina,NA,NA,3,8,26596,SurveyMonkey,2016-10-25,2016-10-31,Likely Voters,1762,Internet,Nonpartisan,None,8,2016_26596_south-carolina,45,43,NA,NA
2016-south-carolina-president-trump-vs-clinton,2016,south-carolina,NA,NA,NA,4,26592,UPI/CVOTER,2016-10-23,2016-10-29,Likely Voters,325,Internet,Nonpartisan,None,10,2016_26592_south-carolina,54,42,NA,NA
2016-south-carolina-president-trump-vs-clinton,2016,south-carolina,NA,NA,3,9,26441,SurveyMonkey,2016-10-18,2016-10-24,Likely Voters,1900,Internet,Nonpartisan,None,15,2016_26441_south-carolina,45,43,NA,NA
2016-south-carolina-president-trump-vs-clinton,2016,south-carolina,NA,NA,5,NA,26344,Ipsos/Reuters,2016-09-23,2016-10-13,Likely Voters,751,Internet,Nonpartisan,None,26,2016_26344_south-carolina,49,46,NA,NA
2016-south-carolina-president-trump-vs-clinton,2016,south-carolina,NA,NA,5,NA,26130,Ipsos/Reuters,2016-09-16,2016-10-06,Likely Voters,528,Internet,Nonpartisan,None,33,2016_26130_south-carolina,48,47,NA,NA
2016-south-carolina-president-trump-vs-clinton,2016,south-carolina,NA,NA,11,9,25802,Winthrop University,2016-09-18,2016-09-26,Likely Voters,475,Live Phone,Nonpartisan,None,43,2016_25802_south-carolina,42,38,NA,NA
2016-south-carolina-president-trump-vs-clinton,2016,south-carolina,NA,NA,6,NA,25569,Ipsos/Reuters,2016-08-26,2016-09-15,Likely Voters,703,Internet,Nonpartisan,None,54,2016_25569_south-carolina,51,43,NA,NA
2016-south-carolina-president-trump-vs-clinton,2016,south-carolina,NA,NA,11,7,25476,Starboard Communications (R- SCGOP),2016-09-07,2016-09-09,Likely Voters,600,Live Phone,Pollster,Rep,60,2016_25476_south-carolina,48,35,NA,NA
2016-south-carolina-president-trump-vs-clinton,2016,south-carolina,NA,NA,8,NA,25389,WashPost/SurveyMonkey,2016-08-09,2016-09-01,Registered Voters,894,Internet,Nonpartisan,None,68,2016_25389_south-carolina,49,42,NA,NA
2016-south-carolina-president-trump-vs-clinton,2016,south-carolina,NA,NA,16,6,25249,Feldman (D-South Carolina Democratic Party),2016-08-18,2016-08-21,Likely Voters,600,Live Phone,Sponsor,Dem,79,2016_25249_south-carolina,39,39,NA,NA
2016-south-carolina-president-trump-vs-clinton,2016,south-carolina,NA,NA,12,NA,25222,Gravis Marketing,2016-08-15,2016-08-17,Registered Voters,768,IVR/Online,Nonpartisan,None,83,2016_25222_south-carolina,46,42,NA,NA
2016-south-carolina-president-trump-vs-clinton,2016,south-carolina,NA,NA,13,7,25127,PPP (D),2016-08-09,2016-08-10,Likely Voters,1290,IVR/Online,Pollster,Dem,90,2016_25127_south-carolina,41,39,NA,NA
2016-south-carolina-president-trump-vs-clinton,2016,south-carolina,NA,NA,15,NA,23186,Morning Consult/Campaign for Sustainable Rx Pricing,2015-11-10,2015-11-16,Registered Voters,627,Live Phone/Online,Nonpartisan,None,358,2016_23186_south-carolina,44,41,NA,NA
2016-south-carolina-president-trump-vs-clinton,2016,south-carolina,NA,NA,11,NA,23160,PPP (D),2015-11-07,2015-11-08,Likely Voters,1290,IVR/Online,Pollster,Dem,366,2016_23160_south-carolina,47,42,NA,NA
2016-maine-president-trump-vs-clinton,2016,maine,NA,NA,2,5,26807,SurveyMonkey,2016-11-01,2016-11-07,Likely Voters,779,Internet,Nonpartisan,None,1,2016_26807_maine,38,46,NA,NA
2016-maine-president-trump-vs-clinton,2016,maine,NA,NA,NA,5,26793,UPI/CVOTER,2016-10-30,2016-11-06,Likely Voters,308,Internet,Nonpartisan,None,2,2016_26793_maine,41,54,NA,NA
2016-maine-president-trump-vs-clinton,2016,maine,NA,NA,23,NA,26806,Ipsos/Reuters,2016-10-17,2016-11-06,Likely Voters,304,Internet,Nonpartisan,None,2,2016_26806_maine,35,42,NA,NA
2016-maine-president-trump-vs-clinton,2016,maine,NA,NA,4,4,26596,SurveyMonkey,2016-10-25,2016-10-31,Likely Voters,432,Internet,Nonpartisan,None,8,2016_26596_maine,37,49,NA,NA
2016-maine-president-trump-vs-clinton,2016,maine,NA,NA,NA,3,26592,UPI/CVOTER,2016-10-23,2016-10-29,Likely Voters,312,Internet,Nonpartisan,None,10,2016_26592_maine,43,54,NA,NA
2016-maine-president-trump-vs-clinton,2016,maine,NA,NA,13,NA,26601,MPRC,2016-10-24,2016-10-26,Likely Voters,812,IVR/Online,Nonpartisan,None,13,2016_26601_maine,40,47,NA,NA
2016-maine-president-trump-vs-clinton,2016,maine,NA,NA,3,6,26553,UNH/Portland Press Herald/Maine Sunday Telegram,2016-10-20,2016-10-25,Likely Voters,646,Live Phone,Nonpartisan,None,14,2016_26553_maine,37,48,NA,NA
2016-maine-president-trump-vs-clinton,2016,maine,NA,NA,3,4,26441,SurveyMonkey,2016-10-18,2016-10-24,Likely Voters,370,Internet,Nonpartisan,None,15,2016_26441_maine,35,51,NA,NA
2016-maine-president-trump-vs-clinton,2016,maine,NA,NA,12,NA,26350,MPRC,2016-10-14,2016-10-15,Likely Voters,890,IVR/Online,Nonpartisan,None,24,2016_26350_maine,39,49,NA,NA
2016-maine-president-trump-vs-clinton,2016,maine,NA,NA,17,NA,26344,Ipsos/Reuters,2016-09-23,2016-10-13,Likely Voters,281,Internet,Nonpartisan,None,26,2016_26344_maine,35,48,NA,NA
2016-maine-president-trump-vs-clinton,2016,maine,NA,NA,11,NA,26145,MPRC,2016-10-07,2016-10-09,Likely Voters,892,IVR/Online,Nonpartisan,None,30,2016_26145_maine,40,49,NA,NA
2016-maine-president-trump-vs-clinton,2016,maine,NA,NA,21,NA,26112,Ipsos/Reuters,2016-09-16,2016-10-06,Likely Voters,303,Internet,Nonpartisan,None,33,2016_26112_maine,33,46,NA,NA
2016-maine-president-trump-vs-clinton,2016,maine,NA,NA,5,15,25648,UNH/Portland Press Herald/Maine Sunday Telegram,2016-09-15,2016-09-21,Likely Voters,513,Live Phone,Nonpartisan,None,48,2016_25648_maine,37,42,NA,NA
2016-maine-president-trump-vs-clinton,2016,maine,NA,NA,15,NA,25578,MPRC,2016-09-15,2016-09-17,Likely Voters,835,IVR/Online,Nonpartisan,None,52,2016_25578_maine,40,45,NA,NA
2016-maine-president-trump-vs-clinton,2016,maine,NA,NA,19,NA,25552,Ipsos/Reuters,2016-08-26,2016-09-15,Likely Voters,275,Internet,Nonpartisan,None,54,2016_25552_maine,40,41,NA,NA
2016-maine-president-trump-vs-clinton,2016,maine,NA,NA,5,5,25483,SurveyUSA/Boston Globe/Colby College,2016-09-04,2016-09-10,Likely Voters,779,IVR/Online,Nonpartisan,None,59,2016_25483_maine,39,42,NA,NA
2016-maine-president-trump-vs-clinton,2016,maine,NA,NA,14,NA,25370,WashPost/SurveyMonkey,2016-08-09,2016-09-01,Registered Voters,715,Internet,Nonpartisan,None,68,2016_25370_maine,39,47,NA,NA
2016-maine-president-trump-vs-clinton,2016,maine,NA,NA,13,4,25482,MPRC,2016-08-17,2016-08-20,Likely Voters,841,IVR/Online,Nonpartisan,None,80,2016_25482_maine,32,42,NA,NA
2016-maine-president-trump-vs-clinton,2016,maine,NA,NA,NA,17,25132,Gravis Marketing,2016-08-04,2016-08-08,Registered Voters,2046,IVR/Online,Nonpartisan,None,92,2016_25132_maine,36,46,NA,NA
2016-maine-president-trump-vs-clinton,2016,maine,NA,NA,4,19,24771,UNH/Portland Press Herald/Maine Sunday Telegram,2016-06-15,2016-06-21,Likely Voters,469,Live Phone,Nonpartisan,None,140,2016_24771_maine,35,42,NA,NA
2016-indiana-president-trump-vs-clinton,2016,indiana,NA,NA,3,NA,26807,SurveyMonkey,2016-11-01,2016-11-07,Likely Voters,1700,Internet,Nonpartisan,None,1,2016_26807_indiana,52,35,10,NA
2016-indiana-president-trump-vs-clinton,2016,indiana,NA,NA,NA,6,26793,UPI/CVOTER,2016-10-30,2016-11-06,Likely Voters,338,Internet,Nonpartisan,None,2,2016_26793_indiana,51,43,NA,NA
2016-indiana-president-trump-vs-clinton,2016,indiana,NA,NA,8,NA,26806,Ipsos/Reuters,2016-10-17,2016-11-06,Likely Voters,541,Internet,Nonpartisan,None,2,2016_26806_indiana,54,38,NA,NA
2016-indiana-president-trump-vs-clinton,2016,indiana,NA,NA,9,NA,26719,Gravis Marketing,2016-10-30,2016-11-01,Registered Voters,399,Internet,Nonpartisan,None,7,2016_26719_indiana,49,39,5,NA
2016-indiana-president-trump-vs-clinton,2016,indiana,NA,NA,2,NA,26596,SurveyMonkey,2016-10-25,2016-10-31,Likely Voters,674,Internet,Nonpartisan,None,8,2016_26596_indiana,51,37,10,NA
2016-indiana-president-trump-vs-clinton,2016,indiana,NA,NA,5,2,26574,Monmouth University,2016-10-27,2016-10-30,Likely Voters,402,Live Phone,Nonpartisan,None,9,2016_26574_indiana,50,39,4,NA
2016-indiana-president-trump-vs-clinton,2016,indiana,NA,NA,NA,4,26592,UPI/CVOTER,2016-10-23,2016-10-29,Likely Voters,332,Internet,Nonpartisan,None,10,2016_26592_indiana,54,42,NA,NA
2016-indiana-president-trump-vs-clinton,2016,indiana,NA,NA,8,NA,26433,Gravis Marketing,2016-10-22,2016-10-24,Registered Voters,596,Internet,Nonpartisan,None,15,2016_26433_indiana,49,38,5,NA
2016-indiana-president-trump-vs-clinton,2016,indiana,NA,NA,3,1,26441,SurveyMonkey,2016-10-18,2016-10-24,Likely Voters,688,Internet,Nonpartisan,None,15,2016_26441_indiana,48,35,13,NA
2016-indiana-president-trump-vs-clinton,2016,indiana,NA,NA,11,1,26363,WISH-TV/Ball State,2016-10-10,2016-10-16,Likely Voters,544,Live Phone,Nonpartisan,None,23,2016_26363_indiana,43,37,9,NA
2016-indiana-president-trump-vs-clinton,2016,indiana,NA,NA,5,1,26175,Monmouth University,2016-10-11,2016-10-13,Likely Voters,402,Live Phone,Nonpartisan,None,26,2016_26175_indiana,45,41,9,NA
2016-indiana-president-trump-vs-clinton,2016,indiana,NA,NA,15,NA,26344,Ipsos/Reuters,2016-09-23,2016-10-13,Likely Voters,822,Internet,Nonpartisan,None,26,2016_26344_indiana,47,38,NA,NA
2016-indiana-president-trump-vs-clinton,2016,indiana,NA,NA,7,3,26225,Lucid/The Times-Picayune,2016-10-07,2016-10-10,Likely Voters,1123,Internet,Nonpartisan,None,29,2016_26225_indiana,43,37,10,NA
2016-indiana-president-trump-vs-clinton,2016,indiana,NA,NA,13,NA,26107,Ipsos/Reuters,2016-09-16,2016-10-06,Likely Voters,844,Internet,Nonpartisan,None,33,2016_26107_indiana,50,37,NA,NA
2016-indiana-president-trump-vs-clinton,2016,indiana,NA,NA,14,NA,25547,Ipsos/Reuters,2016-08-26,2016-09-15,Likely Voters,709,Internet,Nonpartisan,None,54,2016_25547_indiana,53,33,NA,NA
2016-indiana-president-trump-vs-clinton,2016,indiana,NA,NA,11,NA,25365,WashPost/SurveyMonkey,2016-08-09,2016-09-01,Registered Voters,2294,Internet,Nonpartisan,None,68,2016_25365_indiana,52,37,NA,NA
2016-indiana-president-trump-vs-clinton,2016,indiana,NA,NA,5,1,25197,Monmouth University,2016-08-13,2016-08-16,Likely Voters,403,Live Phone,Nonpartisan,None,84,2016_25197_indiana,47,36,10,NA
2016-indiana-president-trump-vs-clinton,2016,indiana,NA,NA,11,NA,24413,NBC/WSJ/Marist,2016-04-26,2016-04-28,Registered Voters,2149,Live Phone,Nonpartisan,None,194,2016_24413_indiana,48,41,NA,NA
2016-indiana-president-trump-vs-clinton,2016,indiana,NA,NA,14,NA,24601,POS (R)/HPI/WTHR,2016-04-18,2016-04-21,Likely Voters,500,Live Phone,Pollster,Rep,201,2016_24601_indiana,47,39,NA,NA
2016-nevada-president-trump-vs-clinton,2016,nevada,NA,NA,3,NA,26807,SurveyMonkey,2016-11-01,2016-11-07,Likely Voters,1207,Internet,Nonpartisan,None,1,2016_26807_nevada,43,45,9,NA
2016-nevada-president-trump-vs-clinton,2016,nevada,NA,NA,9,3,26814,Insights West,2016-11-04,2016-11-06,Likely Voters,387,Internet,Nonpartisan,None,2,2016_26814_nevada,42,42,4,NA
2016-nevada-president-trump-vs-clinton,2016,nevada,NA,NA,NA,5,26793,UPI/CVOTER,2016-10-30,2016-11-06,Likely Voters,323,Internet,Nonpartisan,None,2,2016_26793_nevada,46,49,NA,NA
2016-nevada-president-trump-vs-clinton,2016,nevada,NA,NA,13,NA,26806,Ipsos/Reuters,2016-10-17,2016-11-06,Likely Voters,571,Internet,Nonpartisan,None,2,2016_26806_nevada,42,45,NA,NA
2016-nevada-president-trump-vs-clinton,2016,nevada,NA,NA,4,2,26763,Remington Research Group (R)/Axiom Strategies,2016-11-01,2016-11-02,Likely Voters,1793,IVR/Live Phone,Sponsor,Rep,6,2016_26763_nevada,46,45,3,NA
2016-nevada-president-trump-vs-clinton,2016,nevada,NA,NA,7,NA,26703,PPP (D-Center for American Progress Action Fund),2016-10-31,2016-11-01,Likely Voters,688,IVR/Online,Sponsor,Dem,7,2016_26703_nevada,45,48,NA,NA
2016-nevada-president-trump-vs-clinton,2016,nevada,NA,NA,7,2,26643,Lucid/The Times-Picayune,2016-10-28,2016-11-01,Likely Voters,892,Internet,Nonpartisan,None,7,2016_26643_nevada,38,45,7,NA
2016-nevada-president-trump-vs-clinton,2016,nevada,NA,NA,4,3,26638,JMC Analytics (R)/8 News NOW,2016-10-28,2016-11-01,Likely Voters,600,Live Phone,Pollster,Rep,7,2016_26638_nevada,45,45,4,NA
2016-nevada-president-trump-vs-clinton,2016,nevada,NA,NA,1,2,26621,CNN,2016-10-27,2016-11-01,Likely Voters,790,Live Phone,Nonpartisan,None,7,2016_26621_nevada,49,43,5,NA
2016-nevada-president-trump-vs-clinton,2016,nevada,NA,NA,3,NA,26596,SurveyMonkey,2016-10-25,2016-10-31,Likely Voters,1010,Internet,Nonpartisan,None,8,2016_26596_nevada,42,43,12,NA
2016-nevada-president-trump-vs-clinton,2016,nevada,NA,NA,3,1,26562,Remington Research Group (R)/Axiom Strategies,2016-10-30,2016-10-30,Likely Voters,787,IVR/Live Phone,Sponsor,Rep,9,2016_26562_nevada,48,44,4,NA
2016-nevada-president-trump-vs-clinton,2016,nevada,NA,NA,NA,6,26592,UPI/CVOTER,2016-10-23,2016-10-29,Likely Voters,314,Internet,Nonpartisan,None,10,2016_26592_nevada,46,48,NA,NA
2016-nevada-president-trump-vs-clinton,2016,nevada,NA,NA,1,9,26487,NBC/WSJ/Marist,2016-10-20,2016-10-24,Likely Voters,707,Live Phone,Nonpartisan,None,15,2016_26487_nevada,45,45,NA,NA
2016-nevada-president-trump-vs-clinton,2016,nevada,NA,NA,2,NA,26441,SurveyMonkey,2016-10-18,2016-10-24,Likely Voters,967,Internet,Nonpartisan,None,15,2016_26441_nevada,44,44,10,NA
2016-nevada-president-trump-vs-clinton,2016,nevada,NA,NA,4,1,26416,Bendixen & Amandi-Las Vegas Review-Journal,2016-10-20,2016-10-23,Likely Voters,800,Live Phone,Pollster,Dem,16,2016_26416_nevada,41,48,6,NA
2016-nevada-president-trump-vs-clinton,2016,nevada,NA,NA,3,2,26422,Remington Research Group (R)/Axiom Strategies,2016-10-20,2016-10-22,Likely Voters,1332,IVR/Live Phone,Sponsor,Rep,17,2016_26422_nevada,47,44,4,NA
2016-nevada-president-trump-vs-clinton,2016,nevada,NA,NA,4,2,26418,Rasmussen/KTNV,2016-10-20,2016-10-22,Likely Voters,826,IVR/Online,Nonpartisan,None,17,2016_26418_nevada,42,46,5,NA
2016-nevada-president-trump-vs-clinton,2016,nevada,NA,NA,3,3,26251,Monmouth University,2016-10-14,2016-10-17,Likely Voters,413,Live Phone,Nonpartisan,None,22,2016_26251_nevada,40,47,7,NA
2016-nevada-president-trump-vs-clinton,2016,nevada,NA,NA,7,NA,26247,WashPost/SurveyMonkey,2016-10-08,2016-10-16,Likely Voters,884,Internet,Nonpartisan,None,23,2016_26247_nevada,46,47,NA,NA
2016-nevada-president-trump-vs-clinton,2016,nevada,NA,NA,0,2,26203,CNN,2016-10-10,2016-10-15,Likely Voters,698,Live Phone,Nonpartisan,None,24,2016_26203_nevada,44,46,7,NA
2016-nevada-president-trump-vs-clinton,2016,nevada,NA,NA,4,5,26185,CBS/YouGov,2016-10-12,2016-10-14,Likely Voters,996,Internet,Nonpartisan,None,25,2016_26185_nevada,40,46,4,NA
2016-nevada-president-trump-vs-clinton,2016,nevada,NA,NA,9,3,26189,JMC Analytics (R)/8 News NOW,2016-10-10,2016-10-13,Likely Voters,600,Live Phone,Pollster,Rep,26,2016_26189_nevada,41,43,4,NA
2016-nevada-president-trump-vs-clinton,2016,nevada,NA,NA,20,NA,26344,Ipsos/Reuters,2016-09-23,2016-10-13,Likely Voters,641,Internet,Nonpartisan,None,26,2016_26344_nevada,39,41,NA,NA
2016-nevada-president-trump-vs-clinton,2016,nevada,NA,NA,8,6,26159,Clarity (D-End Citizens United),2016-10-10,2016-10-11,Likely Voters,1010,IVR/Live Phone,Sponsor,Dem,28,2016_26159_nevada,43,43,NA,NA
2016-nevada-president-trump-vs-clinton,2016,nevada,NA,NA,10,NA,26151,PPP (D-Cortez Masto),2016-10-10,2016-10-11,Likely Voters,986,IVR/Online,Sponsor,Dem,28,2016_26151_nevada,43,47,NA,NA
2016-nevada-president-trump-vs-clinton,2016,nevada,NA,NA,12,NA,26120,Ipsos/Reuters,2016-09-16,2016-10-06,Likely Voters,620,Internet,Nonpartisan,None,33,2016_26120_nevada,42,46,NA,NA
2016-nevada-president-trump-vs-clinton,2016,nevada,NA,NA,7,NA,25958,Hart (D)/UNLV,2016-09-27,2016-10-02,Registered Voters,700,Live Phone,Pollster,Dem,37,2016_25958_nevada,41,44,9,NA
2016-nevada-president-trump-vs-clinton,2016,nevada,NA,NA,6,5,25815,Suffolk,2016-09-27,2016-09-29,Likely Voters,500,Live Phone,Nonpartisan,None,40,2016_25815_nevada,38,44,7,NA
2016-nevada-president-trump-vs-clinton,2016,nevada,NA,NA,3,4,25610,Fox News,2016-09-18,2016-09-20,Likely Voters,704,Live Phone,Nonpartisan,None,49,2016_25610_nevada,43,40,8,NA
2016-nevada-president-trump-vs-clinton,2016,nevada,NA,NA,4,3,25638,GQR (D-Democracy Corps/WVWV),2016-09-10,2016-09-19,Likely Voters,400,Live Phone,Sponsor,Dem,50,2016_25638_nevada,42,42,7,NA
2016-nevada-president-trump-vs-clinton,2016,nevada,NA,NA,4,3,25536,Rasmussen/KTNV,2016-09-16,2016-09-18,Likely Voters,800,IVR/Online,Nonpartisan,None,51,2016_25536_nevada,42,39,11,NA
2016-nevada-president-trump-vs-clinton,2016,nevada,NA,NA,21,NA,25580,Ipsos/Reuters,2016-08-26,2016-09-15,Likely Voters,549,Internet,Nonpartisan,None,54,2016_25580_nevada,41,38,NA,NA
2016-nevada-president-trump-vs-clinton,2016,nevada,NA,NA,10,3,25628,Insights West,2016-09-12,2016-09-14,Likely Voters,398,Internet,Nonpartisan,None,55,2016_25628_nevada,42,40,5,NA
2016-nevada-president-trump-vs-clinton,2016,nevada,NA,NA,6,1,25488,Monmouth University,2016-09-11,2016-09-13,Likely Voters,406,Live Phone,Nonpartisan,None,56,2016_25488_nevada,44,42,8,NA
2016-nevada-president-trump-vs-clinton,2016,nevada,NA,NA,3,7,25443,NBC/WSJ/Marist,2016-09-06,2016-09-08,Likely Voters,627,Live Phone,Nonpartisan,None,61,2016_25443_nevada,44,45,NA,NA
2016-nevada-president-trump-vs-clinton,2016,nevada,NA,NA,13,NA,25465,PPP (D)/PNA,2016-09-06,2016-09-07,Likely Voters,815,IVR/Online,Pollster,Dem,62,2016_25465_nevada,42,45,NA,NA
2016-nevada-president-trump-vs-clinton,2016,nevada,NA,NA,10,NA,25378,WashPost/SurveyMonkey,2016-08-09,2016-09-01,Registered Voters,2776,Internet,Nonpartisan,None,68,2016_25378_nevada,43,48,NA,NA
2016-nevada-president-trump-vs-clinton,2016,nevada,NA,NA,5,5,25206,Suffolk,2016-08-15,2016-08-17,Likely Voters,500,Live Phone,Nonpartisan,None,83,2016_25206_nevada,42,44,5,NA
2016-nevada-president-trump-vs-clinton,2016,nevada,NA,NA,6,5,25080,CBS/YouGov,2016-08-02,2016-08-05,Likely Voters,993,Internet,Nonpartisan,None,95,2016_25080_nevada,41,43,4,NA
2016-nevada-president-trump-vs-clinton,2016,nevada,NA,NA,5,4,25035,Rasmussen/KTNV,2016-07-29,2016-07-31,Likely Voters,750,IVR/Online,Nonpartisan,None,100,2016_25035_nevada,40,41,10,NA
2016-nevada-president-trump-vs-clinton,2016,nevada,NA,NA,7,4,24968,Rasmussen/KTNV,2016-07-22,2016-07-24,Likely Voters,750,IVR/Online,Nonpartisan,None,107,2016_24968_nevada,43,38,8,NA
2016-nevada-president-trump-vs-clinton,2016,nevada,NA,NA,8,NA,24854,Monmouth University,2016-07-07,2016-07-10,Likely Voters,408,Live Phone,Nonpartisan,None,121,2016_24854_nevada,41,45,5,NA
2016-nevada-president-trump-vs-clinton,2016,nevada,NA,NA,4,4,24846,GQR (D-Democracy Corps/Women's Voices Women Vote),2016-06-11,2016-06-20,Likely Voters,300,Live Phone,Sponsor,Dem,141,2016_24846_nevada,47,45,NA,NA
2016-nevada-president-trump-vs-clinton,2016,nevada,NA,NA,NA,11,24933,Gravis Marketing,2016-05-24,2016-05-25,Registered Voters,1637,Automated Phone,Nonpartisan,None,167,2016_24933_nevada,47,42,NA,NA
2016-nevada-president-trump-vs-clinton,2016,nevada,NA,NA,14,NA,23187,Morning Consult/Campaign for Sustainable Rx Pricing,2015-11-10,2015-11-16,Registered Voters,628,Live Phone/Online,Nonpartisan,None,358,2016_23187_nevada,44,41,NA,NA
2016-kansas-president-trump-vs-clinton,2016,kansas,NA,NA,2,13,26807,SurveyMonkey,2016-11-01,2016-11-07,Likely Voters,1311,Internet,Nonpartisan,None,1,2016_26807_kansas,49,36,NA,NA
2016-kansas-president-trump-vs-clinton,2016,kansas,NA,NA,NA,8,26793,UPI/CVOTER,2016-10-30,2016-11-06,Likely Voters,328,Internet,Nonpartisan,None,2,2016_26793_kansas,54,39,NA,NA
2016-kansas-president-trump-vs-clinton,2016,kansas,NA,NA,8,NA,26806,Ipsos/Reuters,2016-10-17,2016-11-06,Likely Voters,519,Internet,Nonpartisan,None,2,2016_26806_kansas,54,38,NA,NA
2016-kansas-president-trump-vs-clinton,2016,kansas,NA,NA,NA,9,26729,Fort Hays State University,2016-11-01,2016-11-03,Likely Voters,313,Live Phone,Nonpartisan,None,5,2016_26729_kansas,58,34,NA,NA
2016-kansas-president-trump-vs-clinton,2016,kansas,NA,NA,2,15,26596,SurveyMonkey,2016-10-25,2016-10-31,Likely Voters,1273,Internet,Nonpartisan,None,8,2016_26596_kansas,47,36,NA,NA
2016-kansas-president-trump-vs-clinton,2016,kansas,NA,NA,6,8,26614,SurveyUSA/KSN News,2016-10-26,2016-10-30,Likely Voters,624,IVR/Online,Nonpartisan,None,9,2016_26614_kansas,49,38,NA,NA
2016-kansas-president-trump-vs-clinton,2016,kansas,NA,NA,NA,5,26592,UPI/CVOTER,2016-10-23,2016-10-29,Likely Voters,328,Internet,Nonpartisan,None,10,2016_26592_kansas,56,39,NA,NA
2016-kansas-president-trump-vs-clinton,2016,kansas,NA,NA,3,13,26441,SurveyMonkey,2016-10-18,2016-10-24,Likely Voters,1688,Internet,Nonpartisan,None,15,2016_26441_kansas,48,36,NA,NA
2016-kansas-president-trump-vs-clinton,2016,kansas,NA,NA,7,9,26275,SurveyUSA/KSN News,2016-10-11,2016-10-15,Likely Voters,581,IVR/Online,Nonpartisan,None,24,2016_26275_kansas,47,36,NA,NA
2016-kansas-president-trump-vs-clinton,2016,kansas,NA,NA,12,NA,26344,Ipsos/Reuters,2016-09-23,2016-10-13,Likely Voters,565,Internet,Nonpartisan,None,26,2016_26344_kansas,50,38,NA,NA
2016-kansas-president-trump-vs-clinton,2016,kansas,NA,NA,NA,14,26709,Fort Hays State University,2016-09-01,2016-10-13,Likely Voters,892,Live Phone,Nonpartisan,None,26,2016_26709_kansas,47,39,NA,NA
2016-kansas-president-trump-vs-clinton,2016,kansas,NA,NA,10,NA,26109,Ipsos/Reuters,2016-09-16,2016-10-06,Likely Voters,556,Internet,Nonpartisan,None,33,2016_26109_kansas,55,35,NA,NA
2016-kansas-president-trump-vs-clinton,2016,kansas,NA,NA,12,NA,25549,Ipsos/Reuters,2016-08-26,2016-09-15,Likely Voters,459,Internet,Nonpartisan,None,54,2016_25549_kansas,49,39,NA,NA
2016-kansas-president-trump-vs-clinton,2016,kansas,NA,NA,7,10,25480,SurveyUSA/KSN News,2016-09-06,2016-09-11,Likely Voters,595,IVR/Online,Nonpartisan,None,58,2016_25480_kansas,48,36,NA,NA
2016-kansas-president-trump-vs-clinton,2016,kansas,NA,NA,14,NA,25367,WashPost/SurveyMonkey,2016-08-09,2016-09-01,Registered Voters,741,Internet,Nonpartisan,None,68,2016_25367_kansas,49,37,NA,NA
2016-kansas-president-trump-vs-clinton,2016,kansas,NA,NA,9,8,25109,SurveyUSA/KSN News,2016-08-03,2016-08-07,Likely Voters,566,IVR/Live Phone,Nonpartisan,None,93,2016_25109_kansas,44,39,NA,NA
2016-kansas-president-trump-vs-clinton,2016,kansas,NA,NA,16,13,24976,Fort Hays State University/Kansas Newspapers,2016-07-11,2016-07-21,Likely Voters,542,Live Phone,Nonpartisan,None,110,2016_24976_kansas,44,27,NA,NA
2016-kansas-president-trump-vs-clinton,2016,kansas,NA,NA,9,8,24917,SurveyUSA/KSN News,2016-07-08,2016-07-11,Likely Voters,559,IVR/Live Phone,Nonpartisan,None,120,2016_24917_kansas,47,36,NA,NA
2016-kansas-president-trump-vs-clinton,2016,kansas,NA,NA,21,NA,24669,Zogby/Kansas Health Foundation,2016-06-04,2016-06-06,Registered Voters,433,IVR/Live Phone,Nonpartisan,None,155,2016_24669_kansas,36,43,NA,NA
2016-kansas-president-trump-vs-clinton,2016,kansas,NA,NA,18,NA,23980,Fort Hays State University,2016-02-19,2016-02-26,Adults,440,Live Phone,Nonpartisan,None,256,2016_23980_kansas,46,36,NA,NA
2016-colorado-president-trump-vs-clinton,2016,colorado,NA,NA,2,4,26807,SurveyMonkey,2016-11-01,2016-11-07,Likely Voters,2777,Internet,Nonpartisan,None,1,2016_26807_colorado,40,43,10,NA
2016-colorado-president-trump-vs-clinton,2016,colorado,NA,NA,NA,6,26793,UPI/CVOTER,2016-10-30,2016-11-06,Likely Voters,343,Internet,Nonpartisan,None,2,2016_26793_colorado,44,50,NA,NA
2016-colorado-president-trump-vs-clinton,2016,colorado,NA,NA,10,NA,26806,Ipsos/Reuters,2016-10-17,2016-11-06,Likely Voters,696,Internet,Nonpartisan,None,2,2016_26806_colorado,42,48,NA,NA
2016-colorado-president-trump-vs-clinton,2016,colorado,NA,NA,3,3,26721,PPP (D),2016-11-03,2016-11-04,Likely Voters,704,IVR/Online,Pollster,Dem,4,2016_26721_colorado,43,48,4,NA
2016-colorado-president-trump-vs-clinton,2016,colorado,NA,NA,6,7,26725,Keating (D-OnSight Public Affairs),2016-11-02,2016-11-03,Likely Voters,605,Live Phone,Sponsor,Dem,5,2016_26725_colorado,38,43,7,NA
2016-colorado-president-trump-vs-clinton,2016,colorado,NA,NA,6,5,26760,Remington Research Group (R)/Axiom Strategies,2016-11-01,2016-11-02,Likely Voters,1863,IVR/Live Phone,Sponsor,Rep,6,2016_26760_colorado,41,42,6,NA
2016-colorado-president-trump-vs-clinton,2016,colorado,NA,NA,3,10,26737,Gravis Marketing/Breitbart,2016-11-01,2016-11-02,Registered Voters,1125,IVR/Online,Nonpartisan,None,6,2016_26737_colorado,40,40,7,NA
2016-colorado-president-trump-vs-clinton,2016,colorado,NA,NA,7,4,26678,Magellan (R),2016-11-01,2016-11-02,Likely Voters,500,Live Phone,Pollster,Rep,6,2016_26678_colorado,38,44,7,NA
2016-colorado-president-trump-vs-clinton,2016,colorado,NA,NA,8,3,26644,Lucid/The Times-Picayune,2016-10-28,2016-11-01,Likely Voters,972,Internet,Nonpartisan,None,7,2016_26644_colorado,37,44,9,NA
2016-colorado-president-trump-vs-clinton,2016,colorado,NA,NA,7,10,26677,University of Denver/Ciruli,2016-10-29,2016-10-31,Likely Voters,550,Live Phone,Nonpartisan,None,8,2016_26677_colorado,41,42,NA,NA
2016-colorado-president-trump-vs-clinton,2016,colorado,NA,NA,2,4,26596,SurveyMonkey,2016-10-25,2016-10-31,Likely Voters,1532,Internet,Nonpartisan,None,8,2016_26596_colorado,39,43,11,NA
2016-colorado-president-trump-vs-clinton,2016,colorado,NA,NA,4,3,26567,Remington Research Group (R)/Axiom Strategies,2016-10-30,2016-10-30,Likely Voters,952,IVR/Live Phone,Sponsor,Rep,9,2016_26567_colorado,44,45,4,NA
2016-colorado-president-trump-vs-clinton,2016,colorado,NA,NA,NA,5,26592,UPI/CVOTER,2016-10-23,2016-10-29,Likely Voters,342,Internet,Nonpartisan,None,10,2016_26592_colorado,46,50,NA,NA
2016-colorado-president-trump-vs-clinton,2016,colorado,NA,NA,5,6,26546,CBS/YouGov,2016-10-26,2016-10-28,Likely Voters,997,Internet,Nonpartisan,None,11,2016_26546_colorado,39,42,7,NA
2016-colorado-president-trump-vs-clinton,2016,colorado,NA,NA,3,3,26441,SurveyMonkey,2016-10-18,2016-10-24,Likely Voters,1595,Internet,Nonpartisan,None,15,2016_26441_colorado,38,44,12,NA
2016-colorado-president-trump-vs-clinton,2016,colorado,NA,NA,NA,13,26672,U Colorado Boulder,2016-10-17,2016-10-24,Adults,1004,Internet,Nonpartisan,None,15,2016_26672_colorado,34,44,9,NA
2016-colorado-president-trump-vs-clinton,2016,colorado,NA,NA,4,2,26419,Remington Research Group (R)/Axiom Strategies,2016-10-20,2016-10-22,Likely Voters,1581,IVR/Live Phone,Sponsor,Rep,17,2016_26419_colorado,43,45,5,NA
2016-colorado-president-trump-vs-clinton,2016,colorado,NA,NA,5,4,26214,Quinnipiac,2016-10-10,2016-10-16,Likely Voters,685,Live Phone,Nonpartisan,None,23,2016_26214_colorado,37,45,10,NA
2016-colorado-president-trump-vs-clinton,2016,colorado,NA,NA,8,NA,26239,WashPost/SurveyMonkey,2016-10-08,2016-10-16,Likely Voters,956,Internet,Nonpartisan,None,23,2016_26239_colorado,41,50,NA,NA
2016-colorado-president-trump-vs-clinton,2016,colorado,NA,NA,6,7,26256,Magellan (R),2016-10-12,2016-10-13,Likely Voters,500,Live Phone,Pollster,Rep,26,2016_26256_colorado,35,40,12,NA
2016-colorado-president-trump-vs-clinton,2016,colorado,NA,NA,9,2,26186,Gravis Marketing/Breitbart,2016-10-12,2016-10-13,Registered Voters,1226,IVR/Online,Nonpartisan,None,26,2016_26186_colorado,39,44,6,NA
2016-colorado-president-trump-vs-clinton,2016,colorado,NA,NA,12,NA,26344,Ipsos/Reuters,2016-09-23,2016-10-13,Likely Voters,695,Internet,Nonpartisan,None,26,2016_26344_colorado,41,47,NA,NA
2016-colorado-president-trump-vs-clinton,2016,colorado,NA,NA,10,NA,26101,Ipsos/Reuters,2016-09-16,2016-10-06,Likely Voters,710,Internet,Nonpartisan,None,33,2016_26101_colorado,45,45,NA,NA
2016-colorado-president-trump-vs-clinton,2016,colorado,NA,NA,6,3,26008,Gravis Marketing/Breitbart,2016-10-03,2016-10-04,Registered Voters,1246,IVR/Online,Nonpartisan,None,35,2016_26008_colorado,40,40,10,NA
2016-colorado-president-trump-vs-clinton,2016,colorado,NA,NA,3,4,25839,Monmouth University,2016-09-29,2016-10-02,Likely Voters,400,Live Phone,Nonpartisan,None,37,2016_25839_colorado,38,49,7,NA
2016-colorado-president-trump-vs-clinton,2016,colorado,NA,NA,6,7,25892,Keating (D),2016-09-27,2016-09-29,Likely Voters,602,Live Phone,Pollster,Dem,40,2016_25892_colorado,33,44,10,NA
2016-colorado-president-trump-vs-clinton,2016,colorado,NA,NA,6,2,25795,PPP (D-Vote Vets Action Fund),2016-09-27,2016-09-28,Likely Voters,694,IVR/Online,Pollster,Dem,41,2016_25795_colorado,40,46,6,NA
2016-colorado-president-trump-vs-clinton,2016,colorado,NA,NA,0,3,25651,CNN,2016-09-20,2016-09-25,Likely Voters,784,Live Phone,Nonpartisan,None,44,2016_25651_colorado,42,41,13,NA
2016-colorado-president-trump-vs-clinton,2016,colorado,NA,NA,10,11,25645,CBS/YouGov,2016-09-21,2016-09-23,Likely Voters,991,Internet,Nonpartisan,None,46,2016_25645_colorado,39,40,NA,NA
2016-colorado-president-trump-vs-clinton,2016,colorado,NA,NA,2,2,25622,Quinnipiac,2016-09-13,2016-09-21,Likely Voters,644,Live Phone,Nonpartisan,None,48,2016_25622_colorado,42,44,10,NA
2016-colorado-president-trump-vs-clinton,2016,colorado,NA,NA,7,14,25616,Franklin and Marshall College/Colorado Mesa University,2016-09-14,2016-09-18,Likely Voters,350,Live Phone/Online,Nonpartisan,None,51,2016_25616_colorado,35,44,NA,NA
2016-colorado-president-trump-vs-clinton,2016,colorado,NA,NA,17,NA,25541,Ipsos/Reuters,2016-08-26,2016-09-15,Likely Voters,563,Internet,Nonpartisan,None,54,2016_25541_colorado,43,40,NA,NA
2016-colorado-president-trump-vs-clinton,2016,colorado,NA,NA,10,NA,25349,WashPost/SurveyMonkey,2016-08-09,2016-09-01,Registered Voters,2428,Internet,Nonpartisan,None,68,2016_25349_colorado,44,46,NA,NA
2016-colorado-president-trump-vs-clinton,2016,colorado,NA,NA,6,4,25419,Magellan (R),2016-08-29,2016-08-31,Likely Voters,500,Live Phone,Pollster,Rep,69,2016_25419_colorado,36,41,13,NA
2016-colorado-president-trump-vs-clinton,2016,colorado,NA,NA,9,4,25199,Quinnipiac,2016-08-09,2016-08-16,Likely Voters,830,Live Phone,Nonpartisan,None,84,2016_25199_colorado,39,49,NA,NA
2016-colorado-president-trump-vs-clinton,2016,colorado,NA,NA,6,15,25150,NBC/WSJ/Marist,2016-08-04,2016-08-10,Registered Voters,899,Live Phone,Nonpartisan,None,90,2016_25150_colorado,32,46,NA,NA
2016-colorado-president-trump-vs-clinton,2016,colorado,NA,NA,11,11,24882,FOX,2016-07-09,2016-07-12,Registered Voters,600,Live Phone,Nonpartisan,None,119,2016_24882_colorado,34,44,NA,NA
2016-colorado-president-trump-vs-clinton,2016,colorado,NA,NA,7,6,24875,Monmouth University,2016-07-09,2016-07-12,Likely Voters,404,Live Phone,Nonpartisan,None,119,2016_24875_colorado,35,48,5,NA
2016-colorado-president-trump-vs-clinton,2016,colorado,NA,NA,NA,21,24895,NBC/WSJ/Marist,2016-07-05,2016-07-11,Registered Voters,794,Live Phone,Nonpartisan,None,120,2016_24895_colorado,35,43,NA,NA
2016-colorado-president-trump-vs-clinton,2016,colorado,NA,NA,4,14,24868,Harper (R),2016-07-07,2016-07-09,Likely Voters,500,IVR/Live Phone,Pollster,Rep,122,2016_24868_colorado,38,45,NA,NA
2016-colorado-president-trump-vs-clinton,2016,colorado,NA,NA,NA,16,24887,Gravis Marketing,2016-07-07,2016-07-08,Registered Voters,1313,Automated Phone,Nonpartisan,None,123,2016_24887_colorado,41,43,NA,NA
2016-colorado-president-trump-vs-clinton,2016,colorado,NA,NA,10,9,24767,CBS/YouGov,2016-06-21,2016-06-24,Likely Voters,996,Internet,Nonpartisan,None,137,2016_24767_colorado,39,40,NA,NA
2016-colorado-president-trump-vs-clinton,2016,colorado,NA,NA,11,4,23168,Quinnipiac,2015-11-11,2015-11-15,Registered Voters,1262,Live Phone,Nonpartisan,None,359,2016_23168_colorado,48,37,NA,NA
2016-new-jersey-president-trump-vs-clinton,2016,new-jersey,NA,NA,3,8,26807,SurveyMonkey,2016-11-01,2016-11-07,Likely Voters,1377,Internet,Nonpartisan,None,1,2016_26807_new-jersey,37,52,NA,NA
2016-new-jersey-president-trump-vs-clinton,2016,new-jersey,NA,NA,NA,4,26793,UPI/CVOTER,2016-10-30,2016-11-06,Likely Voters,348,Internet,Nonpartisan,None,2,2016_26793_new-jersey,41,55,NA,NA
2016-new-jersey-president-trump-vs-clinton,2016,new-jersey,NA,NA,14,NA,26806,Ipsos/Reuters,2016-10-17,2016-11-06,Likely Voters,658,Internet,Nonpartisan,None,2,2016_26806_new-jersey,38,48,NA,NA
2016-new-jersey-president-trump-vs-clinton,2016,new-jersey,NA,NA,6,5,26727,Stockton,2016-10-27,2016-11-02,Likely Voters,678,Live Phone,Nonpartisan,None,6,2016_26727_new-jersey,40,51,NA,NA
2016-new-jersey-president-trump-vs-clinton,2016,new-jersey,NA,NA,3,7,26596,SurveyMonkey,2016-10-25,2016-10-31,Likely Voters,724,Internet,Nonpartisan,None,8,2016_26596_new-jersey,35,55,NA,NA
2016-new-jersey-president-trump-vs-clinton,2016,new-jersey,NA,NA,NA,3,26592,UPI/CVOTER,2016-10-23,2016-10-29,Likely Voters,353,Internet,Nonpartisan,None,10,2016_26592_new-jersey,40,57,NA,NA
2016-new-jersey-president-trump-vs-clinton,2016,new-jersey,NA,NA,3,9,26441,SurveyMonkey,2016-10-18,2016-10-24,Likely Voters,590,Internet,Nonpartisan,None,15,2016_26441_new-jersey,36,52,NA,NA
2016-new-jersey-president-trump-vs-clinton,2016,new-jersey,NA,NA,5,4,26230,Fairleigh Dickinson,2016-10-12,2016-10-16,Likely Voters,579,Live Phone,Nonpartisan,None,23,2016_26230_new-jersey,40,51,NA,NA
2016-new-jersey-president-trump-vs-clinton,2016,new-jersey,NA,NA,18,NA,26344,Ipsos/Reuters,2016-09-23,2016-10-13,Likely Voters,1084,Internet,Nonpartisan,None,26,2016_26344_new-jersey,32,50,NA,NA
2016-new-jersey-president-trump-vs-clinton,2016,new-jersey,NA,NA,17,NA,26122,Ipsos/Reuters,2016-09-16,2016-10-06,Likely Voters,595,Internet,Nonpartisan,None,33,2016_26122_new-jersey,34,49,NA,NA
2016-new-jersey-president-trump-vs-clinton,2016,new-jersey,NA,NA,5,9,25823,Stockton,2016-09-22,2016-09-29,Likely Voters,638,Live Phone,Nonpartisan,None,40,2016_25823_new-jersey,40,46,NA,NA
2016-new-jersey-president-trump-vs-clinton,2016,new-jersey,NA,NA,18,NA,25561,Ipsos/Reuters,2016-08-26,2016-09-15,Likely Voters,982,Internet,Nonpartisan,None,54,2016_25561_new-jersey,33,49,NA,NA
2016-new-jersey-president-trump-vs-clinton,2016,new-jersey,NA,NA,7,15,26163,Rutgers-Eagleton,2016-09-06,2016-09-10,Registered Voters,726,Live Phone,Nonpartisan,None,59,2016_26163_new-jersey,29,50,NA,NA
2016-new-jersey-president-trump-vs-clinton,2016,new-jersey,NA,NA,9,NA,25380,WashPost/SurveyMonkey,2016-08-09,2016-09-01,Registered Voters,912,Internet,Nonpartisan,None,68,2016_25380_new-jersey,38,53,NA,NA
2016-new-jersey-president-trump-vs-clinton,2016,new-jersey,NA,NA,9,15,24942,Fairleigh Dickinson,2016-06-22,2016-06-26,Registered Voters,349,Live Phone,Nonpartisan,None,135,2016_24942_new-jersey,32,44,NA,NA
2016-new-jersey-president-trump-vs-clinton,2016,new-jersey,NA,NA,8,8,24613,CBS/YouGov,2016-05-31,2016-06-03,Likely Voters,1194,Internet,Nonpartisan,None,158,2016_24613_new-jersey,34,49,NA,NA
2016-new-jersey-president-trump-vs-clinton,2016,new-jersey,NA,NA,17,11,24572,Monmouth University,2016-05-23,2016-05-27,Registered Voters,703,Live Phone,Nonpartisan,None,165,2016_24572_new-jersey,34,38,NA,NA
2016-new-jersey-president-trump-vs-clinton,2016,new-jersey,NA,NA,8,7,24548,Fairleigh Dickinson,2016-05-18,2016-05-22,Registered Voters,702,Live Phone,Nonpartisan,None,170,2016_24548_new-jersey,37,48,NA,NA
2016-new-jersey-president-trump-vs-clinton,2016,new-jersey,NA,NA,13,3,24515,Quinnipiac,2016-05-10,2016-05-16,Registered Voters,1989,Live Phone,Nonpartisan,None,176,2016_24515_new-jersey,38,45,NA,NA
2016-new-jersey-president-trump-vs-clinton,2016,new-jersey,NA,NA,3,11,24304,Rutgers-Eagleton,2016-04-01,2016-04-08,Registered Voters,738,Live Phone,Nonpartisan,None,214,2016_24304_new-jersey,36,50,NA,NA
2016-utah-president-trump-vs-clinton,2016,utah,NA,NA,2,2,26807,SurveyMonkey,2016-11-01,2016-11-07,Likely Voters,1479,Internet,Nonpartisan,None,1,2016_26807_utah,34,31,7,25
2016-utah-president-trump-vs-clinton,2016,utah,NA,NA,NA,29,26793,UPI/CVOTER,2016-10-30,2016-11-06,Likely Voters,320,Internet,Nonpartisan,None,2,2016_26793_utah,43,28,NA,NA
2016-utah-president-trump-vs-clinton,2016,utah,NA,NA,27,NA,26806,Ipsos/Reuters,2016-10-17,2016-11-06,Likely Voters,532,Internet,Nonpartisan,None,2,2016_26806_utah,40,33,NA,NA
2016-utah-president-trump-vs-clinton,2016,utah,NA,NA,4,3,26803,CBS/YouGov,2016-11-03,2016-11-05,Likely Voters,762,Internet,Nonpartisan,None,3,2016_26803_utah,40,23,7,24
2016-utah-president-trump-vs-clinton,2016,utah,NA,NA,7,4,26718,Y2 Analytics (R),2016-11-01,2016-11-03,Likely Voters,500,Live Phone,Pollster,Rep,5,2016_26718_utah,33,24,5,28
2016-utah-president-trump-vs-clinton,2016,utah,NA,NA,2,2,26671,Monmouth University,2016-10-30,2016-11-02,Likely Voters,402,Live Phone,Nonpartisan,None,6,2016_26671_utah,37,31,4,24
2016-utah-president-trump-vs-clinton,2016,utah,NA,NA,2,2,26681,Rasmussen/Heat Street,2016-10-29,2016-10-31,Likely Voters,750,IVR/Online,Nonpartisan,None,8,2016_26681_utah,42,31,3,21
2016-utah-president-trump-vs-clinton,2016,utah,NA,NA,2,2,26596,SurveyMonkey,2016-10-25,2016-10-31,Likely Voters,1078,Internet,Nonpartisan,None,8,2016_26596_utah,33,30,7,26
2016-utah-president-trump-vs-clinton,2016,utah,NA,NA,NA,6,26592,UPI/CVOTER,2016-10-23,2016-10-29,Likely Voters,315,Internet,Nonpartisan,None,10,2016_26592_utah,66,29,NA,NA
2016-utah-president-trump-vs-clinton,2016,utah,NA,NA,8,1,26554,Dan Jones/Salt Lake Tribune/Hinckley Institute,2016-10-20,2016-10-27,Likely Voters,823,Live Phone/Online,Nonpartisan,None,12,2016_26554_utah,32,24,4,30
2016-utah-president-trump-vs-clinton,2016,utah,NA,NA,4,2,26446,Rasmussen/Heat Street,2016-10-23,2016-10-24,Likely Voters,750,IVR/Online,Nonpartisan,None,15,2016_26446_utah,32,28,4,29
2016-utah-president-trump-vs-clinton,2016,utah,NA,NA,1,1,26441,SurveyMonkey,2016-10-18,2016-10-24,Likely Voters,969,Internet,Nonpartisan,None,15,2016_26441_utah,33,28,7,29
2016-utah-president-trump-vs-clinton,2016,utah,NA,NA,4,3,26207,Rasmussen/Heat Street,2016-10-14,2016-10-16,Likely Voters,750,IVR/Online,Nonpartisan,None,23,2016_26207_utah,30,28,5,29
2016-utah-president-trump-vs-clinton,2016,utah,NA,NA,11,5,26187,CBS/YouGov,2016-10-12,2016-10-14,Likely Voters,951,Internet,Nonpartisan,None,25,2016_26187_utah,37,20,7,20
2016-utah-president-trump-vs-clinton,2016,utah,NA,NA,24,NA,26344,Ipsos/Reuters,2016-09-23,2016-10-13,Likely Voters,543,Internet,Nonpartisan,None,26,2016_26344_utah,41,35,NA,NA
2016-utah-president-trump-vs-clinton,2016,utah,NA,NA,6,2,26160,Monmouth University,2016-10-10,2016-10-12,Likely Voters,403,Live Phone,Nonpartisan,None,27,2016_26160_utah,34,28,9,20
2016-utah-president-trump-vs-clinton,2016,utah,NA,NA,7,4,26142,Y2 Analytics (R),2016-10-10,2016-10-11,Likely Voters,500,Live Phone,Pollster,Rep,28,2016_26142_utah,26,26,14,22
2016-utah-president-trump-vs-clinton,2016,utah,NA,NA,19,NA,26133,Ipsos/Reuters,2016-09-16,2016-10-06,Likely Voters,515,Internet,Nonpartisan,None,33,2016_26133_utah,48,33,NA,NA
2016-utah-president-trump-vs-clinton,2016,utah,NA,NA,23,NA,25572,Ipsos/Reuters,2016-08-26,2016-09-15,Likely Voters,408,Internet,Nonpartisan,None,54,2016_25572_utah,48,29,NA,NA
2016-utah-president-trump-vs-clinton,2016,utah,NA,NA,19,NA,25392,WashPost/SurveyMonkey,2016-08-09,2016-09-01,Registered Voters,722,Internet,Nonpartisan,None,68,2016_25392_utah,46,35,NA,NA
2016-utah-president-trump-vs-clinton,2016,utah,NA,NA,14,3,25239,PPP (D),2016-08-19,2016-08-21,Likely Voters,1018,IVR/Online,Pollster,Dem,79,2016_25239_utah,39,24,12,9
2016-utah-president-trump-vs-clinton,2016,utah,NA,NA,7,15,25086,Dan Jones & Associates/UtahPolicy.com,2016-07-18,2016-08-04,Likely Voters,858,Live Phone/Online,Nonpartisan,None,96,2016_25086_utah,37,25,16,NA
2016-utah-president-trump-vs-clinton,2016,utah,NA,NA,8,20,24725,Dan Jones & Associates/UtahPolicy.com,2016-06-08,2016-06-17,Registered Voters,614,Live Phone/Online,Nonpartisan,None,144,2016_24725_utah,36,27,10,NA
2016-utah-president-trump-vs-clinton,2016,utah,NA,NA,17,NA,24658,SurveyUSA/Salt Lake Tribune/Hinckley Institute,2016-06-02,2016-06-08,Likely Voters,1238,IVR/Online,Nonpartisan,None,153,2016_24658_utah,35,35,13,NA
2016-utah-president-trump-vs-clinton,2016,utah,NA,NA,NA,35,24624,Gravis Marketing,2016-05-31,2016-06-01,Registered Voters,1519,Automated Phone,Nonpartisan,None,160,2016_24624_utah,36,29,NA,NA
2016-utah-president-trump-vs-clinton,2016,utah,NA,NA,26,NA,24491,Dan Jones & Associates/UtahPolicy.com,2016-05-02,2016-05-10,Registered Voters,588,Live Phone/Online,Nonpartisan,None,182,2016_24491_utah,43,30,NA,NA
2016-utah-president-trump-vs-clinton,2016,utah,NA,NA,25,NA,24297,Dan Jones & Associates/UtahPolicy.com,2016-03-23,2016-04-05,Registered Voters,600,Live Phone/Online,Nonpartisan,None,217,2016_24297_utah,38,38,NA,NA
2016-utah-president-trump-vs-clinton,2016,utah,NA,NA,24,NA,24602,Dan Jones & Associates/Deseret News/KSL,2016-03-08,2016-03-15,Likely Voters,500,Live Phone/Online,Nonpartisan,None,238,2016_24602_utah,36,38,NA,NA
2016-utah-president-trump-vs-clinton,2016,utah,NA,NA,6,33,23503,Dan Jones & Associates/UtahPolicy.com,2015-12-08,2015-12-14,Adults,622,Live Phone/Online,Nonpartisan,None,330,2016_23503_utah,33,28,NA,NA
2016-utah-president-trump-vs-clinton,2016,utah,NA,NA,3,29,22646,Dan Jones & Associates/UtahPolicy.com,2015-08-07,2015-08-14,Adults,500,Live Phone/Online,Nonpartisan,None,452,2016_22646_utah,38,29,NA,NA
2016-georgia-president-trump-vs-clinton,2016,georgia,NA,NA,3,NA,26807,SurveyMonkey,2016-11-01,2016-11-07,Likely Voters,2419,Internet,Nonpartisan,None,1,2016_26807_georgia,45,45,NA,NA
2016-georgia-president-trump-vs-clinton,2016,georgia,NA,NA,2,NA,26789,Landmark (R)/Rosetta Stone,2016-11-06,2016-11-06,Likely Voters,1200,IVR/Online,Pollster,Rep,2,2016_26789_georgia,49,46,NA,NA
2016-georgia-president-trump-vs-clinton,2016,georgia,NA,NA,NA,6,26793,UPI/CVOTER,2016-10-30,2016-11-06,Likely Voters,366,Internet,Nonpartisan,None,2,2016_26793_georgia,50,44,NA,NA
2016-georgia-president-trump-vs-clinton,2016,georgia,NA,NA,10,NA,26806,Ipsos/Reuters,2016-10-17,2016-11-06,Likely Voters,691,Internet,Nonpartisan,None,2,2016_26806_georgia,48,42,NA,NA
2016-georgia-president-trump-vs-clinton,2016,georgia,NA,NA,3,1,26801,CBS/YouGov,2016-11-03,2016-11-05,Likely Voters,995,Internet,Nonpartisan,None,3,2016_26801_georgia,49,43,NA,NA
2016-georgia-president-trump-vs-clinton,2016,georgia,NA,NA,2,NA,26739,Landmark (R)/Rosetta Stone/WSB-TV,2016-11-02,2016-11-03,Likely Voters,1000,IVR/Online,Pollster,Rep,5,2016_26739_georgia,48,46,NA,NA
2016-georgia-president-trump-vs-clinton,2016,georgia,NA,NA,1,NA,26710,Opinion Savvy/Fox 5 Atlanta,2016-11-02,2016-11-03,Likely Voters,538,IVR/Online,Nonpartisan,None,5,2016_26710_georgia,49,45,NA,NA
2016-georgia-president-trump-vs-clinton,2016,georgia,NA,NA,1,6,26683,NBC/WSJ/Marist,2016-10-30,2016-11-01,Likely Voters,707,Live Phone,Nonpartisan,None,7,2016_26683_georgia,47,46,NA,NA
2016-georgia-president-trump-vs-clinton,2016,georgia,NA,NA,3,NA,26596,SurveyMonkey,2016-10-25,2016-10-31,Likely Voters,2665,Internet,Nonpartisan,None,8,2016_26596_georgia,46,44,NA,NA
2016-georgia-president-trump-vs-clinton,2016,georgia,NA,NA,NA,6,26592,UPI/CVOTER,2016-10-23,2016-10-29,Likely Voters,365,Internet,Nonpartisan,None,10,2016_26592_georgia,50,45,NA,NA
2016-georgia-president-trump-vs-clinton,2016,georgia,NA,NA,6,NA,26573,SurveyUSA/11Alive,2016-10-25,2016-10-27,Likely Voters,594,IVR/Online,Nonpartisan,None,12,2016_26573_georgia,49,42,NA,NA
2016-georgia-president-trump-vs-clinton,2016,georgia,NA,NA,5,0,26509,Quinnipiac,2016-10-20,2016-10-26,Likely Voters,707,Live Phone,Nonpartisan,None,13,2016_26509_georgia,44,43,NA,NA
2016-georgia-president-trump-vs-clinton,2016,georgia,NA,NA,2,NA,26441,SurveyMonkey,2016-10-18,2016-10-24,Likely Voters,2235,Internet,Nonpartisan,None,15,2016_26441_georgia,47,44,NA,NA
2016-georgia-president-trump-vs-clinton,2016,georgia,NA,NA,1,NA,26362,Opinion Savvy/Fox 5 Atlanta,2016-10-20,2016-10-20,Likely Voters,570,IVR/Online,Nonpartisan,None,19,2016_26362_georgia,50,46,NA,NA
2016-georgia-president-trump-vs-clinton,2016,georgia,NA,NA,5,NA,26356,Landmark (R),2016-10-20,2016-10-20,Likely Voters,600,IVR/Live Phone,Pollster,Rep,19,2016_26356_georgia,47,43,NA,NA
2016-georgia-president-trump-vs-clinton,2016,georgia,NA,NA,4,2,26347,Abt SRBI Inc/Atlanta Journal-Constitution,2016-10-17,2016-10-20,Likely Voters,839,Live Phone,Nonpartisan,None,19,2016_26347_georgia,44,42,NA,NA
2016-georgia-president-trump-vs-clinton,2016,georgia,NA,NA,8,1,26404,Lucid/The Times-Picayune,2016-10-17,2016-10-18,Likely Voters,807,Internet,Nonpartisan,None,21,2016_26404_georgia,40,44,NA,NA
2016-georgia-president-trump-vs-clinton,2016,georgia,NA,NA,7,NA,26242,WashPost/SurveyMonkey,2016-10-08,2016-10-16,Likely Voters,886,Internet,Nonpartisan,None,23,2016_26242_georgia,45,48,NA,NA
2016-georgia-president-trump-vs-clinton,2016,georgia,NA,NA,8,NA,26344,Ipsos/Reuters,2016-09-23,2016-10-13,Likely Voters,1020,Internet,Nonpartisan,None,26,2016_26344_georgia,50,42,NA,NA
2016-georgia-president-trump-vs-clinton,2016,georgia,NA,NA,6,NA,26355,Landmark (R),2016-10-11,2016-10-12,Likely Voters,1400,IVR/Live Phone,Pollster,Rep,27,2016_26355_georgia,48,42,NA,NA
2016-georgia-president-trump-vs-clinton,2016,georgia,NA,NA,9,NA,26104,Ipsos/Reuters,2016-09-16,2016-10-06,Likely Voters,583,Internet,Nonpartisan,None,33,2016_26104_georgia,48,43,NA,NA
2016-georgia-president-trump-vs-clinton,2016,georgia,NA,NA,5,NA,25657,Landmark (R)/Rosetta Stone/WSB-TV,2016-09-21,2016-09-22,Likely Voters,600,IVR/Live Phone,Pollster,Rep,47,2016_25657_georgia,47,43,NA,NA
2016-georgia-president-trump-vs-clinton,2016,georgia,NA,NA,4,0,25621,Quinnipiac,2016-09-13,2016-09-21,Likely Voters,638,Live Phone,Nonpartisan,None,48,2016_25621_georgia,47,40,NA,NA
2016-georgia-president-trump-vs-clinton,2016,georgia,NA,NA,5,1,25528,Monmouth University,2016-09-15,2016-09-18,Likely Voters,401,Live Phone,Nonpartisan,None,51,2016_25528_georgia,45,42,NA,NA
2016-georgia-president-trump-vs-clinton,2016,georgia,NA,NA,12,NA,25544,Ipsos/Reuters,2016-08-26,2016-09-15,Likely Voters,890,Internet,Nonpartisan,None,54,2016_25544_georgia,48,40,NA,NA
2016-georgia-president-trump-vs-clinton,2016,georgia,NA,NA,2,NA,25507,Opinion Savvy/Fox 5 Atlanta,2016-09-14,2016-09-14,Likely Voters,568,IVR/Online,Nonpartisan,None,55,2016_25507_georgia,46,42,NA,NA
2016-georgia-president-trump-vs-clinton,2016,georgia,NA,NA,2,8,25444,NBC/WSJ/Marist,2016-09-06,2016-09-08,Likely Voters,625,Live Phone,Nonpartisan,None,61,2016_25444_georgia,46,43,NA,NA
2016-georgia-president-trump-vs-clinton,2016,georgia,NA,NA,8,NA,25355,WashPost/SurveyMonkey,2016-08-09,2016-09-01,Registered Voters,2034,Internet,Nonpartisan,None,68,2016_25355_georgia,46,46,NA,NA
2016-georgia-president-trump-vs-clinton,2016,georgia,NA,NA,3,NA,25210,Opinion Savvy/Fox 5 Atlanta,2016-08-17,2016-08-17,Likely Voters,730,IVR/Online,Nonpartisan,None,83,2016_25210_georgia,43,43,NA,NA
2016-georgia-president-trump-vs-clinton,2016,georgia,NA,NA,5,4,25157,CBS/YouGov,2016-08-10,2016-08-12,Likely Voters,988,Internet,Nonpartisan,None,88,2016_25157_georgia,45,41,NA,NA
2016-georgia-president-trump-vs-clinton,2016,georgia,NA,NA,NA,11,25134,Gravis Marketing,2016-08-04,2016-08-08,Registered Voters,1604,IVR/Online,Nonpartisan,None,92,2016_25134_georgia,45,44,NA,NA
2016-georgia-president-trump-vs-clinton,2016,georgia,NA,NA,5,10,25070,Abt SRBI Inc/Atlanta Journal-Constitution,2016-08-01,2016-08-04,Registered Voters,847,Live Phone,Nonpartisan,None,96,2016_25070_georgia,40,44,NA,NA
2016-georgia-president-trump-vs-clinton,2016,georgia,NA,NA,3,1,25041,Landmark (R)/Rosetta Stone/WSB-TV,2016-08-01,2016-08-01,Likely Voters,787,IVR/Online,Pollster,Rep,99,2016_25041_georgia,46,46,NA,NA
2016-georgia-president-trump-vs-clinton,2016,georgia,NA,NA,5,2,25036,SurveyUSA/TEGNA,2016-07-29,2016-07-31,Likely Voters,628,IVR/Online,Nonpartisan,None,100,2016_25036_georgia,46,42,NA,NA
2016-georgia-president-trump-vs-clinton,2016,georgia,NA,NA,2,2,24966,Landmark (R)/Rosetta Stone/WSB-TV,2016-07-24,2016-07-24,Likely Voters,500,IVR/Online,Pollster,Rep,107,2016_24966_georgia,45,44,NA,NA
2016-georgia-president-trump-vs-clinton,2016,georgia,NA,NA,9,2,24590,PPP (D),2016-05-27,2016-05-30,Likely Voters,724,IVR/Online,Pollster,Dem,162,2016_24590_georgia,45,38,NA,NA
2016-georgia-president-trump-vs-clinton,2016,georgia,NA,NA,5,10,24503,Opinion Savvy/Fox 5 Atlanta,2016-05-15,2016-05-15,Likely Voters,587,IVR/Online,Nonpartisan,None,177,2016_24503_georgia,44,41,NA,NA
2016-georgia-president-trump-vs-clinton,2016,georgia,NA,NA,6,8,24490,Abt SRBI Inc/Atlanta Journal-Constitution,2016-05-09,2016-05-12,Registered Voters,822,Live Phone,Nonpartisan,None,180,2016_24490_georgia,45,41,NA,NA
2016-georgia-president-trump-vs-clinton,2016,georgia,NA,NA,16,NA,24452,Landmark (R)/Rosetta Stone/WSB-TV,2016-05-05,2016-05-05,Likely Voters,570,IVR/Online,Pollster,Rep,187,2016_24452_georgia,42,41,NA,NA
2016-georgia-president-trump-vs-clinton,2016,georgia,NA,NA,10,NA,24267,Lake Research (D),2016-03-31,2016-04-03,Likely Voters,400,Live Phone,Pollster,Dem,219,2016_24267_georgia,37,50,NA,NA
2016-georgia-president-trump-vs-clinton,2016,georgia,NA,NA,9,NA,23896,SurveyUSA/TEGNA/11Alive,2016-02-22,2016-02-23,Likely Voters,1261,IVR/Online,Sponsor,Other,259,2016_23896_georgia,50,41,NA,NA
2016-georgia-president-trump-vs-clinton,2016,georgia,NA,NA,5,12,23042,SurveyUSA/11Alive,2015-10-15,2015-10-26,Likely Voters,1554,IVR/Online,Nonpartisan,None,379,2016_23042_georgia,46,37,NA,NA
2016-missouri-president-trump-vs-clinton,2016,missouri,NA,NA,2,11,26807,SurveyMonkey,2016-11-01,2016-11-07,Likely Voters,1368,Internet,Nonpartisan,None,1,2016_26807_missouri,48,40,NA,NA
2016-missouri-president-trump-vs-clinton,2016,missouri,NA,NA,NA,7,26793,UPI/CVOTER,2016-10-30,2016-11-06,Likely Voters,380,Internet,Nonpartisan,None,2,2016_26793_missouri,49,44,NA,NA
2016-missouri-president-trump-vs-clinton,2016,missouri,NA,NA,12,NA,26806,Ipsos/Reuters,2016-10-17,2016-11-06,Likely Voters,836,Internet,Nonpartisan,None,2,2016_26806_missouri,48,40,NA,NA
2016-missouri-president-trump-vs-clinton,2016,missouri,NA,NA,7,NA,26724,PPP (D-Center for American Progress Action Fund),2016-10-31,2016-11-01,Likely Voters,1083,IVR/Online,Sponsor,Dem,7,2016_26724_missouri,52,41,NA,NA
2016-missouri-president-trump-vs-clinton,2016,missouri,NA,NA,11,4,26637,DFM Research (D-SMART),2016-10-27,2016-11-01,Likely Voters,508,Live Phone,Sponsor,Dem,7,2016_26637_missouri,47,38,NA,NA
2016-missouri-president-trump-vs-clinton,2016,missouri,NA,NA,4,7,26600,Monmouth University,2016-10-28,2016-10-31,Likely Voters,405,Live Phone,Nonpartisan,None,8,2016_26600_missouri,52,38,NA,NA
2016-missouri-president-trump-vs-clinton,2016,missouri,NA,NA,2,13,26596,SurveyMonkey,2016-10-25,2016-10-31,Likely Voters,671,Internet,Nonpartisan,None,8,2016_26596_missouri,46,39,NA,NA
2016-missouri-president-trump-vs-clinton,2016,missouri,NA,NA,NA,4,26592,UPI/CVOTER,2016-10-23,2016-10-29,Likely Voters,374,Internet,Nonpartisan,None,10,2016_26592_missouri,53,44,NA,NA
2016-missouri-president-trump-vs-clinton,2016,missouri,NA,NA,7,4,26518,Mason-Dixon/Post-Dispatch,2016-10-24,2016-10-26,Likely Voters,625,Live Phone,Nonpartisan,None,13,2016_26518_missouri,47,42,NA,NA
2016-missouri-president-trump-vs-clinton,2016,missouri,NA,NA,2,12,26441,SurveyMonkey,2016-10-18,2016-10-24,Likely Voters,716,Internet,Nonpartisan,None,15,2016_26441_missouri,50,36,NA,NA
2016-missouri-president-trump-vs-clinton,2016,missouri,NA,NA,16,NA,26344,Ipsos/Reuters,2016-09-23,2016-10-13,Likely Voters,812,Internet,Nonpartisan,None,26,2016_26344_missouri,48,36,NA,NA
2016-missouri-president-trump-vs-clinton,2016,missouri,NA,NA,5,8,26146,Monmouth University,2016-10-09,2016-10-11,Likely Voters,406,Live Phone,Nonpartisan,None,28,2016_26146_missouri,46,41,NA,NA
2016-missouri-president-trump-vs-clinton,2016,missouri,NA,NA,14,NA,26118,Ipsos/Reuters,2016-09-16,2016-10-06,Likely Voters,871,Internet,Nonpartisan,None,33,2016_26118_missouri,49,37,NA,NA
2016-missouri-president-trump-vs-clinton,2016,missouri,NA,NA,7,9,25646,CBS/YouGov,2016-09-21,2016-09-23,Likely Voters,1087,Internet,Nonpartisan,None,46,2016_25646_missouri,46,37,NA,NA
2016-missouri-president-trump-vs-clinton,2016,missouri,NA,NA,11,NA,25558,Ipsos/Reuters,2016-08-26,2016-09-15,Likely Voters,693,Internet,Nonpartisan,None,54,2016_25558_missouri,53,36,NA,NA
2016-missouri-president-trump-vs-clinton,2016,missouri,NA,NA,9,NA,25375,WashPost/SurveyMonkey,2016-08-09,2016-09-01,Registered Voters,1801,Internet,Nonpartisan,None,68,2016_25375_missouri,51,41,NA,NA
2016-missouri-president-trump-vs-clinton,2016,missouri,NA,NA,11,NA,25316,PPP (D-NELP),2016-08-26,2016-08-27,Likely Voters,1055,IVR/Online,Sponsor,Dem,73,2016_25316_missouri,47,41,NA,NA
2016-missouri-president-trump-vs-clinton,2016,missouri,NA,NA,5,9,25240,Monmouth University,2016-08-19,2016-08-22,Likely Voters,401,Live Phone,Nonpartisan,None,78,2016_25240_missouri,44,43,NA,NA
2016-missouri-president-trump-vs-clinton,2016,missouri,NA,NA,13,NA,25196,PPP (D-Protect Missouri Families),2016-08-08,2016-08-09,Likely Voters,947,IVR/Online,Sponsor,Dem,91,2016_25196_missouri,45,42,NA,NA
2016-missouri-president-trump-vs-clinton,2016,missouri,NA,NA,9,10,24994,Mason-Dixon,2016-07-23,2016-07-24,Likely Voters,625,Live Phone,Nonpartisan,None,107,2016_24994_missouri,40,41,NA,NA
2016-missouri-president-trump-vs-clinton,2016,missouri,NA,NA,7,8,24977,SurveyUSA/KSDK,2016-07-20,2016-07-24,Likely Voters,1943,Mixed,Nonpartisan,None,107,2016_24977_missouri,47,37,NA,NA
2016-missouri-president-trump-vs-clinton,2016,missouri,NA,NA,10,8,24901,PPP (D),2016-07-11,2016-07-12,Likely Voters,959,IVR/Online,Pollster,Dem,119,2016_24901_missouri,46,36,NA,NA
2016-missouri-president-trump-vs-clinton,2016,missouri,NA,NA,11,8,24188,DFM Research (D-United Transportation Union),2016-03-17,2016-03-24,Likely Voters,674,Live Phone,Sponsor,Dem,229,2016_24188_missouri,40,42,NA,NA
2016-missouri-president-trump-vs-clinton,2016,missouri,NA,NA,19,NA,24056,Fort Hays State University,2016-03-03,2016-03-10,Adults,475,Live Phone,Nonpartisan,None,243,2016_24056_missouri,43,38,NA,NA
2016-missouri-president-trump-vs-clinton,2016,missouri,NA,NA,13,NA,22555,PPP (D),2015-08-07,2015-08-09,Likely Voters,859,Automated Phone,Pollster,Dem,457,2016_22555_missouri,48,39,NA,NA
2016-maryland-president-trump-vs-clinton,2016,maryland,NA,NA,2,10,26807,SurveyMonkey,2016-11-01,2016-11-07,Likely Voters,1216,Internet,Nonpartisan,None,1,2016_26807_maryland,28,59,NA,NA
2016-maryland-president-trump-vs-clinton,2016,maryland,NA,NA,NA,6,26793,UPI/CVOTER,2016-10-30,2016-11-06,Likely Voters,329,Internet,Nonpartisan,None,2,2016_26793_maryland,38,56,NA,NA
2016-maryland-president-trump-vs-clinton,2016,maryland,NA,NA,10,NA,26806,Ipsos/Reuters,2016-10-17,2016-11-06,Likely Voters,720,Internet,Nonpartisan,None,2,2016_26806_maryland,34,56,NA,NA
2016-maryland-president-trump-vs-clinton,2016,maryland,NA,NA,2,8,26596,SurveyMonkey,2016-10-25,2016-10-31,Likely Voters,740,Internet,Nonpartisan,None,8,2016_26596_maryland,27,63,NA,NA
2016-maryland-president-trump-vs-clinton,2016,maryland,NA,NA,NA,4,26592,UPI/CVOTER,2016-10-23,2016-10-29,Likely Voters,330,Internet,Nonpartisan,None,10,2016_26592_maryland,38,58,NA,NA
2016-maryland-president-trump-vs-clinton,2016,maryland,NA,NA,2,9,26441,SurveyMonkey,2016-10-18,2016-10-24,Likely Voters,915,Internet,Nonpartisan,None,15,2016_26441_maryland,27,61,NA,NA
2016-maryland-president-trump-vs-clinton,2016,maryland,NA,NA,14,NA,26344,Ipsos/Reuters,2016-09-23,2016-10-13,Likely Voters,686,Internet,Nonpartisan,None,26,2016_26344_maryland,32,54,NA,NA
2016-maryland-president-trump-vs-clinton,2016,maryland,NA,NA,15,NA,26113,Ipsos/Reuters,2016-09-16,2016-10-06,Likely Voters,705,Internet,Nonpartisan,None,33,2016_26113_maryland,32,53,NA,NA
2016-maryland-president-trump-vs-clinton,2016,maryland,NA,NA,2,6,25976,Washington Post/University of Maryland,2016-09-27,2016-09-30,Likely Voters,706,Live Phone,Nonpartisan,None,39,2016_25976_maryland,27,63,NA,NA
2016-maryland-president-trump-vs-clinton,2016,maryland,NA,NA,9,8,25625,Goucher College/Sarah T. Hughes Field Politics Center,2016-09-17,2016-09-20,Likely Voters,514,Live Phone,Nonpartisan,None,49,2016_25625_maryland,25,58,NA,NA
2016-maryland-president-trump-vs-clinton,2016,maryland,NA,NA,18,NA,25553,Ipsos/Reuters,2016-08-26,2016-09-15,Likely Voters,525,Internet,Nonpartisan,None,54,2016_25553_maryland,29,53,NA,NA
2016-maryland-president-trump-vs-clinton,2016,maryland,NA,NA,8,NA,25371,WashPost/SurveyMonkey,2016-08-09,2016-09-01,Registered Voters,1199,Internet,Nonpartisan,None,68,2016_25371_maryland,31,61,NA,NA
2016-maryland-president-trump-vs-clinton,2016,maryland,NA,NA,12,10,25400,Baltimore Sun/University of Baltimore/OpinionWorks,2016-08-18,2016-08-30,Likely Voters,756,Live Phone,Nonpartisan,None,70,2016_25400_maryland,25,54,NA,NA
2016-maryland-president-trump-vs-clinton,2016,maryland,NA,NA,11,NA,24314,PPP (D),2016-04-15,2016-04-17,Likely Voters,879,IVR/Online,Pollster,Dem,205,2016_24314_maryland,28,61,NA,NA
2016-maryland-president-trump-vs-clinton,2016,maryland,NA,NA,10,NA,24262,NBC4/Marist,2016-04-05,2016-04-09,Registered Voters,2563,Live Phone,Nonpartisan,None,213,2016_24262_maryland,27,63,NA,NA
2016-maryland-president-trump-vs-clinton,2016,maryland,NA,NA,4,5,24223,Washington Post/University of Maryland,2016-03-30,2016-04-03,Registered Voters,NA,Live Phone,Nonpartisan,None,219,2016_24223_maryland,28,63,NA,NA
2016-michigan-president-trump-vs-clinton,2016,michigan,NA,NA,2,3,26807,SurveyMonkey,2016-11-01,2016-11-07,Likely Voters,3145,Internet,Nonpartisan,None,1,2016_26807_michigan,42,44,NA,NA
2016-michigan-president-trump-vs-clinton,2016,michigan,NA,NA,NA,6,26793,UPI/CVOTER,2016-10-30,2016-11-06,Likely Voters,334,Internet,Nonpartisan,None,2,2016_26793_michigan,45,49,NA,NA
2016-michigan-president-trump-vs-clinton,2016,michigan,NA,NA,9,NA,26806,Ipsos/Reuters,2016-10-17,2016-11-06,Likely Voters,609,Internet,Nonpartisan,None,2,2016_26806_michigan,45,46,NA,NA
2016-michigan-president-trump-vs-clinton,2016,michigan,NA,NA,6,2,26722,PPP (D),2016-11-03,2016-11-04,Likely Voters,957,IVR/Online,Pollster,Dem,4,2016_26722_michigan,41,46,NA,NA
2016-michigan-president-trump-vs-clinton,2016,michigan,NA,NA,3,5,26596,SurveyMonkey,2016-10-25,2016-10-31,Likely Voters,1649,Internet,Nonpartisan,None,8,2016_26596_michigan,42,43,NA,NA
2016-michigan-president-trump-vs-clinton,2016,michigan,NA,NA,10,6,26626,Michigan State University,2016-09-01,2016-10-30,Likely Voters,746,Live Phone,Nonpartisan,None,9,2016_26626_michigan,32,52,NA,NA
2016-michigan-president-trump-vs-clinton,2016,michigan,NA,NA,NA,4,26592,UPI/CVOTER,2016-10-23,2016-10-29,Likely Voters,337,Internet,Nonpartisan,None,10,2016_26592_michigan,46,51,NA,NA
2016-michigan-president-trump-vs-clinton,2016,michigan,NA,NA,15,1,26500,EPIC-MRA/Detroit Free Press/WXYZ-TV,2016-10-22,2016-10-24,Likely Voters,600,Live Phone,Nonpartisan,None,15,2016_26500_michigan,37,45,NA,NA
2016-michigan-president-trump-vs-clinton,2016,michigan,NA,NA,4,4,26441,SurveyMonkey,2016-10-18,2016-10-24,Likely Voters,1663,Internet,Nonpartisan,None,15,2016_26441_michigan,40,44,NA,NA
2016-michigan-president-trump-vs-clinton,2016,michigan,NA,NA,12,8,26365,Marketing Resource Group (R),2016-10-16,2016-10-19,Likely Voters,600,Live Phone,Pollster,Rep,20,2016_26365_michigan,36,41,NA,NA
2016-michigan-president-trump-vs-clinton,2016,michigan,NA,NA,15,9,26657,Ipsos/Reuters,2016-10-06,2016-10-17,Likely Voters,1370,Internet,Nonpartisan,None,22,2016_26657_michigan,36,40,NA,NA
2016-michigan-president-trump-vs-clinton,2016,michigan,NA,NA,8,NA,26246,WashPost/SurveyMonkey,2016-10-08,2016-10-16,Likely Voters,1331,Internet,Nonpartisan,None,23,2016_26246_michigan,42,51,NA,NA
2016-michigan-president-trump-vs-clinton,2016,michigan,NA,NA,19,NA,26344,Ipsos/Reuters,2016-09-23,2016-10-13,Likely Voters,2192,Internet,Nonpartisan,None,26,2016_26344_michigan,37,44,NA,NA
2016-michigan-president-trump-vs-clinton,2016,michigan,NA,NA,14,5,26197,Glengariff/Detroit News/WDIV,2016-10-10,2016-10-11,Likely Voters,600,Live Phone,Nonpartisan,None,28,2016_26197_michigan,33,47,NA,NA
2016-michigan-president-trump-vs-clinton,2016,michigan,NA,NA,17,NA,26115,Ipsos/Reuters,2016-09-16,2016-10-06,Likely Voters,687,Internet,Nonpartisan,None,33,2016_26115_michigan,38,45,NA,NA
2016-michigan-president-trump-vs-clinton,2016,michigan,NA,NA,16,0,25984,EPIC-MRA/Detroit Free Press/WXYZ-TV,2016-10-01,2016-10-03,Likely Voters,600,Live Phone,Nonpartisan,None,36,2016_25984_michigan,36,46,NA,NA
2016-michigan-president-trump-vs-clinton,2016,michigan,NA,NA,11,4,25813,Glengariff/Detroit News/WDIV,2016-09-27,2016-09-28,Likely Voters,600,Live Phone,Nonpartisan,None,41,2016_25813_michigan,39,46,NA,NA
2016-michigan-president-trump-vs-clinton,2016,michigan,NA,NA,12,NA,25555,Ipsos/Reuters,2016-08-26,2016-09-15,Likely Voters,991,Internet,Nonpartisan,None,54,2016_25555_michigan,44,44,NA,NA
2016-michigan-president-trump-vs-clinton,2016,michigan,NA,NA,17,0,25508,EPIC-MRA/Detroit Free Press/WXYZ-TV,2016-09-10,2016-09-13,Likely Voters,600,Live Phone,Nonpartisan,None,56,2016_25508_michigan,38,42,NA,NA
2016-michigan-president-trump-vs-clinton,2016,michigan,NA,NA,10,NA,25350,WashPost/SurveyMonkey,2016-08-09,2016-09-01,Registered Voters,2428,Internet,Nonpartisan,None,68,2016_25350_michigan,44,46,NA,NA
2016-michigan-president-trump-vs-clinton,2016,michigan,NA,NA,11,3,25261,Suffolk,2016-08-22,2016-08-24,Likely Voters,500,Live Phone,Nonpartisan,None,76,2016_25261_michigan,37,44,NA,NA
2016-michigan-president-trump-vs-clinton,2016,michigan,NA,NA,17,0,25074,EPIC-MRA/Detroit Free Press/WXYZ-TV,2016-07-30,2016-08-04,Likely Voters,600,Live Phone,Nonpartisan,None,96,2016_25074_michigan,36,46,NA,NA
2016-michigan-president-trump-vs-clinton,2016,michigan,NA,NA,15,4,25056,Glengariff/Detroit News/WDIV,2016-07-30,2016-08-01,Likely Voters,600,Live Phone,Nonpartisan,None,99,2016_25056_michigan,32,41,NA,NA
2016-michigan-president-trump-vs-clinton,2016,michigan,NA,NA,8,11,24911,CBS/YouGov,2016-07-13,2016-07-15,Likely Voters,1201,Internet,Nonpartisan,None,116,2016_24911_michigan,39,42,NA,NA
2016-michigan-president-trump-vs-clinton,2016,michigan,NA,NA,31,4,24926,Marketing Resource Group (R),2016-07-11,2016-07-15,Likely Voters,800,Live Phone,Pollster,Rep,116,2016_24926_michigan,29,34,NA,NA
2016-michigan-president-trump-vs-clinton,2016,michigan,NA,NA,27,NA,24986,Mitchell Research (R)/Fox 2 Detroit/(MAHP),2016-07-05,2016-07-11,Likely Voters,600,IVR/Live Phone,Pollster,Rep,120,2016_24986_michigan,34,40,NA,NA
2016-michigan-president-trump-vs-clinton,2016,michigan,NA,NA,NA,11,24886,Gravis Marketing,2016-07-07,2016-07-08,Registered Voters,1562,Automated Phone,Nonpartisan,None,123,2016_24886_michigan,41,48,NA,NA
2016-michigan-president-trump-vs-clinton,2016,michigan,NA,NA,5,6,24843,GQR (D-Democracy Corps/Women's Voices Women Vote),2016-06-11,2016-06-20,Likely Voters,300,Live Phone,Sponsor,Dem,141,2016_24843_michigan,39,50,NA,NA
2016-michigan-president-trump-vs-clinton,2016,michigan,NA,NA,15,4,24588,Glengariff/Detroit News/WDIV,2016-05-24,2016-05-26,Likely Voters,600,Live Phone,Nonpartisan,None,166,2016_24588_michigan,39,43,NA,NA
2016-michigan-president-trump-vs-clinton,2016,michigan,NA,NA,13,NA,24153,SurveyUSA,2016-03-23,2016-03-24,Likely Voters,904,IVR/Online,Nonpartisan,None,229,2016_24153_michigan,38,49,NA,NA
2016-michigan-president-trump-vs-clinton,2016,michigan,NA,NA,16,NA,24238,EPIC-MRA/Detroit Free Press/WXYZ-TV,2016-03-19,2016-03-22,Likely Voters,600,Live Phone,Nonpartisan,None,231,2016_24238_michigan,37,47,NA,NA
2016-michigan-president-trump-vs-clinton,2016,michigan,NA,NA,13,NA,23993,NBC/WSJ/Marist,2016-03-01,2016-03-03,Registered Voters,2229,Live Phone,Nonpartisan,None,250,2016_23993_michigan,36,52,NA,NA
2016-michigan-president-trump-vs-clinton,2016,michigan,NA,NA,13,4,23917,Marketing Resource Group (R),2016-02-22,2016-02-27,Likely Voters,600,Live Phone,Pollster,Rep,255,2016_23917_michigan,39,44,NA,NA
2016-michigan-president-trump-vs-clinton,2016,michigan,NA,NA,16,NA,23078,EPIC-MRA/Detroit Free Press/WXYZ-TV,2015-10-25,2015-10-31,Likely Voters,600,Live Phone,Nonpartisan,None,374,2016_23078_michigan,38,46,NA,NA
2016-michigan-president-trump-vs-clinton,2016,michigan,NA,NA,NA,NA,22826,Mitchell Research (R)/Fox 2 Detroit,2015-09-18,2015-09-18,Likely Voters,1483,Automated Phone,Pollster,Rep,417,2016_22826_michigan,42,42,NA,NA
2016-michigan-president-trump-vs-clinton,2016,michigan,NA,NA,NA,NA,22759,Marketing Resource Group (R),2015-09-09,2015-09-14,Likely Voters,600,Live Phone,Pollster,Rep,421,2016_22759_michigan,40,43,NA,NA
2016-michigan-president-trump-vs-clinton,2016,michigan,NA,NA,14,NA,22605,EPIC-MRA/Detroit Free Press/WXYZ-TV,2015-08-18,2015-08-22,Likely Voters,600,Live Phone,Nonpartisan,None,444,2016_22605_michigan,42,44,NA,NA
2016-michigan-president-trump-vs-clinton,2016,michigan,NA,NA,NA,NA,22603,Mitchell Research (R)/Fox 2 Detroit,2015-08-10,2015-08-10,Likely Voters,1310,Automated Phone,Pollster,Rep,456,2016_22603_michigan,40,39,NA,NA
2016-michigan-president-trump-vs-clinton,2016,michigan,NA,NA,12,NA,22328,PPP (D),2015-06-25,2015-06-28,Likely Voters,1072,IVR/Online,Pollster,Dem,499,2016_22328_michigan,39,49,NA,NA
2016-arizona-president-trump-vs-clinton,2016,arizona,NA,NA,3,3,26807,SurveyMonkey,2016-11-01,2016-11-07,Likely Voters,2609,Internet,Nonpartisan,None,1,2016_26807_arizona,42,45,NA,NA
2016-arizona-president-trump-vs-clinton,2016,arizona,NA,NA,8,3,26813,Insights West,2016-11-04,2016-11-06,Likely Voters,392,Internet,Nonpartisan,None,2,2016_26813_arizona,43,41,NA,NA
2016-arizona-president-trump-vs-clinton,2016,arizona,NA,NA,1,4,26792,Data Orbital (R),2016-11-04,2016-11-06,Likely Voters,550,Live Phone,Pollster,Rep,2,2016_26792_arizona,47,44,NA,NA
2016-arizona-president-trump-vs-clinton,2016,arizona,NA,NA,NA,7,26793,UPI/CVOTER,2016-10-30,2016-11-06,Likely Voters,354,Internet,Nonpartisan,None,2,2016_26793_arizona,50,43,NA,NA
2016-arizona-president-trump-vs-clinton,2016,arizona,NA,NA,11,NA,26806,Ipsos/Reuters,2016-10-17,2016-11-06,Likely Voters,857,Internet,Nonpartisan,None,2,2016_26806_arizona,47,42,NA,NA
2016-arizona-president-trump-vs-clinton,2016,arizona,NA,NA,7,4,26711,Data Orbital (R),2016-11-01,2016-11-02,Likely Voters,550,Live Phone,Pollster,Rep,6,2016_26711_arizona,47,39,NA,NA
2016-arizona-president-trump-vs-clinton,2016,arizona,NA,NA,2,12,26682,NBC/WSJ/Marist,2016-10-30,2016-11-01,Likely Voters,719,Live Phone,Nonpartisan,None,7,2016_26682_arizona,46,41,NA,NA
2016-arizona-president-trump-vs-clinton,2016,arizona,NA,NA,6,3,26645,Lucid/The Times-Picayune,2016-10-28,2016-11-01,Likely Voters,1113,Internet,Nonpartisan,None,7,2016_26645_arizona,42,41,NA,NA
2016-arizona-president-trump-vs-clinton,2016,arizona,NA,NA,0,1,26620,CNN,2016-10-27,2016-11-01,Likely Voters,769,Live Phone,Nonpartisan,None,7,2016_26620_arizona,49,44,NA,NA
2016-arizona-president-trump-vs-clinton,2016,arizona,NA,NA,NA,4,26651,Saguaro,2016-10-29,2016-10-31,Likely Voters,2229,Internet,Nonpartisan,None,8,2016_26651_arizona,44,45,NA,NA
2016-arizona-president-trump-vs-clinton,2016,arizona,NA,NA,3,2,26596,SurveyMonkey,2016-10-25,2016-10-31,Likely Voters,1457,Internet,Nonpartisan,None,8,2016_26596_arizona,44,43,NA,NA
2016-arizona-president-trump-vs-clinton,2016,arizona,NA,NA,8,3,26599,Data Orbital (R),2016-10-29,2016-10-30,Likely Voters,550,Live Phone,Pollster,Rep,9,2016_26599_arizona,45,41,NA,NA
2016-arizona-president-trump-vs-clinton,2016,arizona,NA,NA,NA,5,26592,UPI/CVOTER,2016-10-23,2016-10-29,Likely Voters,373,Internet,Nonpartisan,None,10,2016_26592_arizona,51,43,NA,NA
2016-arizona-president-trump-vs-clinton,2016,arizona,NA,NA,5,9,26549,CBS/YouGov,2016-10-26,2016-10-28,Likely Voters,994,Internet,Nonpartisan,None,11,2016_26549_arizona,44,42,NA,NA
2016-arizona-president-trump-vs-clinton,2016,arizona,NA,NA,10,4,26536,Data Orbital (R),2016-10-26,2016-10-27,Likely Voters,550,Live Phone,Pollster,Rep,12,2016_26536_arizona,42,40,NA,NA
2016-arizona-president-trump-vs-clinton,2016,arizona,NA,NA,NA,1,26523,Saguaro,2016-10-22,2016-10-24,Likely Voters,2385,Internet,Nonpartisan,None,15,2016_26523_arizona,46,48,NA,NA
2016-arizona-president-trump-vs-clinton,2016,arizona,NA,NA,3,3,26428,Monmouth University,2016-10-21,2016-10-24,Likely Voters,401,Live Phone,Nonpartisan,None,15,2016_26428_arizona,46,45,NA,NA
2016-arizona-president-trump-vs-clinton,2016,arizona,NA,NA,2,4,26441,SurveyMonkey,2016-10-18,2016-10-24,Likely Voters,1550,Internet,Nonpartisan,None,15,2016_26441_arizona,42,41,NA,NA
2016-arizona-president-trump-vs-clinton,2016,arizona,NA,NA,10,3,26340,Data Orbital (R),2016-10-17,2016-10-18,Likely Voters,550,Live Phone,Pollster,Rep,21,2016_26340_arizona,41,41,NA,NA
2016-arizona-president-trump-vs-clinton,2016,arizona,NA,NA,9,8,26443,Ipsos/Reuters,2016-10-06,2016-10-18,Likely Voters,1538,Internet,Nonpartisan,None,21,2016_26443_arizona,45,38,NA,NA
2016-arizona-president-trump-vs-clinton,2016,arizona,NA,NA,7,NA,26238,WashPost/SurveyMonkey,2016-10-08,2016-10-16,Likely Voters,1028,Internet,Nonpartisan,None,23,2016_26238_arizona,47,46,NA,NA
2016-arizona-president-trump-vs-clinton,2016,arizona,NA,NA,8,4,26264,Arizona Republic/Morrison/Cronkite News,2016-10-10,2016-10-15,Likely Voters,713,Live Phone,Nonpartisan,None,24,2016_26264_arizona,38,43,NA,NA
2016-arizona-president-trump-vs-clinton,2016,arizona,NA,NA,10,8,26220,HighGround,2016-10-14,2016-10-14,Likely Voters,400,Live Phone,Nonpartisan,None,25,2016_26220_arizona,37,39,NA,NA
2016-arizona-president-trump-vs-clinton,2016,arizona,NA,NA,16,NA,26344,Ipsos/Reuters,2016-09-23,2016-10-13,Likely Voters,1665,Internet,Nonpartisan,None,26,2016_26344_arizona,45,39,NA,NA
2016-arizona-president-trump-vs-clinton,2016,arizona,NA,NA,10,NA,26205,Data Orbital (R),2016-10-11,2016-10-12,Likely Voters,550,Live Phone,Pollster,Rep,27,2016_26205_arizona,42,43,NA,NA
2016-arizona-president-trump-vs-clinton,2016,arizona,NA,NA,9,1,25986,OH Predictive Insights (R),2016-09-28,2016-09-30,Likely Voters,718,IVR/Live Phone,Pollster,Rep,39,2016_25986_arizona,42,42,NA,NA
2016-arizona-president-trump-vs-clinton,2016,arizona,NA,NA,10,NA,25851,Ipsos/Reuters,2016-09-09,2016-09-29,Likely Voters,802,Internet,Nonpartisan,None,40,2016_25851_arizona,46,44,NA,NA
2016-arizona-president-trump-vs-clinton,2016,arizona,NA,NA,14,NA,25721,Data Orbital (R),2016-09-20,2016-09-22,Likely Voters,550,Live Phone,Pollster,Rep,47,2016_25721_arizona,40,38,NA,NA
2016-arizona-president-trump-vs-clinton,2016,arizona,NA,NA,19,3,25626,Insights West,2016-09-12,2016-09-14,Likely Voters,484,Internet,Nonpartisan,None,55,2016_25626_arizona,37,33,NA,NA
2016-arizona-president-trump-vs-clinton,2016,arizona,NA,NA,4,12,25445,NBC/WSJ/Marist,2016-09-06,2016-09-08,Likely Voters,649,Live Phone,Nonpartisan,None,61,2016_25445_arizona,42,41,NA,NA
2016-arizona-president-trump-vs-clinton,2016,arizona,NA,NA,9,NA,25351,WashPost/SurveyMonkey,2016-08-09,2016-09-01,Registered Voters,2026,Internet,Nonpartisan,None,68,2016_25351_arizona,45,46,NA,NA
2016-arizona-president-trump-vs-clinton,2016,arizona,NA,NA,23,2,26257,Arizona Republic/Morrison/Cronkite News,2016-08-17,2016-08-31,Likely Voters,704,Live Phone,Nonpartisan,None,69,2016_26257_arizona,34,35,NA,NA
2016-arizona-president-trump-vs-clinton,2016,arizona,NA,NA,11,NA,25314,PPP (D-NELP),2016-08-26,2016-08-28,Likely Voters,837,IVR/Online,Sponsor,Dem,72,2016_25314_arizona,46,43,NA,NA
2016-arizona-president-trump-vs-clinton,2016,arizona,NA,NA,13,1,25280,OH Predictive Insights (R),2016-08-25,2016-08-27,Likely Voters,728,IVR/Live Phone,Pollster,Rep,73,2016_25280_arizona,39,40,NA,NA
2016-arizona-president-trump-vs-clinton,2016,arizona,NA,NA,0,7,25252,CNN,2016-08-18,2016-08-23,Likely Voters,809,Live Phone,Nonpartisan,None,77,2016_25252_arizona,49,44,NA,NA
2016-arizona-president-trump-vs-clinton,2016,arizona,NA,NA,5,9,25079,CBS/YouGov,2016-08-02,2016-08-05,Likely Voters,1095,Internet,Nonpartisan,None,95,2016_25079_arizona,44,42,NA,NA
2016-arizona-president-trump-vs-clinton,2016,arizona,NA,NA,16,NA,24785,PPP (D-Americans United for Change/Constitutional Responsibility Project),2016-06-22,2016-06-23,Likely Voters,691,IVR/Online,Sponsor,Dem,138,2016_24785_arizona,44,40,NA,NA
2016-arizona-president-trump-vs-clinton,2016,arizona,NA,NA,6,6,24751,OH Predictive Insights (R),2016-06-20,2016-06-20,Likely Voters,1060,Automated Phone,Pollster,Rep,141,2016_24751_arizona,42,47,NA,NA
2016-arizona-president-trump-vs-clinton,2016,arizona,NA,NA,3,6,24841,GQR (D-Democracy Corps/Women's Voices Women Vote),2016-06-11,2016-06-20,Likely Voters,300,Live Phone,Sponsor,Dem,141,2016_24841_arizona,48,43,NA,NA
2016-arizona-president-trump-vs-clinton,2016,arizona,NA,NA,13,2,24504,PPP (D),2016-05-13,2016-05-15,Likely Voters,896,IVR/Online,Pollster,Dem,177,2016_24504_arizona,40,38,NA,NA
2016-arizona-president-trump-vs-clinton,2016,arizona,NA,NA,23,NA,24357,Behavior Research Center,2016-04-04,2016-04-11,Registered Voters,564,Live Phone,Nonpartisan,None,211,2016_24357_arizona,35,42,NA,NA
2016-arizona-president-trump-vs-clinton,2016,arizona,NA,NA,15,9,24105,Merrill/WestGroup,2016-03-07,2016-03-11,Likely Voters,701,Live Phone,Nonpartisan,None,242,2016_24105_arizona,38,38,NA,NA
2016-arizona-president-trump-vs-clinton,2016,arizona,NA,NA,13,NA,23359,Strategies 360,2015-12-04,2015-12-09,Likely Voters,504,Live Phone,Nonpartisan,None,335,2016_23359_arizona,44,42,NA,NA
2016-minnesota-president-trump-vs-clinton,2016,minnesota,NA,NA,3,12,26807,SurveyMonkey,2016-11-01,2016-11-07,Likely Voters,1292,Internet,Nonpartisan,None,1,2016_26807_minnesota,39,46,NA,NA
2016-minnesota-president-trump-vs-clinton,2016,minnesota,NA,NA,NA,4,26793,UPI/CVOTER,2016-10-30,2016-11-06,Likely Voters,330,Internet,Nonpartisan,None,2,2016_26793_minnesota,46,50,NA,NA
2016-minnesota-president-trump-vs-clinton,2016,minnesota,NA,NA,20,NA,26806,Ipsos/Reuters,2016-10-17,2016-11-06,Likely Voters,762,Internet,Nonpartisan,None,2,2016_26806_minnesota,36,44,NA,NA
2016-minnesota-president-trump-vs-clinton,2016,minnesota,NA,NA,4,13,26596,SurveyMonkey,2016-10-25,2016-10-31,Likely Voters,773,Internet,Nonpartisan,None,8,2016_26596_minnesota,37,46,NA,NA
2016-minnesota-president-trump-vs-clinton,2016,minnesota,NA,NA,NA,3,26592,UPI/CVOTER,2016-10-23,2016-10-29,Likely Voters,316,Internet,Nonpartisan,None,10,2016_26592_minnesota,47,50,NA,NA
2016-minnesota-president-trump-vs-clinton,2016,minnesota,NA,NA,3,10,26558,SurveyUSA/KSTP-TV,2016-10-22,2016-10-25,Likely Voters,656,IVR/Online,Nonpartisan,None,14,2016_26558_minnesota,39,49,NA,NA
2016-minnesota-president-trump-vs-clinton,2016,minnesota,NA,NA,4,14,26441,SurveyMonkey,2016-10-18,2016-10-24,Likely Voters,566,Internet,Nonpartisan,None,15,2016_26441_minnesota,36,47,NA,NA
2016-minnesota-president-trump-vs-clinton,2016,minnesota,NA,NA,6,8,26415,Mason-Dixon/Star Tribune,2016-10-20,2016-10-22,Likely Voters,625,Live Phone,Nonpartisan,None,17,2016_26415_minnesota,39,47,NA,NA
2016-minnesota-president-trump-vs-clinton,2016,minnesota,NA,NA,21,NA,26344,Ipsos/Reuters,2016-09-23,2016-10-13,Likely Voters,689,Internet,Nonpartisan,None,26,2016_26344_minnesota,36,43,NA,NA
2016-minnesota-president-trump-vs-clinton,2016,minnesota,NA,NA,20,NA,26116,Ipsos/Reuters,2016-09-16,2016-10-06,Likely Voters,720,Internet,Nonpartisan,None,33,2016_26116_minnesota,38,42,NA,NA
2016-minnesota-president-trump-vs-clinton,2016,minnesota,NA,NA,6,9,25658,SurveyUSA/KSTP-TV,2016-09-16,2016-09-20,Likely Voters,625,IVR/Online,Nonpartisan,None,49,2016_25658_minnesota,39,46,NA,NA
2016-minnesota-president-trump-vs-clinton,2016,minnesota,NA,NA,22,NA,25556,Ipsos/Reuters,2016-08-26,2016-09-15,Likely Voters,641,Internet,Nonpartisan,None,54,2016_25556_minnesota,34,44,NA,NA
2016-minnesota-president-trump-vs-clinton,2016,minnesota,NA,NA,10,8,25521,Mason-Dixon/Star Tribune,2016-09-12,2016-09-14,Registered Voters,625,Live Phone,Nonpartisan,None,55,2016_25521_minnesota,38,44,NA,NA
2016-minnesota-president-trump-vs-clinton,2016,minnesota,NA,NA,10,NA,25373,WashPost/SurveyMonkey,2016-08-09,2016-09-01,Registered Voters,2054,Internet,Nonpartisan,None,68,2016_25373_minnesota,40,49,NA,NA
2016-minnesota-president-trump-vs-clinton,2016,minnesota,NA,NA,19,NA,23574,Mason-Dixon/Star Tribune,2016-01-18,2016-01-20,Registered Voters,800,Live Phone,Nonpartisan,None,293,2016_23574_minnesota,38,43,NA,NA
2016-minnesota-president-trump-vs-clinton,2016,minnesota,NA,NA,13,NA,23089,SurveyUSA/KSTP-TV,2015-10-29,2015-11-02,Registered Voters,516,IVR/Online,Nonpartisan,None,372,2016_23089_minnesota,45,42,NA,NA
2016-minnesota-president-trump-vs-clinton,2016,minnesota,NA,NA,17,NA,22481,PPP (D),2015-07-30,2015-08-02,Likely Voters,1015,IVR/Online,Pollster,Dem,464,2016_22481_minnesota,39,44,NA,NA
2016-virginia-president-trump-vs-clinton,2016,virginia,NA,NA,2,2,26807,SurveyMonkey,2016-11-01,2016-11-07,Likely Voters,2183,Internet,Nonpartisan,None,1,2016_26807_virginia,41,49,7,NA
2016-virginia-president-trump-vs-clinton,2016,virginia,NA,NA,5,3,26772,Christopher Newport,2016-11-01,2016-11-06,Likely Voters,1193,Live Phone,Nonpartisan,None,2,2016_26772_virginia,42,48,3,NA
2016-virginia-president-trump-vs-clinton,2016,virginia,NA,NA,NA,7,26793,UPI/CVOTER,2016-10-30,2016-11-06,Likely Voters,344,Internet,Nonpartisan,None,2,2016_26793_virginia,44,50,NA,NA
2016-virginia-president-trump-vs-clinton,2016,virginia,NA,NA,13,NA,26806,Ipsos/Reuters,2016-10-17,2016-11-06,Likely Voters,636,Internet,Nonpartisan,None,2,2016_26806_virginia,41,46,NA,NA
2016-virginia-president-trump-vs-clinton,2016,virginia,NA,NA,4,2,26723,PPP (D),2016-11-03,2016-11-04,Likely Voters,1238,IVR/Online,Pollster,Dem,4,2016_26723_virginia,43,48,4,NA
2016-virginia-president-trump-vs-clinton,2016,virginia,NA,NA,3,2,26759,Remington Research Group (R)/Axiom Strategies,2016-11-01,2016-11-02,Likely Voters,3076,IVR/Live Phone,Sponsor,Rep,6,2016_26759_virginia,44,46,4,NA
2016-virginia-president-trump-vs-clinton,2016,virginia,NA,NA,9,3,26693,Roanoke College,2016-10-29,2016-11-01,Likely Voters,654,Live Phone,Nonpartisan,None,7,2016_26693_virginia,38,45,5,NA
2016-virginia-president-trump-vs-clinton,2016,virginia,NA,NA,2,3,26596,SurveyMonkey,2016-10-25,2016-10-31,Likely Voters,2089,Internet,Nonpartisan,None,8,2016_26596_virginia,38,48,8,NA
2016-virginia-president-trump-vs-clinton,2016,virginia,NA,NA,5,1,26568,Remington Research Group (R)/Axiom Strategies,2016-10-30,2016-10-30,Likely Voters,1106,IVR/Live Phone,Sponsor,Rep,9,2016_26568_virginia,43,48,3,NA
2016-virginia-president-trump-vs-clinton,2016,virginia,NA,NA,1,4,26589,Washington Post/GMU,2016-10-27,2016-10-30,Likely Voters,1024,Live Phone,Nonpartisan,None,9,2016_26589_virginia,42,48,6,NA
2016-virginia-president-trump-vs-clinton,2016,virginia,NA,NA,15,NA,26636,Hampton University,2016-10-26,2016-10-30,Likely Voters,802,Live Phone,Nonpartisan,None,9,2016_26636_virginia,44,41,NA,NA
2016-virginia-president-trump-vs-clinton,2016,virginia,NA,NA,7,4,26613,Winthrop University,2016-10-23,2016-10-30,Likely Voters,712,Live Phone,Nonpartisan,None,9,2016_26613_virginia,39,44,5,NA
2016-virginia-president-trump-vs-clinton,2016,virginia,NA,NA,NA,4,26592,UPI/CVOTER,2016-10-23,2016-10-29,Likely Voters,337,Internet,Nonpartisan,None,10,2016_26592_virginia,46,50,NA,NA
2016-virginia-president-trump-vs-clinton,2016,virginia,NA,NA,8,3,26515,Christopher Newport,2016-10-23,2016-10-26,Likely Voters,814,Live Phone,Nonpartisan,None,13,2016_26515_virginia,39,46,5,NA
2016-virginia-president-trump-vs-clinton,2016,virginia,NA,NA,5,3,26510,Quinnipiac,2016-10-20,2016-10-26,Likely Voters,749,Live Phone,Nonpartisan,None,13,2016_26510_virginia,38,50,4,NA
2016-virginia-president-trump-vs-clinton,2016,virginia,NA,NA,2,2,26441,SurveyMonkey,2016-10-18,2016-10-24,Likely Voters,2459,Internet,Nonpartisan,None,15,2016_26441_virginia,39,48,9,NA
2016-virginia-president-trump-vs-clinton,2016,virginia,NA,NA,5,1,26425,Remington Research Group (R)/Axiom Strategies,2016-10-20,2016-10-22,Likely Voters,1787,IVR/Live Phone,Sponsor,Rep,17,2016_26425_virginia,43,48,3,NA
2016-virginia-president-trump-vs-clinton,2016,virginia,NA,NA,5,9,26351,Christopher Newport,2016-10-16,2016-10-19,Likely Voters,834,Live Phone,Nonpartisan,None,20,2016_26351_virginia,33,45,8,NA
2016-virginia-president-trump-vs-clinton,2016,virginia,NA,NA,8,3,26406,Lucid/The Times-Picayune,2016-10-17,2016-10-18,Likely Voters,802,Internet,Nonpartisan,None,21,2016_26406_virginia,38,43,9,NA
2016-virginia-president-trump-vs-clinton,2016,virginia,NA,NA,5,NA,26252,WashPost/SurveyMonkey,2016-10-08,2016-10-16,Likely Voters,1644,Internet,Nonpartisan,None,23,2016_26252_virginia,41,54,NA,NA
2016-virginia-president-trump-vs-clinton,2016,virginia,NA,NA,9,2,26271,Tarrance (R-Virginia Chamber of Commerce),2016-10-12,2016-10-15,Likely Voters,500,Live Phone,Sponsor,Rep,24,2016_26271_virginia,38,47,3,NA
2016-virginia-president-trump-vs-clinton,2016,virginia,NA,NA,5,11,26188,Christopher Newport,2016-10-11,2016-10-14,Likely Voters,809,Live Phone,Nonpartisan,None,25,2016_26188_virginia,29,44,11,NA
2016-virginia-president-trump-vs-clinton,2016,virginia,NA,NA,12,NA,26344,Ipsos/Reuters,2016-09-23,2016-10-13,Likely Voters,1075,Internet,Nonpartisan,None,26,2016_26344_virginia,39,49,NA,NA
2016-virginia-president-trump-vs-clinton,2016,virginia,NA,NA,10,2,26091,Roanoke College,2016-10-02,2016-10-06,Likely Voters,814,Live Phone,Nonpartisan,None,33,2016_26091_virginia,36,45,7,NA
2016-virginia-president-trump-vs-clinton,2016,virginia,NA,NA,11,NA,26134,Ipsos/Reuters,2016-09-16,2016-10-06,Likely Voters,594,Internet,Nonpartisan,None,33,2016_26134_virginia,39,50,NA,NA
2016-virginia-president-trump-vs-clinton,2016,virginia,NA,NA,20,NA,25999,Hampton University,2016-09-28,2016-10-02,Likely Voters,800,Live Phone,Nonpartisan,None,37,2016_25999_virginia,34,46,NA,NA
2016-virginia-president-trump-vs-clinton,2016,virginia,NA,NA,3,8,25828,Christopher Newport,2016-09-27,2016-09-30,Likely Voters,892,Live Phone,Nonpartisan,None,39,2016_25828_virginia,35,42,12,NA
2016-virginia-president-trump-vs-clinton,2016,virginia,NA,NA,5,1,25799,PPP (D-Vote Vets Action Fund),2016-09-27,2016-09-28,Likely Voters,811,IVR/Online,Pollster,Dem,41,2016_25799_virginia,40,46,7,NA
2016-virginia-president-trump-vs-clinton,2016,virginia,NA,NA,8,10,25647,CBS/YouGov,2016-09-21,2016-09-23,Likely Voters,1237,Internet,Nonpartisan,None,46,2016_25647_virginia,37,45,NA,NA
2016-virginia-president-trump-vs-clinton,2016,virginia,NA,NA,9,6,25654,Christopher Newport,2016-09-15,2016-09-23,Likely Voters,1003,Live Phone,Nonpartisan,None,46,2016_25654_virginia,38,48,NA,NA
2016-virginia-president-trump-vs-clinton,2016,virginia,NA,NA,6,1,25624,Quinnipiac,2016-09-13,2016-09-21,Likely Voters,659,Live Phone,Nonpartisan,None,48,2016_25624_virginia,39,45,8,NA
2016-virginia-president-trump-vs-clinton,2016,virginia,NA,NA,9,1,25613,Roanoke College,2016-09-11,2016-09-20,Likely Voters,841,Live Phone,Nonpartisan,None,49,2016_25613_virginia,37,44,8,NA
2016-virginia-president-trump-vs-clinton,2016,virginia,NA,NA,15,NA,25573,Ipsos/Reuters,2016-08-26,2016-09-15,Likely Voters,510,Internet,Nonpartisan,None,54,2016_25573_virginia,38,47,NA,NA
2016-virginia-president-trump-vs-clinton,2016,virginia,NA,NA,10,5,25500,University of Mary Washington/PSRAI,2016-09-06,2016-09-12,Likely Voters,685,Live Phone,Nonpartisan,None,57,2016_25500_virginia,37,40,8,NA
2016-virginia-president-trump-vs-clinton,2016,virginia,NA,NA,8,3,25470,PPP (D),2016-09-09,2016-09-11,Likely Voters,878,IVR/Online,Pollster,Dem,58,2016_25470_virginia,39,45,6,NA
2016-virginia-president-trump-vs-clinton,2016,virginia,NA,NA,9,NA,25353,WashPost/SurveyMonkey,2016-08-09,2016-09-01,Registered Voters,2468,Internet,Nonpartisan,None,68,2016_25353_virginia,41,49,NA,NA
2016-virginia-president-trump-vs-clinton,2016,virginia,NA,NA,16,NA,25323,Hampton University,2016-08-24,2016-08-28,Likely Voters,801,Live Phone,Nonpartisan,None,72,2016_25323_virginia,41,43,NA,NA
2016-virginia-president-trump-vs-clinton,2016,virginia,NA,NA,9,3,25236,Roanoke College,2016-08-07,2016-08-17,Likely Voters,803,Live Phone,Nonpartisan,None,83,2016_25236_virginia,32,48,8,NA
2016-virginia-president-trump-vs-clinton,2016,virginia,NA,NA,8,5,25200,Quinnipiac,2016-08-09,2016-08-16,Likely Voters,808,Live Phone,Nonpartisan,None,84,2016_25200_virginia,38,50,NA,NA
2016-virginia-president-trump-vs-clinton,2016,virginia,NA,NA,1,5,25181,Washington Post,2016-08-11,2016-08-14,Likely Voters,707,Live Phone,Nonpartisan,None,86,2016_25181_virginia,43,51,NA,NA
2016-virginia-president-trump-vs-clinton,2016,virginia,NA,NA,9,12,25151,NBC/WSJ/Marist,2016-08-04,2016-08-10,Registered Voters,897,Live Phone,Nonpartisan,None,90,2016_25151_virginia,33,46,NA,NA
2016-virginia-president-trump-vs-clinton,2016,virginia,NA,NA,5,2,25081,CBS/YouGov,2016-08-02,2016-08-05,Likely Voters,1181,Internet,Nonpartisan,None,95,2016_25081_virginia,37,49,7,NA
2016-virginia-president-trump-vs-clinton,2016,virginia,NA,NA,5,7,25027,RABA Research,2016-07-26,2016-07-27,Registered Voters,655,Automated Phone,Nonpartisan,None,104,2016_25027_virginia,46,42,NA,NA
2016-virginia-president-trump-vs-clinton,2016,virginia,NA,NA,13,6,24902,Fox News,2016-07-09,2016-07-12,Registered Voters,601,Live Phone,Nonpartisan,None,119,2016_24902_virginia,37,44,NA,NA
2016-virginia-president-trump-vs-clinton,2016,virginia,NA,NA,13,6,24881,FOX,2016-07-09,2016-07-12,Registered Voters,601,Live Phone,Nonpartisan,None,119,2016_24881_virginia,37,44,NA,NA
2016-virginia-president-trump-vs-clinton,2016,virginia,NA,NA,7,15,24894,NBC/WSJ/Marist,2016-07-05,2016-07-11,Registered Voters,876,Live Phone,Nonpartisan,None,120,2016_24894_virginia,35,44,NA,NA
2016-virginia-president-trump-vs-clinton,2016,virginia,NA,NA,22,NA,24912,Hampton University,2016-07-06,2016-07-10,Likely Voters,805,Live Phone,Nonpartisan,None,121,2016_24912_virginia,39,39,NA,NA
2016-virginia-president-trump-vs-clinton,2016,virginia,NA,NA,10,2,24689,PPP (D),2016-06-13,2016-06-15,Likely Voters,1032,IVR/Online,Pollster,Dem,146,2016_24689_virginia,39,42,6,NA
2016-virginia-president-trump-vs-clinton,2016,virginia,NA,NA,NA,14,24563,Gravis Marketing,2016-05-24,2016-05-24,Registered Voters,1728,Automated Phone,Nonpartisan,None,168,2016_24563_virginia,41,45,NA,NA
2016-virginia-president-trump-vs-clinton,2016,virginia,NA,NA,13,11,24534,Roanoke College,2016-05-09,2016-05-17,Likely Voters,610,Live Phone,Nonpartisan,None,175,2016_24534_virginia,38,38,NA,NA
2016-virginia-president-trump-vs-clinton,2016,virginia,NA,NA,8,14,24242,Christopher Newport,2016-03-23,2016-04-03,Likely Voters,1102,Live Phone,Nonpartisan,None,219,2016_24242_virginia,35,44,NA,NA
2016-virginia-president-trump-vs-clinton,2016,virginia,NA,NA,13,NA,23701,Roanoke College,2016-01-18,2016-01-26,Likely Voters,524,Live Phone,Nonpartisan,None,287,2016_23701_virginia,35,52,NA,NA
2016-virginia-president-trump-vs-clinton,2016,virginia,NA,NA,14,NA,23178,Roanoke College,2015-11-09,2015-11-13,Registered Voters,555,Live Phone,Nonpartisan,None,361,2016_23178_virginia,36,50,NA,NA
2016-virginia-president-trump-vs-clinton,2016,virginia,NA,NA,6,8,22896,Christopher Newport,2015-09-29,2015-10-08,Registered Voters,1067,Live Phone,Nonpartisan,None,397,2016_22896_virginia,40,47,NA,NA
2016-virginia-president-trump-vs-clinton,2016,virginia,NA,NA,23,NA,22619,Roanoke College,2015-08-10,2015-08-20,Likely Voters,608,Live Phone,Nonpartisan,None,446,2016_22619_virginia,32,45,NA,NA
2016-virginia-president-trump-vs-clinton,2016,virginia,NA,NA,12,NA,22389,PPP (D),2015-07-13,2015-07-15,Likely Voters,1170,IVR/Online,Pollster,Dem,482,2016_22389_virginia,39,49,NA,NA
2016-iowa-president-trump-vs-clinton,2016,iowa,NA,NA,NA,7,26807,SurveyMonkey,2016-11-01,2016-11-07,Likely Voters,1781,Internet,Nonpartisan,None,1,2016_26807_iowa,47,38,9,NA
2016-iowa-president-trump-vs-clinton,2016,iowa,NA,NA,NA,6,26793,UPI/CVOTER,2016-10-30,2016-11-06,Likely Voters,342,Internet,Nonpartisan,None,2,2016_26793_iowa,48,47,NA,NA
2016-iowa-president-trump-vs-clinton,2016,iowa,NA,NA,12,NA,26806,Ipsos/Reuters,2016-10-17,2016-11-06,Likely Voters,595,Internet,Nonpartisan,None,2,2016_26806_iowa,44,44,NA,NA
2016-iowa-president-trump-vs-clinton,2016,iowa,NA,NA,6,3,26746,Des Moines Register/Mediacom/Selzer,2016-11-01,2016-11-04,Likely Voters,800,Live Phone,Nonpartisan,None,4,2016_26746_iowa,46,39,6,NA
2016-iowa-president-trump-vs-clinton,2016,iowa,NA,NA,7,3,26735,Loras College,2016-11-01,2016-11-03,Likely Voters,500,Live Phone,Nonpartisan,None,5,2016_26735_iowa,43,44,3,NA
2016-iowa-president-trump-vs-clinton,2016,iowa,NA,NA,6,4,26692,RABA Research/Simpson,2016-11-01,2016-11-02,Likely Voters,1076,IVR/Online,Nonpartisan,None,6,2016_26692_iowa,44,41,5,NA
2016-iowa-president-trump-vs-clinton,2016,iowa,NA,NA,NA,6,26596,SurveyMonkey,2016-10-25,2016-10-31,Likely Voters,984,Internet,Nonpartisan,None,8,2016_26596_iowa,45,40,10,NA
2016-iowa-president-trump-vs-clinton,2016,iowa,NA,NA,NA,4,26592,UPI/CVOTER,2016-10-23,2016-10-29,Likely Voters,329,Internet,Nonpartisan,None,10,2016_26592_iowa,48,48,NA,NA
2016-iowa-president-trump-vs-clinton,2016,iowa,NA,NA,6,2,26511,Quinnipiac,2016-10-20,2016-10-26,Likely Voters,791,Live Phone,Nonpartisan,None,13,2016_26511_iowa,44,44,4,NA
2016-iowa-president-trump-vs-clinton,2016,iowa,NA,NA,NA,7,26441,SurveyMonkey,2016-10-18,2016-10-24,Likely Voters,1229,Internet,Nonpartisan,None,15,2016_26441_iowa,44,40,9,NA
2016-iowa-president-trump-vs-clinton,2016,iowa,NA,NA,7,NA,26243,WashPost/SurveyMonkey,2016-10-08,2016-10-16,Likely Voters,1135,Internet,Nonpartisan,None,23,2016_26243_iowa,49,44,NA,NA
2016-iowa-president-trump-vs-clinton,2016,iowa,NA,NA,11,NA,26344,Ipsos/Reuters,2016-09-23,2016-10-13,Likely Voters,549,Internet,Nonpartisan,None,26,2016_26344_iowa,44,45,NA,NA
2016-iowa-president-trump-vs-clinton,2016,iowa,NA,NA,9,2,26377,Lucid/The Times-Picayune,2016-10-07,2016-10-10,Likely Voters,917,Internet,Nonpartisan,None,29,2016_26377_iowa,37,41,10,NA
2016-iowa-president-trump-vs-clinton,2016,iowa,NA,NA,7,4,26007,Des Moines Register/Mediacom/Selzer,2016-10-03,2016-10-06,Likely Voters,642,Live Phone,Nonpartisan,None,33,2016_26007_iowa,43,39,6,NA
2016-iowa-president-trump-vs-clinton,2016,iowa,NA,NA,10,NA,26108,Ipsos/Reuters,2016-09-16,2016-10-06,Likely Voters,528,Internet,Nonpartisan,None,33,2016_26108_iowa,46,44,NA,NA
2016-iowa-president-trump-vs-clinton,2016,iowa,NA,NA,10,6,25661,Loras College,2016-09-20,2016-09-22,Likely Voters,491,Live Phone,Nonpartisan,None,47,2016_25661_iowa,42,42,NA,NA
2016-iowa-president-trump-vs-clinton,2016,iowa,NA,NA,5,2,25623,Quinnipiac,2016-09-13,2016-09-21,Likely Voters,612,Live Phone,Nonpartisan,None,48,2016_25623_iowa,44,37,10,NA
2016-iowa-president-trump-vs-clinton,2016,iowa,NA,NA,10,NA,25548,Ipsos/Reuters,2016-08-26,2016-09-15,Likely Voters,510,Internet,Nonpartisan,None,54,2016_25548_iowa,49,41,NA,NA
2016-iowa-president-trump-vs-clinton,2016,iowa,NA,NA,6,4,25504,Monmouth University,2016-09-12,2016-09-14,Likely Voters,404,Live Phone,Nonpartisan,None,55,2016_25504_iowa,45,37,8,NA
2016-iowa-president-trump-vs-clinton,2016,iowa,NA,NA,8,3,25451,RABA Research/Simpson,2016-09-06,2016-09-08,Likely Voters,1054,IVR/Online,Nonpartisan,None,61,2016_25451_iowa,40,39,10,NA
2016-iowa-president-trump-vs-clinton,2016,iowa,NA,NA,12,NA,25366,WashPost/SurveyMonkey,2016-08-09,2016-09-01,Registered Voters,1875,Internet,Nonpartisan,None,68,2016_25366_iowa,46,42,NA,NA
2016-iowa-president-trump-vs-clinton,2016,iowa,NA,NA,12,NA,25415,PPP (D-Constitutional Responsibility Project),2016-08-30,2016-08-31,Likely Voters,827,IVR/Online,Sponsor,Dem,69,2016_25415_iowa,43,45,NA,NA
2016-iowa-president-trump-vs-clinton,2016,iowa,NA,NA,7,6,25220,CBS/YouGov,2016-08-17,2016-08-19,Likely Voters,987,Internet,Nonpartisan,None,81,2016_25220_iowa,40,40,7,NA
2016-iowa-president-trump-vs-clinton,2016,iowa,NA,NA,6,4,25198,Quinnipiac,2016-08-09,2016-08-16,Likely Voters,846,Live Phone,Nonpartisan,None,84,2016_25198_iowa,44,47,NA,NA
2016-iowa-president-trump-vs-clinton,2016,iowa,NA,NA,19,NA,25128,Suffolk,2016-08-08,2016-08-10,Likely Voters,500,Live Phone,Nonpartisan,None,90,2016_25128_iowa,41,40,NA,NA
2016-iowa-president-trump-vs-clinton,2016,iowa,NA,NA,9,13,25104,NBC/WSJ/Marist,2016-08-03,2016-08-07,Registered Voters,899,Live Phone,Nonpartisan,None,93,2016_25104_iowa,37,41,NA,NA
2016-iowa-president-trump-vs-clinton,2016,iowa,NA,NA,8,12,24909,CBS/YouGov,2016-07-13,2016-07-15,Likely Voters,998,Internet,Nonpartisan,None,116,2016_24909_iowa,40,39,NA,NA
2016-iowa-president-trump-vs-clinton,2016,iowa,NA,NA,6,3,24862,Monmouth University,2016-07-08,2016-07-11,Likely Voters,401,Live Phone,Nonpartisan,None,120,2016_24862_iowa,44,42,6,NA
2016-iowa-president-trump-vs-clinton,2016,iowa,NA,NA,8,10,24877,NBC/WSJ/Marist,2016-07-05,2016-07-10,Registered Voters,822,Live Phone,Nonpartisan,None,121,2016_24877_iowa,39,42,NA,NA
2016-iowa-president-trump-vs-clinton,2016,iowa,NA,NA,NA,18,24885,Gravis Marketing,2016-07-07,2016-07-08,Registered Voters,1318,Automated Phone,Nonpartisan,None,123,2016_24885_iowa,40,42,NA,NA
2016-iowa-president-trump-vs-clinton,2016,iowa,NA,NA,14,4,24806,Loras College,2016-06-24,2016-06-28,Likely Voters,600,Live Phone,Nonpartisan,None,133,2016_24806_iowa,34,48,NA,NA
2016-iowa-president-trump-vs-clinton,2016,iowa,NA,NA,20,NA,24786,PPP (D-Americans United for Change/Constitutional Responsibility Project),2016-06-22,2016-06-23,Likely Voters,897,IVR/Online,Sponsor,Dem,138,2016_24786_iowa,39,41,NA,NA
2016-iowa-president-trump-vs-clinton,2016,iowa,NA,NA,15,NA,24688,PPP (D-Constitutional Responsibility Project),2016-06-09,2016-06-13,Likely Voters,630,Automated Phone,Sponsor,Dem,148,2016_24688_iowa,41,44,NA,NA
2016-iowa-president-trump-vs-clinton,2016,iowa,NA,NA,12,NA,23463,NBC/WSJ/Marist,2016-01-02,2016-01-07,Registered Voters,1470,Live Phone,Nonpartisan,None,306,2016_23463_iowa,40,48,NA,NA
2016-iowa-president-trump-vs-clinton,2016,iowa,NA,NA,13,NA,23364,PPP (D),2015-12-10,2015-12-13,Likely Voters,1426,IVR/Online,Pollster,Dem,331,2016_23364_iowa,43,45,NA,NA
2016-iowa-president-trump-vs-clinton,2016,iowa,NA,NA,19,NA,23184,Morning Consult/Campaign for Sustainable Rx Pricing,2015-11-10,2015-11-16,Registered Voters,641,Live Phone/Online,Nonpartisan,None,358,2016_23184_iowa,40,41,NA,NA
2016-iowa-president-trump-vs-clinton,2016,iowa,NA,NA,12,NA,23072,PPP (D),2015-10-30,2015-11-01,Likely Voters,1668,IVR/Online,Pollster,Dem,373,2016_23072_iowa,44,44,NA,NA
2016-iowa-president-trump-vs-clinton,2016,iowa,NA,NA,11,NA,22843,NBC/WSJ/Marist,2015-09-23,2015-09-30,Registered Voters,1061,Live Phone,Nonpartisan,None,405,2016_22843_iowa,48,41,NA,NA
2016-iowa-president-trump-vs-clinton,2016,iowa,NA,NA,9,NA,22684,NBC/Marist,2015-08-26,2015-09-02,Registered Voters,998,Live Phone,Nonpartisan,None,433,2016_22684_iowa,48,43,NA,NA
2016-iowa-president-trump-vs-clinton,2016,iowa,NA,NA,17,NA,22539,PPP (D),2015-08-07,2015-08-09,Likely Voters,1500,IVR/Online,Pollster,Dem,457,2016_22539_iowa,40,43,NA,NA
2016-north-carolina-president-trump-vs-clinton,2016,north-carolina,NA,NA,3,NA,26807,SurveyMonkey,2016-11-01,2016-11-07,Likely Voters,3126,Internet,Nonpartisan,None,1,2016_26807_north-carolina,41,48,7,NA
2016-north-carolina-president-trump-vs-clinton,2016,north-carolina,NA,NA,6,2,26780,NYT Upshot/Siena,2016-11-04,2016-11-06,Likely Voters,800,Live Phone,Nonpartisan,None,2,2016_26780_north-carolina,44,44,3,NA
2016-north-carolina-president-trump-vs-clinton,2016,north-carolina,NA,NA,4,2,26777,Quinnipiac,2016-11-03,2016-11-06,Likely Voters,870,Live Phone,Nonpartisan,None,2,2016_26777_north-carolina,45,47,3,NA
2016-north-carolina-president-trump-vs-clinton,2016,north-carolina,NA,NA,NA,6,26793,UPI/CVOTER,2016-10-30,2016-11-06,Likely Voters,357,Internet,Nonpartisan,None,2,2016_26793_north-carolina,48,47,NA,NA
2016-north-carolina-president-trump-vs-clinton,2016,north-carolina,NA,NA,7,NA,26806,Ipsos/Reuters,2016-10-17,2016-11-06,Likely Voters,650,Internet,Nonpartisan,None,2,2016_26806_north-carolina,47,46,NA,NA
2016-north-carolina-president-trump-vs-clinton,2016,north-carolina,NA,NA,2,1,26762,Remington Research Group (R)/Axiom Strategies,2016-11-01,2016-11-02,Likely Voters,2596,IVR/Live Phone,Sponsor,Rep,6,2016_26762_north-carolina,48,45,3,NA
2016-north-carolina-president-trump-vs-clinton,2016,north-carolina,NA,NA,4,NA,26702,PPP (D-Center for American Progress Action Fund),2016-10-31,2016-11-01,Likely Voters,1169,IVR/Online,Sponsor,Dem,7,2016_26702_north-carolina,47,49,NA,NA
2016-north-carolina-president-trump-vs-clinton,2016,north-carolina,NA,NA,5,1,26632,Quinnipiac,2016-10-27,2016-11-01,Likely Voters,602,Live Phone,Nonpartisan,None,7,2016_26632_north-carolina,44,47,3,NA
2016-north-carolina-president-trump-vs-clinton,2016,north-carolina,NA,NA,3,NA,26607,SurveyUSA/WRAL,2016-10-28,2016-10-31,Likely Voters,659,IVR/Online,Nonpartisan,None,8,2016_26607_north-carolina,51,44,3,NA
2016-north-carolina-president-trump-vs-clinton,2016,north-carolina,NA,NA,2,NA,26596,SurveyMonkey,2016-10-25,2016-10-31,Likely Voters,1574,Internet,Nonpartisan,None,8,2016_26596_north-carolina,44,47,7,NA
2016-north-carolina-president-trump-vs-clinton,2016,north-carolina,NA,NA,4,1,26565,Remington Research Group (R)/Axiom Strategies,2016-10-30,2016-10-30,Likely Voters,1176,IVR/Live Phone,Sponsor,Rep,9,2016_26565_north-carolina,47,45,2,NA
2016-north-carolina-president-trump-vs-clinton,2016,north-carolina,NA,NA,NA,4,26592,UPI/CVOTER,2016-10-23,2016-10-29,Likely Voters,351,Internet,Nonpartisan,None,10,2016_26592_north-carolina,48,48,NA,NA
2016-north-carolina-president-trump-vs-clinton,2016,north-carolina,NA,NA,2,2,26548,CBS/YouGov,2016-10-26,2016-10-28,Likely Voters,992,Internet,Nonpartisan,None,11,2016_26548_north-carolina,45,48,3,NA
2016-north-carolina-president-trump-vs-clinton,2016,north-carolina,NA,NA,12,2,26597,Elon,2016-10-23,2016-10-27,Likely Voters,710,Live Phone,Nonpartisan,None,12,2016_26597_north-carolina,41,42,3,NA
2016-north-carolina-president-trump-vs-clinton,2016,north-carolina,NA,NA,2,5,26545,NBC/WSJ/Marist,2016-10-25,2016-10-26,Likely Voters,780,Live Phone,Nonpartisan,None,13,2016_26545_north-carolina,44,50,NA,NA
2016-north-carolina-president-trump-vs-clinton,2016,north-carolina,NA,NA,4,1,26508,Quinnipiac,2016-10-20,2016-10-26,Likely Voters,702,Live Phone,Nonpartisan,None,13,2016_26508_north-carolina,43,47,5,NA
2016-north-carolina-president-trump-vs-clinton,2016,north-carolina,NA,NA,3,NA,26441,SurveyMonkey,2016-10-18,2016-10-24,Likely Voters,1825,Internet,Nonpartisan,None,15,2016_26441_north-carolina,43,47,7,NA
2016-north-carolina-president-trump-vs-clinton,2016,north-carolina,NA,NA,6,1,26410,NYT Upshot/Siena,2016-10-20,2016-10-23,Likely Voters,792,Live Phone,Nonpartisan,None,16,2016_26410_north-carolina,39,46,8,NA
2016-north-carolina-president-trump-vs-clinton,2016,north-carolina,NA,NA,2,1,26395,Monmouth University,2016-10-20,2016-10-23,Likely Voters,402,Live Phone,Nonpartisan,None,16,2016_26395_north-carolina,46,47,4,NA
2016-north-carolina-president-trump-vs-clinton,2016,north-carolina,NA,NA,5,NA,26393,PPP (D),2016-10-21,2016-10-22,Likely Voters,875,IVR/Online,Pollster,Dem,17,2016_26393_north-carolina,44,47,4,NA
2016-north-carolina-president-trump-vs-clinton,2016,north-carolina,NA,NA,5,1,26421,Remington Research Group (R)/Axiom Strategies,2016-10-20,2016-10-22,Likely Voters,1764,IVR/Live Phone,Sponsor,Rep,17,2016_26421_north-carolina,47,44,3,NA
2016-north-carolina-president-trump-vs-clinton,2016,north-carolina,NA,NA,7,5,26698,Ipsos/Reuters,2016-10-06,2016-10-19,Likely Voters,1233,Internet,Nonpartisan,None,20,2016_26698_north-carolina,43,45,NA,NA
2016-north-carolina-president-trump-vs-clinton,2016,north-carolina,NA,NA,7,2,26405,Lucid/The Times-Picayune,2016-10-17,2016-10-18,Likely Voters,924,Internet,Nonpartisan,None,21,2016_26405_north-carolina,41,42,8,NA
2016-north-carolina-president-trump-vs-clinton,2016,north-carolina,NA,NA,6,1,26283,Civitas (R),2016-10-14,2016-10-17,Likely Voters,600,Live Phone,Pollster,Rep,22,2016_26283_north-carolina,43,45,5,NA
2016-north-carolina-president-trump-vs-clinton,2016,north-carolina,NA,NA,4,NA,26268,SurveyUSA/TWC News North Carolina,2016-10-14,2016-10-17,Likely Voters,651,IVR/Online,Nonpartisan,None,22,2016_26268_north-carolina,44,46,6,NA
2016-north-carolina-president-trump-vs-clinton,2016,north-carolina,NA,NA,7,NA,26244,WashPost/SurveyMonkey,2016-10-08,2016-10-16,Likely Voters,1191,Internet,Nonpartisan,None,23,2016_26244_north-carolina,43,51,NA,NA
2016-north-carolina-president-trump-vs-clinton,2016,north-carolina,NA,NA,0,1,26202,CNN,2016-10-10,2016-10-15,Likely Voters,788,Live Phone,Nonpartisan,None,24,2016_26202_north-carolina,47,48,4,NA
2016-north-carolina-president-trump-vs-clinton,2016,north-carolina,NA,NA,12,NA,26344,Ipsos/Reuters,2016-09-23,2016-10-13,Likely Voters,2059,Internet,Nonpartisan,None,26,2016_26344_north-carolina,42,46,NA,NA
2016-north-carolina-president-trump-vs-clinton,2016,north-carolina,NA,NA,3,6,26167,NBC/WSJ/Marist,2016-10-10,2016-10-12,Likely Voters,743,Live Phone,Nonpartisan,None,27,2016_26167_north-carolina,43,48,NA,NA
2016-north-carolina-president-trump-vs-clinton,2016,north-carolina,NA,NA,7,NA,26158,Suffolk,2016-10-10,2016-10-12,Likely Voters,500,Live Phone,Nonpartisan,None,27,2016_26158_north-carolina,43,45,5,NA
2016-north-carolina-president-trump-vs-clinton,2016,north-carolina,NA,NA,6,NA,26020,High Point University,2016-10-01,2016-10-06,Likely Voters,479,Live Phone,Nonpartisan,None,33,2016_26020_north-carolina,42,43,8,NA
2016-north-carolina-president-trump-vs-clinton,2016,north-carolina,NA,NA,13,NA,26125,Ipsos/Reuters,2016-09-16,2016-10-06,Likely Voters,600,Internet,Nonpartisan,None,33,2016_26125_north-carolina,43,44,NA,NA
2016-north-carolina-president-trump-vs-clinton,2016,north-carolina,NA,NA,6,NA,25957,SurveyUSA/WRAL News,2016-09-29,2016-10-03,Likely Voters,656,IVR/Online,Nonpartisan,None,36,2016_25957_north-carolina,44,46,5,NA
2016-north-carolina-president-trump-vs-clinton,2016,north-carolina,NA,NA,5,4,25849,Bloomberg/Selzer,2016-09-29,2016-10-02,Likely Voters,805,Live Phone,Nonpartisan,None,37,2016_25849_north-carolina,45,46,NA,NA
2016-north-carolina-president-trump-vs-clinton,2016,north-carolina,NA,NA,3,1,25844,Quinnipiac,2016-09-27,2016-10-02,Likely Voters,507,Live Phone,Nonpartisan,None,37,2016_25844_north-carolina,43,46,7,NA
2016-north-carolina-president-trump-vs-clinton,2016,north-carolina,NA,NA,6,1,25950,Elon,2016-09-27,2016-09-30,Likely Voters,660,Live Phone,Nonpartisan,None,39,2016_25950_north-carolina,39,45,9,NA
2016-north-carolina-president-trump-vs-clinton,2016,north-carolina,NA,NA,7,NA,25797,PPP (D-Vote Vets Action Fund),2016-09-27,2016-09-28,Likely Voters,861,IVR/Online,Pollster,Dem,41,2016_25797_north-carolina,42,44,7,NA
2016-north-carolina-president-trump-vs-clinton,2016,north-carolina,NA,NA,11,10,25726,The Meredith College Poll,2016-09-18,2016-09-22,Registered Voters,487,Live Phone,Nonpartisan,None,47,2016_25726_north-carolina,35,38,6,NA
2016-north-carolina-president-trump-vs-clinton,2016,north-carolina,NA,NA,6,NA,25656,High Point University,2016-09-17,2016-09-22,Likely Voters,404,Live Phone,Nonpartisan,None,47,2016_25656_north-carolina,42,43,10,NA
2016-north-carolina-president-trump-vs-clinton,2016,north-carolina,NA,NA,8,1,25608,Fox News,2016-09-18,2016-09-20,Likely Voters,734,Live Phone,Nonpartisan,None,49,2016_25608_north-carolina,45,40,6,NA
2016-north-carolina-president-trump-vs-clinton,2016,north-carolina,NA,NA,7,NA,25591,PPP (D),2016-09-18,2016-09-20,Likely Voters,1024,IVR/Online,Pollster,Dem,49,2016_25591_north-carolina,45,43,6,NA
2016-north-carolina-president-trump-vs-clinton,2016,north-carolina,NA,NA,11,2,25611,NYT Upshot/Siena,2016-09-16,2016-09-19,Likely Voters,782,Live Phone,Nonpartisan,None,50,2016_25611_north-carolina,43,45,NA,NA
2016-north-carolina-president-trump-vs-clinton,2016,north-carolina,NA,NA,3,3,25637,GQR (D-Democracy Corps/WVWV),2016-09-10,2016-09-19,Likely Voters,400,Live Phone,Sponsor,Dem,50,2016_25637_north-carolina,40,44,9,NA
2016-north-carolina-president-trump-vs-clinton,2016,north-carolina,NA,NA,6,1,25579,Elon,2016-09-12,2016-09-16,Likely Voters,644,Live Phone,Nonpartisan,None,53,2016_25579_north-carolina,44,43,6,NA
2016-north-carolina-president-trump-vs-clinton,2016,north-carolina,NA,NA,10,NA,25563,Ipsos/Reuters,2016-08-26,2016-09-15,Likely Voters,917,Internet,Nonpartisan,None,54,2016_25563_north-carolina,44,46,NA,NA
2016-north-carolina-president-trump-vs-clinton,2016,north-carolina,NA,NA,9,NA,25497,Civitas (R),2016-09-11,2016-09-12,Likely Voters,600,Live Phone,Pollster,Rep,57,2016_25497_north-carolina,42,42,5,NA
2016-north-carolina-president-trump-vs-clinton,2016,north-carolina,NA,NA,11,NA,25424,Suffolk,2016-09-05,2016-09-07,Likely Voters,500,Live Phone,Nonpartisan,None,62,2016_25424_north-carolina,44,41,4,NA
2016-north-carolina-president-trump-vs-clinton,2016,north-carolina,NA,NA,8,2,25430,Quinnipiac,2016-08-29,2016-09-07,Likely Voters,751,Live Phone,Nonpartisan,None,62,2016_25430_north-carolina,43,47,NA,NA
2016-north-carolina-president-trump-vs-clinton,2016,north-carolina,NA,NA,4,3,25338,CBS/YouGov,2016-08-30,2016-09-02,Likely Voters,1088,Internet,Nonpartisan,None,67,2016_25338_north-carolina,42,46,4,NA
2016-north-carolina-president-trump-vs-clinton,2016,north-carolina,NA,NA,8,NA,25383,WashPost/SurveyMonkey,2016-08-09,2016-09-01,Registered Voters,2552,Internet,Nonpartisan,None,68,2016_25383_north-carolina,46,46,NA,NA
2016-north-carolina-president-trump-vs-clinton,2016,north-carolina,NA,NA,12,NA,25318,PPP (D-NELP),2016-08-26,2016-08-27,Likely Voters,1177,IVR/Online,Sponsor,Dem,73,2016_25318_north-carolina,44,45,NA,NA
2016-north-carolina-president-trump-vs-clinton,2016,north-carolina,NA,NA,6,1,25250,Monmouth University,2016-08-20,2016-08-23,Likely Voters,401,Live Phone,Nonpartisan,None,77,2016_25250_north-carolina,42,44,7,NA
2016-north-carolina-president-trump-vs-clinton,2016,north-carolina,NA,NA,1,4,25253,CNN,2016-08-18,2016-08-23,Likely Voters,803,Live Phone,Nonpartisan,None,77,2016_25253_north-carolina,47,48,NA,NA
2016-north-carolina-president-trump-vs-clinton,2016,north-carolina,NA,NA,13,NA,25221,Gravis Marketing,2016-08-15,2016-08-17,Registered Voters,723,IVR/Online,Nonpartisan,None,83,2016_25221_north-carolina,43,44,NA,NA
2016-north-carolina-president-trump-vs-clinton,2016,north-carolina,NA,NA,7,7,25149,NBC/WSJ/Marist,2016-08-04,2016-08-10,Registered Voters,921,Live Phone,Nonpartisan,None,90,2016_25149_north-carolina,39,48,NA,NA
2016-north-carolina-president-trump-vs-clinton,2016,north-carolina,NA,NA,8,2,25097,PPP (D),2016-08-05,2016-08-07,Likely Voters,830,IVR/Online,Pollster,Dem,93,2016_25097_north-carolina,41,43,7,NA
2016-north-carolina-president-trump-vs-clinton,2016,north-carolina,NA,NA,7,NA,25053,SurveyUSA/Civitas (R),2016-07-31,2016-08-02,Likely Voters,400,IVR/Online,Sponsor,Rep,98,2016_25053_north-carolina,46,42,6,NA
2016-north-carolina-president-trump-vs-clinton,2016,north-carolina,NA,NA,6,12,24893,NBC/WSJ/Marist,2016-07-05,2016-07-11,Registered Voters,907,Live Phone,Nonpartisan,None,120,2016_24893_north-carolina,38,44,NA,NA
2016-north-carolina-president-trump-vs-clinton,2016,north-carolina,NA,NA,7,6,24769,CBS/YouGov,2016-06-21,2016-06-24,Likely Voters,988,Internet,Nonpartisan,None,137,2016_24769_north-carolina,42,44,NA,NA
2016-north-carolina-president-trump-vs-clinton,2016,north-carolina,NA,NA,7,6,24758,PPP (D),2016-06-20,2016-06-21,Likely Voters,947,IVR/Online,Pollster,Dem,140,2016_24758_north-carolina,43,43,NA,NA
2016-north-carolina-president-trump-vs-clinton,2016,north-carolina,NA,NA,3,5,24844,GQR (D-Democracy Corps/Women's Voices Women Vote),2016-06-11,2016-06-20,Likely Voters,300,Live Phone,Sponsor,Dem,141,2016_24844_north-carolina,41,51,NA,NA
2016-north-carolina-president-trump-vs-clinton,2016,north-carolina,NA,NA,11,10,24565,Civitas (R),2016-05-21,2016-05-23,Likely Voters,600,Live Phone,Pollster,Rep,169,2016_24565_north-carolina,39,36,NA,NA
2016-north-carolina-president-trump-vs-clinton,2016,north-carolina,NA,NA,11,5,24552,PPP (D),2016-05-20,2016-05-22,Likely Voters,928,IVR/Online,Pollster,Dem,170,2016_24552_north-carolina,43,41,NA,NA
2016-north-carolina-president-trump-vs-clinton,2016,north-carolina,NA,NA,12,2,24421,Civitas (R),2016-04-23,2016-04-25,Likely Voters,600,Live Phone,Pollster,Rep,197,2016_24421_north-carolina,37,49,NA,NA
2016-north-carolina-president-trump-vs-clinton,2016,north-carolina,NA,NA,12,NA,24386,PPP (D),2016-04-22,2016-04-24,Likely Voters,960,IVR/Online,Pollster,Dem,198,2016_24386_north-carolina,44,44,NA,NA
2016-north-carolina-president-trump-vs-clinton,2016,north-carolina,NA,NA,3,14,24309,Elon,2016-04-10,2016-04-15,Registered Voters,621,Live Phone,Nonpartisan,None,207,2016_24309_north-carolina,39,45,NA,NA
2016-north-carolina-president-trump-vs-clinton,2016,north-carolina,NA,NA,14,NA,24132,PPP (D),2016-03-18,2016-03-20,Likely Voters,843,IVR/Online,Pollster,Dem,233,2016_24132_north-carolina,42,44,NA,NA
2016-north-carolina-president-trump-vs-clinton,2016,north-carolina,NA,NA,9,NA,24055,SurveyUSA/High Point University,2016-03-09,2016-03-10,Likely Voters,1576,IVR/Online,Nonpartisan,None,243,2016_24055_north-carolina,49,42,NA,NA
2016-north-carolina-president-trump-vs-clinton,2016,north-carolina,NA,NA,4,9,23831,Elon,2016-02-15,2016-02-19,Likely Voters,1530,Live Phone,Nonpartisan,None,263,2016_23831_north-carolina,41,47,NA,NA
2016-north-carolina-president-trump-vs-clinton,2016,north-carolina,NA,NA,13,NA,23843,PPP (D),2016-02-14,2016-02-16,Likely Voters,1291,IVR/Online,Pollster,Dem,266,2016_23843_north-carolina,44,43,NA,NA
2016-north-carolina-president-trump-vs-clinton,2016,north-carolina,NA,NA,13,NA,23837,SurveyUSA/TWC News North Carolina,2016-02-14,2016-02-16,Likely Voters,1250,IVR/Online,Nonpartisan,None,266,2016_23837_north-carolina,45,43,NA,NA
2016-north-carolina-president-trump-vs-clinton,2016,north-carolina,NA,NA,12,NA,23535,PPP (D),2016-01-18,2016-01-19,Likely Voters,948,IVR/Online,Pollster,Dem,294,2016_23535_north-carolina,45,43,NA,NA
2016-north-carolina-president-trump-vs-clinton,2016,north-carolina,NA,NA,10,NA,23277,PPP (D),2015-12-05,2015-12-07,Likely Voters,1214,IVR/Online,Pollster,Dem,337,2016_23277_north-carolina,47,43,NA,NA
2016-north-carolina-president-trump-vs-clinton,2016,north-carolina,NA,NA,3,8,23075,Elon,2015-10-29,2015-11-02,Likely Voters,1040,Live Phone,Nonpartisan,None,372,2016_23075_north-carolina,40,50,NA,NA
2016-north-carolina-president-trump-vs-clinton,2016,north-carolina,NA,NA,10,NA,23002,PPP (D),2015-10-23,2015-10-25,Likely Voters,893,IVR/Online,Pollster,Dem,380,2016_23002_north-carolina,48,42,NA,NA
2016-north-carolina-president-trump-vs-clinton,2016,north-carolina,NA,NA,11,NA,22883,Civitas (R),2015-09-28,2015-09-30,Registered Voters,600,Live Phone,Pollster,Rep,405,2016_22883_north-carolina,43,47,NA,NA
2016-north-carolina-president-trump-vs-clinton,2016,north-carolina,NA,NA,12,NA,22812,PPP (D),2015-09-24,2015-09-27,Likely Voters,1268,IVR/Online,Pollster,Dem,408,2016_22812_north-carolina,47,42,NA,NA
2016-north-carolina-president-trump-vs-clinton,2016,north-carolina,NA,NA,3,10,22796,Elon,2015-09-17,2015-09-21,Registered Voters,1075,Live Phone,Nonpartisan,None,414,2016_22796_north-carolina,40,47,NA,NA
2016-north-carolina-president-trump-vs-clinton,2016,north-carolina,NA,NA,14,NA,22577,PPP (D),2015-08-12,2015-08-16,Likely Voters,957,IVR/Online,Pollster,Dem,450,2016_22577_north-carolina,45,42,NA,NA
2016-north-carolina-president-trump-vs-clinton,2016,north-carolina,NA,NA,9,NA,22353,PPP (D),2015-07-02,2015-07-06,Likely Voters,529,IVR/Online,Pollster,Dem,491,2016_22353_north-carolina,44,47,NA,NA
2016-wisconsin-president-trump-vs-clinton,2016,wisconsin,NA,NA,3,4,26807,SurveyMonkey,2016-11-01,2016-11-07,Likely Voters,2246,Internet,Nonpartisan,None,1,2016_26807_wisconsin,42,44,NA,NA
2016-wisconsin-president-trump-vs-clinton,2016,wisconsin,NA,NA,NA,6,26793,UPI/CVOTER,2016-10-30,2016-11-06,Likely Voters,372,Internet,Nonpartisan,None,2,2016_26793_wisconsin,43,51,NA,NA
2016-wisconsin-president-trump-vs-clinton,2016,wisconsin,NA,NA,14,NA,26806,Ipsos/Reuters,2016-10-17,2016-11-06,Likely Voters,842,Internet,Nonpartisan,None,2,2016_26806_wisconsin,40,46,NA,NA
2016-wisconsin-president-trump-vs-clinton,2016,wisconsin,NA,NA,4,3,26765,Remington Research Group (R)/Axiom Strategies,2016-11-01,2016-11-02,Likely Voters,2720,IVR/Live Phone,Sponsor,Rep,6,2016_26765_wisconsin,41,49,NA,NA
2016-wisconsin-president-trump-vs-clinton,2016,wisconsin,NA,NA,9,2,26706,Loras College,2016-10-31,2016-11-01,Likely Voters,500,Live Phone,Nonpartisan,None,7,2016_26706_wisconsin,38,44,NA,NA
2016-wisconsin-president-trump-vs-clinton,2016,wisconsin,NA,NA,10,NA,26700,PPP (D-Center for American Progress Action Fund),2016-10-31,2016-11-01,Likely Voters,891,IVR/Online,Sponsor,Dem,7,2016_26700_wisconsin,41,48,NA,NA
2016-wisconsin-president-trump-vs-clinton,2016,wisconsin,NA,NA,4,10,26627,Marquette Law School,2016-10-26,2016-10-31,Likely Voters,1255,Live Phone,Nonpartisan,None,8,2016_26627_wisconsin,40,46,NA,NA
2016-wisconsin-president-trump-vs-clinton,2016,wisconsin,NA,NA,3,4,26596,SurveyMonkey,2016-10-25,2016-10-31,Likely Voters,1195,Internet,Nonpartisan,None,8,2016_26596_wisconsin,42,44,NA,NA
2016-wisconsin-president-trump-vs-clinton,2016,wisconsin,NA,NA,5,3,26560,Remington Research Group (R)/Axiom Strategies,2016-10-30,2016-10-30,Likely Voters,1772,IVR/Live Phone,Sponsor,Rep,9,2016_26560_wisconsin,42,46,NA,NA
2016-wisconsin-president-trump-vs-clinton,2016,wisconsin,NA,NA,NA,3,26592,UPI/CVOTER,2016-10-23,2016-10-29,Likely Voters,365,Internet,Nonpartisan,None,10,2016_26592_wisconsin,46,51,NA,NA
2016-wisconsin-president-trump-vs-clinton,2016,wisconsin,NA,NA,3,3,26441,SurveyMonkey,2016-10-18,2016-10-24,Likely Voters,1351,Internet,Nonpartisan,None,15,2016_26441_wisconsin,41,43,NA,NA
2016-wisconsin-president-trump-vs-clinton,2016,wisconsin,NA,NA,6,2,26426,Remington Research Group (R)/Axiom Strategies,2016-10-20,2016-10-22,Likely Voters,1795,IVR/Live Phone,Sponsor,Rep,17,2016_26426_wisconsin,41,46,NA,NA
2016-wisconsin-president-trump-vs-clinton,2016,wisconsin,NA,NA,12,NA,26282,PPP (D-End Citizens United),2016-10-18,2016-10-19,Likely Voters,804,IVR/Online,Sponsor,Dem,20,2016_26282_wisconsin,38,50,NA,NA
2016-wisconsin-president-trump-vs-clinton,2016,wisconsin,NA,NA,5,3,26274,Monmouth University,2016-10-15,2016-10-18,Likely Voters,403,Live Phone,Nonpartisan,None,21,2016_26274_wisconsin,40,47,NA,NA
2016-wisconsin-president-trump-vs-clinton,2016,wisconsin,NA,NA,7,6,26236,St Norbert,2016-10-13,2016-10-16,Likely Voters,664,Live Phone,Nonpartisan,None,23,2016_26236_wisconsin,39,47,NA,NA
2016-wisconsin-president-trump-vs-clinton,2016,wisconsin,NA,NA,8,NA,26253,WashPost/SurveyMonkey,2016-10-08,2016-10-16,Likely Voters,1076,Internet,Nonpartisan,None,23,2016_26253_wisconsin,44,48,NA,NA
2016-wisconsin-president-trump-vs-clinton,2016,wisconsin,NA,NA,21,NA,26344,Ipsos/Reuters,2016-09-23,2016-10-13,Likely Voters,810,Internet,Nonpartisan,None,26,2016_26344_wisconsin,37,42,NA,NA
2016-wisconsin-president-trump-vs-clinton,2016,wisconsin,NA,NA,4,8,26150,Marquette Law School,2016-10-06,2016-10-09,Likely Voters,878,Live Phone,Nonpartisan,None,30,2016_26150_wisconsin,42,46,NA,NA
2016-wisconsin-president-trump-vs-clinton,2016,wisconsin,NA,NA,11,3,26016,CBS/YouGov,2016-10-05,2016-10-07,Likely Voters,993,Internet,Nonpartisan,None,32,2016_26016_wisconsin,39,43,NA,NA
2016-wisconsin-president-trump-vs-clinton,2016,wisconsin,NA,NA,12,NA,26137,Ipsos/Reuters,2016-09-16,2016-10-06,Likely Voters,866,Internet,Nonpartisan,None,33,2016_26137_wisconsin,42,46,NA,NA
2016-wisconsin-president-trump-vs-clinton,2016,wisconsin,NA,NA,9,7,26083,Loras College,2016-10-04,2016-10-05,Likely Voters,500,Live Phone,Nonpartisan,None,34,2016_26083_wisconsin,37,47,NA,NA
2016-wisconsin-president-trump-vs-clinton,2016,wisconsin,NA,NA,5,8,25601,Marquette Law School,2016-09-15,2016-09-18,Likely Voters,642,Live Phone,Nonpartisan,None,51,2016_25601_wisconsin,42,44,NA,NA
2016-wisconsin-president-trump-vs-clinton,2016,wisconsin,NA,NA,17,NA,25576,Ipsos/Reuters,2016-08-26,2016-09-15,Likely Voters,695,Internet,Nonpartisan,None,54,2016_25576_wisconsin,40,43,NA,NA
2016-wisconsin-president-trump-vs-clinton,2016,wisconsin,NA,NA,11,NA,25347,WashPost/SurveyMonkey,2016-08-09,2016-09-01,Registered Voters,2687,Internet,Nonpartisan,None,68,2016_25347_wisconsin,44,46,NA,NA
2016-wisconsin-president-trump-vs-clinton,2016,wisconsin,NA,NA,8,4,25303,Monmouth University,2016-08-27,2016-08-30,Likely Voters,404,Live Phone,Nonpartisan,None,70,2016_25303_wisconsin,38,43,NA,NA
2016-wisconsin-president-trump-vs-clinton,2016,wisconsin,NA,NA,4,7,25304,Marquette Law School,2016-08-25,2016-08-28,Likely Voters,650,Live Phone,Nonpartisan,None,72,2016_25304_wisconsin,42,45,NA,NA
2016-wisconsin-president-trump-vs-clinton,2016,wisconsin,NA,NA,12,NA,25312,PPP (D-NELP),2016-08-26,2016-08-27,Likely Voters,1054,IVR/Online,Sponsor,Dem,73,2016_25312_wisconsin,41,48,NA,NA
2016-wisconsin-president-trump-vs-clinton,2016,wisconsin,NA,NA,3,7,25118,Marquette Law School,2016-08-04,2016-08-07,Likely Voters,683,Live Phone,Nonpartisan,None,93,2016_25118_wisconsin,37,52,NA,NA
2016-wisconsin-president-trump-vs-clinton,2016,wisconsin,NA,NA,6,9,24879,Marquette Law School,2016-07-07,2016-07-10,Likely Voters,665,Live Phone,Nonpartisan,None,121,2016_24879_wisconsin,41,45,NA,NA
2016-wisconsin-president-trump-vs-clinton,2016,wisconsin,NA,NA,12,11,24768,CBS/YouGov,2016-06-21,2016-06-24,Likely Voters,993,Internet,Nonpartisan,None,137,2016_24768_wisconsin,36,41,NA,NA
2016-wisconsin-president-trump-vs-clinton,2016,wisconsin,NA,NA,14,NA,24790,PPP (D-Americans United for Change/Constitutional Responsibility Project),2016-06-22,2016-06-23,Likely Voters,843,IVR/Online,Sponsor,Dem,138,2016_24790_wisconsin,39,47,NA,NA
2016-wisconsin-president-trump-vs-clinton,2016,wisconsin,NA,NA,10,7,24849,GQR (D-Democracy Corps/Women's Voices Women Vote),2016-06-11,2016-06-20,Likely Voters,300,Live Phone,Sponsor,Dem,141,2016_24849_wisconsin,36,47,NA,NA
2016-wisconsin-president-trump-vs-clinton,2016,wisconsin,NA,NA,4,13,24685,Marquette Law School,2016-06-09,2016-06-12,Likely Voters,666,Live Phone,Nonpartisan,None,149,2016_24685_wisconsin,37,46,NA,NA
2016-wisconsin-president-trump-vs-clinton,2016,wisconsin,NA,NA,NA,NA,24567,Public Opinion Strategies (R)/Federation for Children,2016-05-10,2016-05-12,Likely Voters,600,Live Phone,Pollster,Rep,180,2016_24567_wisconsin,31,43,NA,NA
2016-wisconsin-president-trump-vs-clinton,2016,wisconsin,NA,NA,9,12,24316,St Norbert/WPR/WPTV,2016-04-12,2016-04-15,Registered Voters,616,Live Phone,Nonpartisan,None,207,2016_24316_wisconsin,34,46,NA,NA
2016-wisconsin-president-trump-vs-clinton,2016,wisconsin,NA,NA,17,NA,24195,Emerson College Polling Society,2016-03-30,2016-04-03,Likely Voters,1198,Automated Phone,Nonpartisan,None,219,2016_24195_wisconsin,37,47,NA,NA
2016-wisconsin-president-trump-vs-clinton,2016,wisconsin,NA,NA,10,6,24182,Fox News,2016-03-28,2016-03-30,Likely Voters,1602,Live Phone,Nonpartisan,None,223,2016_24182_wisconsin,35,49,NA,NA
2016-wisconsin-president-trump-vs-clinton,2016,wisconsin,NA,NA,5,12,24172,Marquette Law School,2016-03-24,2016-03-28,Registered Voters,1405,Live Phone,Nonpartisan,None,225,2016_24172_wisconsin,37,47,NA,NA
2016-wisconsin-president-trump-vs-clinton,2016,wisconsin,NA,NA,6,11,23872,Marquette Law School,2016-02-18,2016-02-21,Registered Voters,802,Live Phone,Nonpartisan,None,261,2016_23872_wisconsin,37,48,NA,NA
2016-wisconsin-president-trump-vs-clinton,2016,wisconsin,NA,NA,6,9,23623,Marquette Law School,2016-01-21,2016-01-24,Registered Voters,806,Live Phone,Nonpartisan,None,289,2016_23623_wisconsin,38,47,NA,NA
2016-wisconsin-president-trump-vs-clinton,2016,wisconsin,NA,NA,5,9,23197,Marquette Law School,2015-11-12,2015-11-15,Registered Voters,803,Live Phone,Nonpartisan,None,359,2016_23197_wisconsin,38,48,NA,NA
2016-wisconsin-president-trump-vs-clinton,2016,wisconsin,NA,NA,11,NA,22973,St Norbert/WPR/WPTV,2015-10-14,2015-10-17,Registered Voters,603,Live Phone,Nonpartisan,None,388,2016_22973_wisconsin,39,50,NA,NA
2016-wisconsin-president-trump-vs-clinton,2016,wisconsin,NA,NA,4,9,22823,Marquette Law School,2015-09-24,2015-09-28,Registered Voters,803,Live Phone,Nonpartisan,None,407,2016_22823_wisconsin,36,50,NA,NA
2016-wisconsin-president-trump-vs-clinton,2016,wisconsin,NA,NA,4,10,22596,Marquette Law School,2015-08-13,2015-08-16,Registered Voters,802,Live Phone,Nonpartisan,None,450,2016_22596_wisconsin,35,51,NA,NA
2016-ohio-president-trump-vs-clinton,2016,ohio,NA,NA,3,3,26807,SurveyMonkey,2016-11-01,2016-11-07,Likely Voters,2860,Internet,Nonpartisan,None,1,2016_26807_ohio,45,42,7,NA
2016-ohio-president-trump-vs-clinton,2016,ohio,NA,NA,NA,5,26793,UPI/CVOTER,2016-10-30,2016-11-06,Likely Voters,345,Internet,Nonpartisan,None,2,2016_26793_ohio,48,47,NA,NA
2016-ohio-president-trump-vs-clinton,2016,ohio,NA,NA,7,NA,26806,Ipsos/Reuters,2016-10-17,2016-11-06,Likely Voters,775,Internet,Nonpartisan,None,2,2016_26806_ohio,46,47,NA,NA
2016-ohio-president-trump-vs-clinton,2016,ohio,NA,NA,NA,2,26756,Columbus Dispatch,2016-10-27,2016-11-05,Likely Voters,1151,Mail,Nonpartisan,None,3,2016_26756_ohio,47,48,3,NA
2016-ohio-president-trump-vs-clinton,2016,ohio,NA,NA,2,4,26754,CBS/YouGov,2016-11-02,2016-11-04,Likely Voters,1189,Internet,Nonpartisan,None,4,2016_26754_ohio,46,45,3,NA
2016-ohio-president-trump-vs-clinton,2016,ohio,NA,NA,2,7,26773,TargetSmart/William & Mary,2016-10-31,2016-11-03,Likely Voters,1194,Live Phone/Online,Nonpartisan,None,5,2016_26773_ohio,43,40,8,NA
2016-ohio-president-trump-vs-clinton,2016,ohio,NA,NA,3,3,26766,Remington Research Group (R)/Axiom Strategies,2016-11-01,2016-11-02,Likely Voters,2557,IVR/Live Phone,Sponsor,Rep,6,2016_26766_ohio,45,44,4,NA
2016-ohio-president-trump-vs-clinton,2016,ohio,NA,NA,5,3,26629,Quinnipiac,2016-10-27,2016-11-01,Likely Voters,589,Live Phone,Nonpartisan,None,7,2016_26629_ohio,46,41,5,NA
2016-ohio-president-trump-vs-clinton,2016,ohio,NA,NA,4,2,26596,SurveyMonkey,2016-10-25,2016-10-31,Likely Voters,1823,Internet,Nonpartisan,None,8,2016_26596_ohio,45,40,9,NA
2016-ohio-president-trump-vs-clinton,2016,ohio,NA,NA,5,1,26561,Remington Research Group (R)/Axiom Strategies,2016-10-30,2016-10-30,Likely Voters,1187,IVR/Live Phone,Sponsor,Rep,9,2016_26561_ohio,48,43,3,NA
2016-ohio-president-trump-vs-clinton,2016,ohio,NA,NA,NA,3,26592,UPI/CVOTER,2016-10-23,2016-10-29,Likely Voters,339,Internet,Nonpartisan,None,10,2016_26592_ohio,47,50,NA,NA
2016-ohio-president-trump-vs-clinton,2016,ohio,NA,NA,4,3,26441,SurveyMonkey,2016-10-18,2016-10-24,Likely Voters,1951,Internet,Nonpartisan,None,15,2016_26441_ohio,45,40,8,NA
2016-ohio-president-trump-vs-clinton,2016,ohio,NA,NA,6,2,26423,Remington Research Group (R)/Axiom Strategies,2016-10-20,2016-10-22,Likely Voters,1971,IVR/Live Phone,Sponsor,Rep,17,2016_26423_ohio,46,42,4,NA
2016-ohio-president-trump-vs-clinton,2016,ohio,NA,NA,6,2,26318,Suffolk,2016-10-17,2016-10-19,Likely Voters,500,Live Phone,Nonpartisan,None,20,2016_26318_ohio,45,45,2,NA
2016-ohio-president-trump-vs-clinton,2016,ohio,NA,NA,2,2,26216,Quinnipiac,2016-10-10,2016-10-16,Likely Voters,624,Live Phone,Nonpartisan,None,23,2016_26216_ohio,45,45,6,NA
2016-ohio-president-trump-vs-clinton,2016,ohio,NA,NA,6,NA,26245,WashPost/SurveyMonkey,2016-10-08,2016-10-16,Likely Voters,1307,Internet,Nonpartisan,None,23,2016_26245_ohio,48,46,NA,NA
2016-ohio-president-trump-vs-clinton,2016,ohio,NA,NA,0,3,26204,CNN,2016-10-10,2016-10-15,Likely Voters,774,Live Phone,Nonpartisan,None,24,2016_26204_ohio,48,44,4,NA
2016-ohio-president-trump-vs-clinton,2016,ohio,NA,NA,15,NA,26344,Ipsos/Reuters,2016-09-23,2016-10-13,Likely Voters,2192,Internet,Nonpartisan,None,26,2016_26344_ohio,43,42,NA,NA
2016-ohio-president-trump-vs-clinton,2016,ohio,NA,NA,3,8,26168,NBC/WSJ/Marist,2016-10-10,2016-10-12,Likely Voters,724,Live Phone,Nonpartisan,None,27,2016_26168_ohio,45,45,NA,NA
2016-ohio-president-trump-vs-clinton,2016,ohio,NA,NA,7,8,26658,Ipsos/Reuters,2016-10-06,2016-10-12,Likely Voters,1200,Internet,Nonpartisan,None,27,2016_26658_ohio,41,44,NA,NA
2016-ohio-president-trump-vs-clinton,2016,ohio,NA,NA,14,NA,26139,Baldwin Wallace University,2016-10-09,2016-10-11,Likely Voters,1152,Internet,Nonpartisan,None,28,2016_26139_ohio,38,48,NA,NA
2016-ohio-president-trump-vs-clinton,2016,ohio,NA,NA,9,2,26376,Lucid/The Times-Picayune,2016-10-07,2016-10-10,Likely Voters,1304,Internet,Nonpartisan,None,29,2016_26376_ohio,39,44,7,NA
2016-ohio-president-trump-vs-clinton,2016,ohio,NA,NA,3,4,26014,CBS/YouGov,2016-10-05,2016-10-07,Likely Voters,997,Internet,Nonpartisan,None,32,2016_26014_ohio,42,46,5,NA
2016-ohio-president-trump-vs-clinton,2016,ohio,NA,NA,6,2,25989,PPP (D),2016-10-05,2016-10-06,Likely Voters,782,IVR/Online,Pollster,Dem,33,2016_25989_ohio,43,44,5,NA
2016-ohio-president-trump-vs-clinton,2016,ohio,NA,NA,5,3,26010,TargetSmart/William & Mary,2016-10-03,2016-10-06,Likely Voters,812,Live Phone/Online,Nonpartisan,None,33,2016_26010_ohio,40,43,8,NA
2016-ohio-president-trump-vs-clinton,2016,ohio,NA,NA,11,NA,26126,Ipsos/Reuters,2016-09-16,2016-10-06,Likely Voters,822,Internet,Nonpartisan,None,33,2016_26126_ohio,43,46,NA,NA
2016-ohio-president-trump-vs-clinton,2016,ohio,NA,NA,6,2,25969,Monmouth University,2016-10-01,2016-10-04,Likely Voters,405,Live Phone,Nonpartisan,None,35,2016_25969_ohio,42,44,5,NA
2016-ohio-president-trump-vs-clinton,2016,ohio,NA,NA,6,1,25985,Anzalone (D-Ohio Education Association),2016-09-27,2016-10-02,Likely Voters,800,Live Phone,Sponsor,Dem,37,2016_25985_ohio,42,44,8,NA
2016-ohio-president-trump-vs-clinton,2016,ohio,NA,NA,4,1,25843,Quinnipiac,2016-09-27,2016-10-02,Likely Voters,497,Live Phone,Nonpartisan,None,37,2016_25843_ohio,47,42,6,NA
2016-ohio-president-trump-vs-clinton,2016,ohio,NA,NA,2,4,25739,TargetSmart/William & Mary,2016-09-15,2016-09-22,Likely Voters,652,Live Phone/Online,Nonpartisan,None,47,2016_25739_ohio,37,40,8,NA
2016-ohio-president-trump-vs-clinton,2016,ohio,NA,NA,11,4,25609,Fox News,2016-09-18,2016-09-20,Likely Voters,737,Live Phone,Nonpartisan,None,49,2016_25609_ohio,42,37,6,NA
2016-ohio-president-trump-vs-clinton,2016,ohio,NA,NA,4,4,25639,GQR (D-Democracy Corps/WVWV),2016-09-10,2016-09-19,Likely Voters,400,Live Phone,Sponsor,Dem,50,2016_25639_ohio,41,39,11,NA
2016-ohio-president-trump-vs-clinton,2016,ohio,NA,NA,9,NA,25565,Ipsos/Reuters,2016-08-26,2016-09-15,Likely Voters,625,Internet,Nonpartisan,None,54,2016_25565_ohio,44,47,NA,NA
2016-ohio-president-trump-vs-clinton,2016,ohio,NA,NA,13,2,25502,Suffolk,2016-09-12,2016-09-14,Likely Voters,500,Live Phone,Nonpartisan,None,55,2016_25502_ohio,42,39,4,NA
2016-ohio-president-trump-vs-clinton,2016,ohio,NA,NA,3,6,25477,Bloomberg/Selzer,2016-09-09,2016-09-12,Likely Voters,802,Live Phone,Nonpartisan,None,57,2016_25477_ohio,48,43,NA,NA
2016-ohio-president-trump-vs-clinton,2016,ohio,NA,NA,1,4,25494,CNN,2016-09-07,2016-09-12,Likely Voters,769,Live Phone,Nonpartisan,None,57,2016_25494_ohio,46,41,8,NA
2016-ohio-president-trump-vs-clinton,2016,ohio,NA,NA,4,4,25449,CBS/YouGov,2016-09-07,2016-09-09,Likely Voters,994,Internet,Nonpartisan,None,60,2016_25449_ohio,39,46,7,NA
2016-ohio-president-trump-vs-clinton,2016,ohio,NA,NA,6,3,25427,Quinnipiac,2016-08-29,2016-09-07,Likely Voters,775,Live Phone,Nonpartisan,None,62,2016_25427_ohio,46,45,NA,NA
2016-ohio-president-trump-vs-clinton,2016,ohio,NA,NA,11,NA,25354,WashPost/SurveyMonkey,2016-08-09,2016-09-01,Registered Voters,2543,Internet,Nonpartisan,None,68,2016_25354_ohio,46,43,NA,NA
2016-ohio-president-trump-vs-clinton,2016,ohio,NA,NA,12,NA,25315,PPP (D-NELP),2016-08-26,2016-08-27,Likely Voters,1134,IVR/Online,Sponsor,Dem,73,2016_25315_ohio,42,46,NA,NA
2016-ohio-president-trump-vs-clinton,2016,ohio,NA,NA,8,0,25232,Monmouth University,2016-08-18,2016-08-21,Likely Voters,402,Live Phone,Nonpartisan,None,79,2016_25232_ohio,39,43,10,NA
2016-ohio-president-trump-vs-clinton,2016,ohio,NA,NA,4,4,25219,CBS/YouGov,2016-08-17,2016-08-19,Likely Voters,997,Internet,Nonpartisan,None,81,2016_25219_ohio,40,46,6,NA
2016-ohio-president-trump-vs-clinton,2016,ohio,NA,NA,9,10,25105,NBC/WSJ/Marist,2016-08-03,2016-08-07,Registered Voters,889,Live Phone,Nonpartisan,None,93,2016_25105_ohio,38,43,NA,NA
2016-ohio-president-trump-vs-clinton,2016,ohio,NA,NA,4,2,25102,Quinnipiac,2016-07-30,2016-08-07,Likely Voters,812,Live Phone,Nonpartisan,None,93,2016_25102_ohio,45,49,NA,NA
2016-ohio-president-trump-vs-clinton,2016,ohio,NA,NA,10,2,24961,PPP (D),2016-07-22,2016-07-24,Likely Voters,1334,IVR/Online,Pollster,Dem,107,2016_24961_ohio,42,39,6,NA
2016-ohio-president-trump-vs-clinton,2016,ohio,NA,NA,12,NA,24948,Suffolk,2016-07-18,2016-07-20,Likely Voters,500,Live Phone,Nonpartisan,None,111,2016_24948_ohio,44,44,NA,NA
2016-ohio-president-trump-vs-clinton,2016,ohio,NA,NA,5,11,24910,CBS/YouGov,2016-07-13,2016-07-15,Likely Voters,1104,Internet,Nonpartisan,None,116,2016_24910_ohio,40,44,NA,NA
2016-ohio-president-trump-vs-clinton,2016,ohio,NA,NA,14,4,24870,Quinnipiac,2016-06-30,2016-07-11,Registered Voters,955,Live Phone,Nonpartisan,None,120,2016_24870_ohio,41,41,NA,NA
2016-ohio-president-trump-vs-clinton,2016,ohio,NA,NA,10,11,24876,NBC/WSJ/Marist,2016-07-05,2016-07-10,Registered Voters,848,Live Phone,Nonpartisan,None,121,2016_24876_ohio,39,39,NA,NA
2016-ohio-president-trump-vs-clinton,2016,ohio,NA,NA,NA,7,24940,Gravis Marketing/OANN,2016-06-27,2016-06-28,Registered Voters,1270,Automated Phone,Nonpartisan,None,133,2016_24940_ohio,47,46,NA,NA
2016-ohio-president-trump-vs-clinton,2016,ohio,NA,NA,11,9,24973,RABA Research,2016-06-22,2016-06-28,Likely Voters,599,Live Phone,Nonpartisan,None,133,2016_24973_ohio,38,41,NA,NA
2016-ohio-president-trump-vs-clinton,2016,ohio,NA,NA,16,NA,24788,PPP (D-Americans United for Change/Constitutional Responsibility Project),2016-06-22,2016-06-23,Likely Voters,708,IVR/Online,Sponsor,Dem,138,2016_24788_ohio,40,44,NA,NA
2016-ohio-president-trump-vs-clinton,2016,ohio,NA,NA,2,3,24847,GQR (D-Democracy Corps/Women's Voices Women Vote),2016-06-11,2016-06-20,Likely Voters,300,Live Phone,Sponsor,Dem,141,2016_24847_ohio,48,47,NA,NA
2016-ohio-president-trump-vs-clinton,2016,ohio,NA,NA,14,6,24721,Quinnipiac,2016-06-08,2016-06-19,Registered Voters,971,Live Phone,Nonpartisan,None,142,2016_24721_ohio,40,40,NA,NA
2016-ohio-president-trump-vs-clinton,2016,ohio,NA,NA,16,NA,24556,Zogby (Internet),2016-05-18,2016-05-22,Likely Voters,679,Internet,Nonpartisan,None,170,2016_24556_ohio,39,45,NA,NA
2016-ohio-president-trump-vs-clinton,2016,ohio,NA,NA,17,NA,24530,CBS/YouGov,2016-05-16,2016-05-19,Likely Voters,992,Internet,Nonpartisan,None,173,2016_24530_ohio,39,44,NA,NA
2016-ohio-president-trump-vs-clinton,2016,ohio,NA,NA,14,3,24464,Quinnipiac,2016-04-27,2016-05-08,Registered Voters,1042,Live Phone,Nonpartisan,None,184,2016_24464_ohio,43,39,NA,NA
2016-ohio-president-trump-vs-clinton,2016,ohio,NA,NA,14,NA,24417,PPP (D),2016-04-26,2016-04-27,Registered Voters,799,IVR/Online,Pollster,Dem,195,2016_24417_ohio,42,45,NA,NA
2016-ohio-president-trump-vs-clinton,2016,ohio,NA,NA,10,NA,24059,NBC/WSJ/Marist,2016-03-04,2016-03-10,Registered Voters,2052,Live Phone,Nonpartisan,None,243,2016_24059_ohio,42,48,NA,NA
2016-ohio-president-trump-vs-clinton,2016,ohio,NA,NA,15,NA,24043,PPP (D),2016-03-04,2016-03-06,Likely Voters,1248,Automated Phone,Pollster,Dem,247,2016_24043_ohio,40,45,NA,NA
2016-ohio-president-trump-vs-clinton,2016,ohio,NA,NA,0,6,24022,CNN,2016-03-02,2016-03-06,Registered Voters,884,Live Phone,Nonpartisan,None,247,2016_24022_ohio,43,50,NA,NA
2016-ohio-president-trump-vs-clinton,2016,ohio,NA,NA,12,2,23851,Quinnipiac,2016-02-16,2016-02-20,Registered Voters,1539,Live Phone,Nonpartisan,None,262,2016_23851_ohio,44,42,NA,NA
2016-ohio-president-trump-vs-clinton,2016,ohio,NA,NA,4,20,23879,Baldwin Wallace University,2016-02-11,2016-02-20,Likely Voters,825,Internet,Nonpartisan,None,262,2016_23879_ohio,39,37,NA,NA
2016-ohio-president-trump-vs-clinton,2016,ohio,NA,NA,12,3,22861,Quinnipiac,2015-09-25,2015-10-05,Registered Voters,1180,Live Phone,Nonpartisan,None,400,2016_22861_ohio,42,43,NA,NA
2016-ohio-president-trump-vs-clinton,2016,ohio,NA,NA,16,4,22583,Quinnipiac,2015-08-07,2015-08-18,Registered Voters,1096,Live Phone,Nonpartisan,None,448,2016_22583_ohio,38,43,NA,NA
2016-pennsylvania-president-trump-vs-clinton,2016,pennsylvania,NA,NA,3,3,26807,SurveyMonkey,2016-11-01,2016-11-07,Likely Voters,2845,Internet,Nonpartisan,None,1,2016_26807_pennsylvania,43,46,6,NA
2016-pennsylvania-president-trump-vs-clinton,2016,pennsylvania,NA,NA,NA,5,26793,UPI/CVOTER,2016-10-30,2016-11-06,Likely Voters,390,Internet,Nonpartisan,None,2,2016_26793_pennsylvania,47,48,NA,NA
2016-pennsylvania-president-trump-vs-clinton,2016,pennsylvania,NA,NA,7,NA,26806,Ipsos/Reuters,2016-10-17,2016-11-06,Likely Voters,955,Internet,Nonpartisan,None,2,2016_26806_pennsylvania,45,48,NA,NA
2016-pennsylvania-president-trump-vs-clinton,2016,pennsylvania,NA,NA,4,4,26802,CBS/YouGov,2016-11-03,2016-11-05,Likely Voters,931,Internet,Nonpartisan,None,3,2016_26802_pennsylvania,43,45,4,NA
2016-pennsylvania-president-trump-vs-clinton,2016,pennsylvania,NA,NA,3,7,26745,Muhlenberg/Morning Call,2016-10-30,2016-11-04,Likely Voters,405,Live Phone,Nonpartisan,None,4,2016_26745_pennsylvania,42,48,NA,NA
2016-pennsylvania-president-trump-vs-clinton,2016,pennsylvania,NA,NA,3,2,26764,Remington Research Group (R)/Axiom Strategies,2016-11-01,2016-11-02,Likely Voters,2683,IVR/Live Phone,Sponsor,Rep,6,2016_26764_pennsylvania,45,46,4,NA
2016-pennsylvania-president-trump-vs-clinton,2016,pennsylvania,NA,NA,3,4,26736,Gravis Marketing/Breitbart,2016-11-01,2016-11-02,Registered Voters,1016,IVR/Online,Nonpartisan,None,6,2016_26736_pennsylvania,45,47,2,NA
2016-pennsylvania-president-trump-vs-clinton,2016,pennsylvania,NA,NA,8,NA,26701,PPP (D-Center for American Progress Action Fund),2016-10-31,2016-11-01,Likely Voters,1050,IVR/Online,Sponsor,Dem,7,2016_26701_pennsylvania,44,48,NA,NA
2016-pennsylvania-president-trump-vs-clinton,2016,pennsylvania,NA,NA,6,3,26623,Susquehanna (R)/ABC27 News,2016-10-31,2016-11-01,Likely Voters,681,IVR/Live Phone,Pollster,Rep,7,2016_26623_pennsylvania,43,45,2,NA
2016-pennsylvania-president-trump-vs-clinton,2016,pennsylvania,NA,NA,3,2,26625,Monmouth University,2016-10-29,2016-11-01,Likely Voters,403,Live Phone,Nonpartisan,None,7,2016_26625_pennsylvania,44,48,3,NA
2016-pennsylvania-president-trump-vs-clinton,2016,pennsylvania,NA,NA,2,3,26630,Quinnipiac,2016-10-27,2016-11-01,Likely Voters,612,Live Phone,Nonpartisan,None,7,2016_26630_pennsylvania,43,48,3,NA
2016-pennsylvania-president-trump-vs-clinton,2016,pennsylvania,NA,NA,1,2,26624,CNN,2016-10-27,2016-11-01,Likely Voters,799,Live Phone,Nonpartisan,None,7,2016_26624_pennsylvania,44,48,4,NA
2016-pennsylvania-president-trump-vs-clinton,2016,pennsylvania,NA,NA,2,2,26596,SurveyMonkey,2016-10-25,2016-10-31,Likely Voters,2255,Internet,Nonpartisan,None,8,2016_26596_pennsylvania,41,49,6,NA
2016-pennsylvania-president-trump-vs-clinton,2016,pennsylvania,NA,NA,6,1,26564,Remington Research Group (R)/Axiom Strategies,2016-10-30,2016-10-30,Likely Voters,1249,IVR/Live Phone,Sponsor,Rep,9,2016_26564_pennsylvania,43,45,3,NA
2016-pennsylvania-president-trump-vs-clinton,2016,pennsylvania,NA,NA,7,2,26588,Franklin and Marshall College,2016-10-26,2016-10-30,Likely Voters,652,Live Phone/Online,Nonpartisan,None,9,2016_26588_pennsylvania,38,49,4,NA
2016-pennsylvania-president-trump-vs-clinton,2016,pennsylvania,NA,NA,NA,4,26592,UPI/CVOTER,2016-10-23,2016-10-29,Likely Voters,366,Internet,Nonpartisan,None,10,2016_26592_pennsylvania,46,50,NA,NA
2016-pennsylvania-president-trump-vs-clinton,2016,pennsylvania,NA,NA,2,5,26547,CBS/YouGov,2016-10-26,2016-10-28,Likely Voters,1091,Internet,Nonpartisan,None,11,2016_26547_pennsylvania,40,48,5,NA
2016-pennsylvania-president-trump-vs-clinton,2016,pennsylvania,NA,NA,3,9,26539,Muhlenberg/Morning Call,2016-10-20,2016-10-26,Likely Voters,420,Live Phone,Nonpartisan,None,13,2016_26539_pennsylvania,41,46,NA,NA
2016-pennsylvania-president-trump-vs-clinton,2016,pennsylvania,NA,NA,6,4,26489,NYT Upshot/Siena,2016-10-23,2016-10-25,Likely Voters,824,Live Phone,Nonpartisan,None,14,2016_26489_pennsylvania,39,46,6,NA
2016-pennsylvania-president-trump-vs-clinton,2016,pennsylvania,NA,NA,2,3,26441,SurveyMonkey,2016-10-18,2016-10-24,Likely Voters,2131,Internet,Nonpartisan,None,15,2016_26441_pennsylvania,42,48,6,NA
2016-pennsylvania-president-trump-vs-clinton,2016,pennsylvania,NA,NA,7,1,26424,Remington Research Group (R)/Axiom Strategies,2016-10-20,2016-10-22,Likely Voters,1997,IVR/Live Phone,Sponsor,Rep,17,2016_26424_pennsylvania,42,45,5,NA
2016-pennsylvania-president-trump-vs-clinton,2016,pennsylvania,NA,NA,9,7,26659,Ipsos/Reuters,2016-10-06,2016-10-17,Likely Voters,1467,Internet,Nonpartisan,None,22,2016_26659_pennsylvania,39,45,NA,NA
2016-pennsylvania-president-trump-vs-clinton,2016,pennsylvania,NA,NA,4,2,26217,Quinnipiac,2016-10-10,2016-10-16,Likely Voters,660,Live Phone,Nonpartisan,None,23,2016_26217_pennsylvania,41,47,6,NA
2016-pennsylvania-president-trump-vs-clinton,2016,pennsylvania,NA,NA,7,NA,26248,WashPost/SurveyMonkey,2016-10-08,2016-10-16,Likely Voters,1449,Internet,Nonpartisan,None,23,2016_26248_pennsylvania,42,51,NA,NA
2016-pennsylvania-president-trump-vs-clinton,2016,pennsylvania,NA,NA,12,NA,26344,Ipsos/Reuters,2016-09-23,2016-10-13,Likely Voters,2271,Internet,Nonpartisan,None,26,2016_26344_pennsylvania,42,46,NA,NA
2016-pennsylvania-president-trump-vs-clinton,2016,pennsylvania,NA,NA,4,3,26152,Bloomberg/Selzer,2016-10-07,2016-10-11,Likely Voters,806,Live Phone,Nonpartisan,None,28,2016_26152_pennsylvania,42,51,NA,NA
2016-pennsylvania-president-trump-vs-clinton,2016,pennsylvania,NA,NA,7,2,26226,Lucid/The Times-Picayune,2016-10-07,2016-10-10,Likely Voters,1457,Internet,Nonpartisan,None,29,2016_26226_pennsylvania,38,47,7,NA
2016-pennsylvania-president-trump-vs-clinton,2016,pennsylvania,NA,NA,8,3,26085,Susquehanna (R)/ABC27 News,2016-10-04,2016-10-09,Likely Voters,764,IVR/Live Phone,Pollster,Rep,30,2016_26085_pennsylvania,40,44,4,NA
2016-pennsylvania-president-trump-vs-clinton,2016,pennsylvania,NA,NA,4,3,26015,CBS/YouGov,2016-10-05,2016-10-07,Likely Voters,997,Internet,Nonpartisan,None,32,2016_26015_pennsylvania,40,48,4,NA
2016-pennsylvania-president-trump-vs-clinton,2016,pennsylvania,NA,NA,3,7,26012,NBC/WSJ/Marist,2016-10-03,2016-10-06,Likely Voters,709,Live Phone,Nonpartisan,None,33,2016_26012_pennsylvania,39,51,NA,NA
2016-pennsylvania-president-trump-vs-clinton,2016,pennsylvania,NA,NA,8,NA,26129,Ipsos/Reuters,2016-09-16,2016-10-06,Likely Voters,890,Internet,Nonpartisan,None,33,2016_26129_pennsylvania,43,49,NA,NA
2016-pennsylvania-president-trump-vs-clinton,2016,pennsylvania,NA,NA,2,3,25951,Monmouth University,2016-09-30,2016-10-03,Likely Voters,402,Live Phone,Nonpartisan,None,36,2016_25951_pennsylvania,40,50,5,NA
2016-pennsylvania-president-trump-vs-clinton,2016,pennsylvania,NA,NA,7,9,25896,Franklin and Marshall College,2016-09-28,2016-10-02,Registered Voters,813,Live Phone/Online,Nonpartisan,None,37,2016_25896_pennsylvania,36,48,NA,NA
2016-pennsylvania-president-trump-vs-clinton,2016,pennsylvania,NA,NA,6,3,25845,Quinnipiac,2016-09-27,2016-10-02,Likely Voters,535,Live Phone,Nonpartisan,None,37,2016_25845_pennsylvania,41,45,5,NA
2016-pennsylvania-president-trump-vs-clinton,2016,pennsylvania,NA,NA,8,2,25798,PPP (D-Vote Vets Action Fund),2016-09-27,2016-09-28,Likely Voters,886,IVR/Online,Pollster,Dem,41,2016_25798_pennsylvania,39,45,6,NA
2016-pennsylvania-president-trump-vs-clinton,2016,pennsylvania,NA,NA,1,3,25652,CNN,2016-09-20,2016-09-25,Likely Voters,771,Live Phone,Nonpartisan,None,44,2016_25652_pennsylvania,44,45,6,NA
2016-pennsylvania-president-trump-vs-clinton,2016,pennsylvania,NA,NA,4,11,25642,Muhlenberg/Morning Call,2016-09-19,2016-09-23,Likely Voters,486,Live Phone,Nonpartisan,None,46,2016_25642_pennsylvania,41,44,NA,NA
2016-pennsylvania-president-trump-vs-clinton,2016,pennsylvania,NA,NA,11,3,25723,Mercyhurst University,2016-09-12,2016-09-23,Registered Voters,420,Live Phone,Nonpartisan,None,46,2016_25723_pennsylvania,41,42,4,NA
2016-pennsylvania-president-trump-vs-clinton,2016,pennsylvania,NA,NA,4,3,25640,GQR (D-Democracy Corps/WVWV),2016-09-10,2016-09-19,Likely Voters,400,Live Phone,Sponsor,Dem,50,2016_25640_pennsylvania,38,46,8,NA
2016-pennsylvania-president-trump-vs-clinton,2016,pennsylvania,NA,NA,4,11,25518,Muhlenberg/Morning Call,2016-09-12,2016-09-16,Likely Voters,405,Live Phone,Nonpartisan,None,53,2016_25518_pennsylvania,38,47,NA,NA
2016-pennsylvania-president-trump-vs-clinton,2016,pennsylvania,NA,NA,10,NA,25568,Ipsos/Reuters,2016-08-26,2016-09-15,Likely Voters,776,Internet,Nonpartisan,None,54,2016_25568_pennsylvania,44,46,NA,NA
2016-pennsylvania-president-trump-vs-clinton,2016,pennsylvania,NA,NA,5,3,25429,Quinnipiac,2016-08-29,2016-09-07,Likely Voters,778,Live Phone,Nonpartisan,None,62,2016_25429_pennsylvania,43,48,NA,NA
2016-pennsylvania-president-trump-vs-clinton,2016,pennsylvania,NA,NA,6,5,25337,CBS/YouGov,2016-08-30,2016-09-02,Likely Voters,1091,Internet,Nonpartisan,None,67,2016_25337_pennsylvania,37,45,6,NA
2016-pennsylvania-president-trump-vs-clinton,2016,pennsylvania,NA,NA,10,NA,25387,WashPost/SurveyMonkey,2016-08-09,2016-09-01,Registered Voters,2861,Internet,Nonpartisan,None,68,2016_25387_pennsylvania,43,47,NA,NA
2016-pennsylvania-president-trump-vs-clinton,2016,pennsylvania,NA,NA,11,NA,25414,PPP (D- Constitutional Responsibility Project),2016-08-30,2016-08-31,Likely Voters,814,IVR/Online,Sponsor,Dem,69,2016_25414_pennsylvania,42,47,NA,NA
2016-pennsylvania-president-trump-vs-clinton,2016,pennsylvania,NA,NA,4,2,25294,Monmouth University,2016-08-26,2016-08-29,Likely Voters,402,Live Phone,Nonpartisan,None,71,2016_25294_pennsylvania,40,48,6,NA
2016-pennsylvania-president-trump-vs-clinton,2016,pennsylvania,NA,NA,7,6,25308,Franklin and Marshall College,2016-08-25,2016-08-29,Likely Voters,496,Live Phone/Online,Nonpartisan,None,71,2016_25308_pennsylvania,40,47,NA,NA
2016-pennsylvania-president-trump-vs-clinton,2016,pennsylvania,NA,NA,9,NA,25313,PPP (D-NELP),2016-08-26,2016-08-27,Likely Voters,1194,IVR/Online,Sponsor,Dem,73,2016_25313_pennsylvania,43,48,NA,NA
2016-pennsylvania-president-trump-vs-clinton,2016,pennsylvania,NA,NA,6,9,25106,NBC/WSJ/Marist,2016-08-03,2016-08-07,Registered Voters,834,Live Phone,Nonpartisan,None,93,2016_25106_pennsylvania,37,48,NA,NA
2016-pennsylvania-president-trump-vs-clinton,2016,pennsylvania,NA,NA,5,1,25103,Quinnipiac,2016-07-30,2016-08-07,Likely Voters,815,Live Phone,Nonpartisan,None,93,2016_25103_pennsylvania,42,52,NA,NA
2016-pennsylvania-president-trump-vs-clinton,2016,pennsylvania,NA,NA,8,8,25093,Susquehanna (R)/ABC27 News,2016-07-31,2016-08-04,Likely Voters,772,IVR/Live Phone,Pollster,Rep,96,2016_25093_pennsylvania,37,47,NA,NA
2016-pennsylvania-president-trump-vs-clinton,2016,pennsylvania,NA,NA,8,6,25058,Franklin and Marshall College,2016-07-29,2016-08-01,Likely Voters,389,Live Phone/Online,Nonpartisan,None,99,2016_25058_pennsylvania,38,49,NA,NA
2016-pennsylvania-president-trump-vs-clinton,2016,pennsylvania,NA,NA,8,2,25034,PPP (D),2016-07-29,2016-07-31,Likely Voters,1505,IVR/Online,Pollster,Dem,100,2016_25034_pennsylvania,42,45,4,NA
2016-pennsylvania-president-trump-vs-clinton,2016,pennsylvania,NA,NA,9,NA,24983,Suffolk,2016-07-25,2016-07-27,Likely Voters,500,Live Phone,Nonpartisan,None,104,2016_24983_pennsylvania,41,50,NA,NA
2016-pennsylvania-president-trump-vs-clinton,2016,pennsylvania,NA,NA,13,4,24871,Quinnipiac,2016-06-30,2016-07-11,Registered Voters,982,Live Phone,Nonpartisan,None,120,2016_24871_pennsylvania,43,41,NA,NA
2016-pennsylvania-president-trump-vs-clinton,2016,pennsylvania,NA,NA,6,13,24878,NBC/WSJ/Marist,2016-07-05,2016-07-10,Registered Voters,829,Live Phone,Nonpartisan,None,121,2016_24878_pennsylvania,36,45,NA,NA
2016-pennsylvania-president-trump-vs-clinton,2016,pennsylvania,NA,NA,NA,5,24941,Gravis Marketing/OANN,2016-06-27,2016-06-28,Registered Voters,1958,Automated Phone,Nonpartisan,None,133,2016_24941_pennsylvania,47,48,NA,NA
2016-pennsylvania-president-trump-vs-clinton,2016,pennsylvania,NA,NA,11,NA,24789,PPP (D-Americans United for Change/Constitutional Responsibility Project),2016-06-22,2016-06-23,Likely Voters,980,IVR/Online,Sponsor,Dem,138,2016_24789_pennsylvania,42,46,NA,NA
2016-pennsylvania-president-trump-vs-clinton,2016,pennsylvania,NA,NA,5,8,24848,GQR (D-Democracy Corps/Women's Voices Women Vote),2016-06-11,2016-06-20,Likely Voters,300,Live Phone,Sponsor,Dem,141,2016_24848_pennsylvania,39,49,NA,NA
2016-pennsylvania-president-trump-vs-clinton,2016,pennsylvania,NA,NA,14,3,24722,Quinnipiac,2016-06-08,2016-06-19,Registered Voters,950,Live Phone,Nonpartisan,None,142,2016_24722_pennsylvania,41,42,NA,NA
2016-pennsylvania-president-trump-vs-clinton,2016,pennsylvania,NA,NA,11,3,24641,PPP (D),2016-06-03,2016-06-05,Likely Voters,1106,IVR/Online,Pollster,Dem,156,2016_24641_pennsylvania,40,41,6,NA
2016-pennsylvania-president-trump-vs-clinton,2016,pennsylvania,NA,NA,12,2,24465,Quinnipiac,2016-04-27,2016-05-08,Registered Voters,1077,Live Phone,Nonpartisan,None,184,2016_24465_pennsylvania,42,43,NA,NA
2016-pennsylvania-president-trump-vs-clinton,2016,pennsylvania,NA,NA,7,NA,24335,NBC/WSJ/Marist,2016-04-18,2016-04-20,Registered Voters,2606,Live Phone,Nonpartisan,None,202,2016_24335_pennsylvania,39,54,NA,NA
2016-pennsylvania-president-trump-vs-clinton,2016,pennsylvania,NA,NA,9,2,24240,Fox News,2016-04-04,2016-04-07,Likely Voters,1607,Live Phone,Nonpartisan,None,215,2016_24240_pennsylvania,44,44,NA,NA
2016-pennsylvania-president-trump-vs-clinton,2016,pennsylvania,NA,NA,10,3,24216,Quinnipiac,2016-03-30,2016-04-04,Likely Voters,1737,Live Phone,Nonpartisan,None,218,2016_24216_pennsylvania,42,45,NA,NA
2016-pennsylvania-president-trump-vs-clinton,2016,pennsylvania,NA,NA,10,11,24143,Franklin and Marshall College,2016-03-14,2016-03-20,Registered Voters,828,Live Phone/Online,Nonpartisan,None,233,2016_24143_pennsylvania,33,46,NA,NA
2016-pennsylvania-president-trump-vs-clinton,2016,pennsylvania,NA,NA,19,4,24092,Mercyhurst University,2016-03-01,2016-03-11,Registered Voters,421,Live Phone,Nonpartisan,None,242,2016_24092_pennsylvania,35,43,NA,NA
2016-pennsylvania-president-trump-vs-clinton,2016,pennsylvania,NA,NA,15,NA,24028,Harper (R),2016-03-01,2016-03-02,Likely Voters,662,Automated Phone,Pollster,Rep,251,2016_24028_pennsylvania,40,45,NA,NA
2016-pennsylvania-president-trump-vs-clinton,2016,pennsylvania,NA,NA,13,NA,22927,PPP (D),2015-10-08,2015-10-11,Likely Voters,1012,IVR/Online,Pollster,Dem,394,2016_22927_pennsylvania,45,43,NA,NA
2016-pennsylvania-president-trump-vs-clinton,2016,pennsylvania,NA,NA,10,3,22862,Quinnipiac,2015-09-25,2015-10-05,Registered Voters,1049,Live Phone,Nonpartisan,None,400,2016_22862_pennsylvania,42,44,NA,NA
2016-pennsylvania-president-trump-vs-clinton,2016,pennsylvania,NA,NA,12,4,22584,Quinnipiac,2015-08-07,2015-08-18,Registered Voters,1085,Live Phone,Nonpartisan,None,448,2016_22584_pennsylvania,40,45,NA,NA
2016-new-york-president-trump-vs-clinton,2016,new-york,NA,NA,2,9,26807,SurveyMonkey,2016-11-01,2016-11-07,Likely Voters,2208,Internet,Nonpartisan,None,1,2016_26807_new-york,32,57,NA,NA
2016-new-york-president-trump-vs-clinton,2016,new-york,NA,NA,NA,4,26793,UPI/CVOTER,2016-10-30,2016-11-06,Likely Voters,458,Internet,Nonpartisan,None,2,2016_26793_new-york,38,59,NA,NA
2016-new-york-president-trump-vs-clinton,2016,new-york,NA,NA,16,NA,26806,Ipsos/Reuters,2016-10-17,2016-11-06,Likely Voters,1383,Internet,Nonpartisan,None,2,2016_26806_new-york,33,51,NA,NA
2016-new-york-president-trump-vs-clinton,2016,new-york,NA,NA,7,8,26748,Siena,2016-11-03,2016-11-04,Likely Voters,617,Live Phone,Nonpartisan,None,4,2016_26748_new-york,34,51,NA,NA
2016-new-york-president-trump-vs-clinton,2016,new-york,NA,NA,1,10,26596,SurveyMonkey,2016-10-25,2016-10-31,Likely Voters,1734,Internet,Nonpartisan,None,8,2016_26596_new-york,33,56,NA,NA
2016-new-york-president-trump-vs-clinton,2016,new-york,NA,NA,NA,4,26592,UPI/CVOTER,2016-10-23,2016-10-29,Likely Voters,403,Internet,Nonpartisan,None,10,2016_26592_new-york,38,58,NA,NA
2016-new-york-president-trump-vs-clinton,2016,new-york,NA,NA,2,9,26441,SurveyMonkey,2016-10-18,2016-10-24,Likely Voters,1169,Internet,Nonpartisan,None,15,2016_26441_new-york,31,58,NA,NA
2016-new-york-president-trump-vs-clinton,2016,new-york,NA,NA,6,10,26262,Siena,2016-10-13,2016-10-17,Likely Voters,611,Live Phone,Nonpartisan,None,22,2016_26262_new-york,30,54,NA,NA
2016-new-york-president-trump-vs-clinton,2016,new-york,NA,NA,20,NA,26344,Ipsos/Reuters,2016-09-23,2016-10-13,Likely Voters,986,Internet,Nonpartisan,None,26,2016_26344_new-york,27,53,NA,NA
2016-new-york-president-trump-vs-clinton,2016,new-york,NA,NA,14,NA,26124,Ipsos/Reuters,2016-09-16,2016-10-06,Likely Voters,1437,Internet,Nonpartisan,None,33,2016_26124_new-york,31,55,NA,NA
2016-new-york-president-trump-vs-clinton,2016,new-york,NA,NA,2,8,25720,NBC/WSJ/Marist,2016-09-21,2016-09-23,Likely Voters,676,Live Phone,Nonpartisan,None,46,2016_25720_new-york,33,57,NA,NA
2016-new-york-president-trump-vs-clinton,2016,new-york,NA,NA,7,12,25534,Siena,2016-09-11,2016-09-15,Likely Voters,600,Live Phone,Nonpartisan,None,54,2016_25534_new-york,30,51,NA,NA
2016-new-york-president-trump-vs-clinton,2016,new-york,NA,NA,17,NA,25562,Ipsos/Reuters,2016-08-26,2016-09-15,Likely Voters,1089,Internet,Nonpartisan,None,54,2016_25562_new-york,30,53,NA,NA
2016-new-york-president-trump-vs-clinton,2016,new-york,NA,NA,9,NA,25382,WashPost/SurveyMonkey,2016-08-09,2016-09-01,Registered Voters,1405,Internet,Nonpartisan,None,68,2016_25382_new-york,35,57,NA,NA
2016-new-york-president-trump-vs-clinton,2016,new-york,NA,NA,13,3,25159,Siena,2016-08-07,2016-08-10,Registered Voters,717,Live Phone,Nonpartisan,None,90,2016_25159_new-york,27,57,NA,NA
2016-new-york-president-trump-vs-clinton,2016,new-york,NA,NA,NA,10,25133,Gravis Marketing,2016-08-04,2016-08-08,Registered Voters,1717,IVR/Online,Nonpartisan,None,92,2016_25133_new-york,36,53,NA,NA
2016-new-york-president-trump-vs-clinton,2016,new-york,NA,NA,14,3,24930,Quinnipiac,2016-07-13,2016-07-17,Registered Voters,1104,Live Phone,Nonpartisan,None,114,2016_24930_new-york,35,47,NA,NA
2016-new-york-president-trump-vs-clinton,2016,new-york,NA,NA,16,NA,24809,Siena,2016-06-22,2016-06-28,Registered Voters,803,Live Phone,Nonpartisan,None,133,2016_24809_new-york,31,54,NA,NA
2016-new-york-president-trump-vs-clinton,2016,new-york,NA,NA,17,NA,24585,Siena,2016-05-22,2016-05-26,Registered Voters,825,Live Phone,Nonpartisan,None,166,2016_24585_new-york,31,52,NA,NA
2016-new-york-president-trump-vs-clinton,2016,new-york,NA,NA,15,NA,24430,Siena,2016-04-24,2016-04-27,Registered Voters,802,Live Phone,Nonpartisan,None,195,2016_24430_new-york,30,56,NA,NA
2016-new-york-president-trump-vs-clinton,2016,new-york,NA,NA,9,NA,24294,Emerson College Polling Society,2016-04-15,2016-04-17,Likely Voters,1047,Automated Phone,Nonpartisan,None,205,2016_24294_new-york,36,55,NA,NA
2016-new-york-president-trump-vs-clinton,2016,new-york,NA,NA,10,NA,24259,PPP (D),2016-04-07,2016-04-10,Likely Voters,1403,IVR/Online,Pollster,Dem,212,2016_24259_new-york,35,55,NA,NA
2016-new-york-president-trump-vs-clinton,2016,new-york,NA,NA,7,NA,24249,NBC/WSJ/Marist,2016-04-06,2016-04-10,Registered Voters,1987,Live Phone,Nonpartisan,None,212,2016_24249_new-york,32,61,NA,NA
2016-new-york-president-trump-vs-clinton,2016,new-york,NA,NA,14,NA,24253,Baruch College/New York 1,2016-04-05,2016-04-10,Registered Voters,1306,Live Phone,Nonpartisan,None,212,2016_24253_new-york,35,51,NA,NA
2016-new-york-president-trump-vs-clinton,2016,new-york,NA,NA,10,NA,24235,Emerson College Polling Society,2016-04-06,2016-04-07,Likely Voters,864,Automated Phone,Nonpartisan,None,215,2016_24235_new-york,36,54,NA,NA
2016-new-york-president-trump-vs-clinton,2016,new-york,NA,NA,8,2,24239,Fox News,2016-04-04,2016-04-07,Likely Voters,1403,Live Phone,Nonpartisan,None,215,2016_24239_new-york,37,53,NA,NA
2016-new-york-president-trump-vs-clinton,2016,new-york,NA,NA,11,2,24174,Quinnipiac,2016-03-22,2016-03-29,Registered Voters,1667,Live Phone,Nonpartisan,None,224,2016_24174_new-york,33,53,NA,NA
2016-new-york-president-trump-vs-clinton,2016,new-york,NA,NA,10,NA,24106,Emerson College Polling Society,2016-03-14,2016-03-16,Likely Voters,768,Automated Phone,Nonpartisan,None,237,2016_24106_new-york,36,55,NA,NA
2016-new-york-president-trump-vs-clinton,2016,new-york,NA,NA,10,NA,23997,Siena,2016-02-28,2016-03-03,Registered Voters,800,Live Phone,Nonpartisan,None,250,2016_23997_new-york,34,57,NA,NA
2016-new-york-president-trump-vs-clinton,2016,new-york,NA,NA,11,NA,23712,Siena,2016-01-31,2016-02-03,Registered Voters,930,Live Phone,Nonpartisan,None,279,2016_23712_new-york,32,57,NA,NA
2016-new-hampshire-president-trump-vs-clinton,2016,new-hampshire,NA,NA,3,2,26807,SurveyMonkey,2016-11-01,2016-11-07,Likely Voters,696,Internet,Nonpartisan,None,1,2016_26807_new-hampshire,38,47,10,NA
2016-new-hampshire-president-trump-vs-clinton,2016,new-hampshire,NA,NA,4,3,26768,UNH/WMUR,2016-11-03,2016-11-06,Likely Voters,692,Live Phone,Nonpartisan,None,2,2016_26768_new-hampshire,38,49,6,NA
2016-new-hampshire-president-trump-vs-clinton,2016,new-hampshire,NA,NA,NA,8,26793,UPI/CVOTER,2016-10-30,2016-11-06,Likely Voters,310,Internet,Nonpartisan,None,2,2016_26793_new-hampshire,43,49,NA,NA
2016-new-hampshire-president-trump-vs-clinton,2016,new-hampshire,NA,NA,14,NA,26806,Ipsos/Reuters,2016-10-17,2016-11-06,Likely Voters,316,Internet,Nonpartisan,None,2,2016_26806_new-hampshire,42,44,NA,NA
2016-new-hampshire-president-trump-vs-clinton,2016,new-hampshire,NA,NA,3,5,26708,Gravis Marketing/Breitbart,2016-11-01,2016-11-02,Registered Voters,1001,IVR/Online,Nonpartisan,None,6,2016_26708_new-hampshire,43,41,7,NA
2016-new-hampshire-president-trump-vs-clinton,2016,new-hampshire,NA,NA,9,2,26676,Suffolk/Boston Globe,2016-10-31,2016-11-02,Likely Voters,500,Live Phone,Nonpartisan,None,6,2016_26676_new-hampshire,42,42,5,NA
2016-new-hampshire-president-trump-vs-clinton,2016,new-hampshire,NA,NA,4,1,26663,ARG,2016-10-31,2016-11-02,Likely Voters,600,Live Phone,Nonpartisan,None,6,2016_26663_new-hampshire,48,43,4,NA
2016-new-hampshire-president-trump-vs-clinton,2016,new-hampshire,NA,NA,4,3,26688,UMass Lowell/7 News,2016-10-28,2016-11-02,Likely Voters,695,Live Phone,Nonpartisan,None,6,2016_26688_new-hampshire,44,44,5,NA
2016-new-hampshire-president-trump-vs-clinton,2016,new-hampshire,NA,NA,9,NA,26704,PPP (D-Center for American Progress Action Fund),2016-10-31,2016-11-01,Likely Voters,781,IVR/Online,Sponsor,Dem,7,2016_26704_new-hampshire,43,48,NA,NA
2016-new-hampshire-president-trump-vs-clinton,2016,new-hampshire,NA,NA,7,3,26646,MassINC/WBUR,2016-10-29,2016-11-01,Likely Voters,500,Live Phone,Nonpartisan,None,7,2016_26646_new-hampshire,40,39,10,NA
2016-new-hampshire-president-trump-vs-clinton,2016,new-hampshire,NA,NA,3,3,26596,SurveyMonkey,2016-10-25,2016-10-31,Likely Voters,659,Internet,Nonpartisan,None,8,2016_26596_new-hampshire,35,48,10,NA
2016-new-hampshire-president-trump-vs-clinton,2016,new-hampshire,NA,NA,5,4,26586,UNH/WMUR,2016-10-26,2016-10-30,Likely Voters,618,Live Phone,Nonpartisan,None,9,2016_26586_new-hampshire,39,46,6,NA
2016-new-hampshire-president-trump-vs-clinton,2016,new-hampshire,NA,NA,NA,4,26592,UPI/CVOTER,2016-10-23,2016-10-29,Likely Voters,307,Internet,Nonpartisan,None,10,2016_26592_new-hampshire,47,50,NA,NA
2016-new-hampshire-president-trump-vs-clinton,2016,new-hampshire,NA,NA,4,2,26447,Monmouth University,2016-10-22,2016-10-25,Likely Voters,401,Live Phone,Nonpartisan,None,14,2016_26447_new-hampshire,42,46,7,NA
2016-new-hampshire-president-trump-vs-clinton,2016,new-hampshire,NA,NA,2,12,26485,NBC/WSJ/Marist,2016-10-20,2016-10-24,Likely Voters,768,Live Phone,Nonpartisan,None,15,2016_26485_new-hampshire,39,47,NA,NA
2016-new-hampshire-president-trump-vs-clinton,2016,new-hampshire,NA,NA,2,2,26441,SurveyMonkey,2016-10-18,2016-10-24,Likely Voters,779,Internet,Nonpartisan,None,15,2016_26441_new-hampshire,37,49,10,NA
2016-new-hampshire-president-trump-vs-clinton,2016,new-hampshire,NA,NA,4,8,26495,UMass Amherst/WBZ-TV/YouGov,2016-10-17,2016-10-21,Likely Voters,772,Internet,Nonpartisan,None,18,2016_26495_new-hampshire,38,43,8,NA
2016-new-hampshire-president-trump-vs-clinton,2016,new-hampshire,NA,NA,3,7,26281,UNH/WMUR,2016-10-11,2016-10-17,Likely Voters,755,Live Phone,Nonpartisan,None,22,2016_26281_new-hampshire,34,49,8,NA
2016-new-hampshire-president-trump-vs-clinton,2016,new-hampshire,NA,NA,8,NA,26249,WashPost/SurveyMonkey,2016-10-08,2016-10-16,Likely Voters,569,Internet,Nonpartisan,None,23,2016_26249_new-hampshire,43,50,NA,NA
2016-new-hampshire-president-trump-vs-clinton,2016,new-hampshire,NA,NA,12,NA,26344,Ipsos/Reuters,2016-09-23,2016-10-13,Likely Voters,282,Internet,Nonpartisan,None,26,2016_26344_new-hampshire,42,46,NA,NA
2016-new-hampshire-president-trump-vs-clinton,2016,new-hampshire,NA,NA,7,3,26171,MassINC/WBUR,2016-10-10,2016-10-12,Likely Voters,501,Live Phone,Nonpartisan,None,27,2016_26171_new-hampshire,38,41,11,NA
2016-new-hampshire-president-trump-vs-clinton,2016,new-hampshire,NA,NA,4,4,26169,UMass Lowell/7 News,2016-10-07,2016-10-11,Likely Voters,517,Live Phone,Nonpartisan,None,28,2016_26169_new-hampshire,39,45,9,NA
2016-new-hampshire-president-trump-vs-clinton,2016,new-hampshire,NA,NA,11,NA,26121,Ipsos/Reuters,2016-09-16,2016-10-06,Likely Voters,293,Internet,Nonpartisan,None,33,2016_26121_new-hampshire,40,49,NA,NA
2016-new-hampshire-president-trump-vs-clinton,2016,new-hampshire,NA,NA,8,1,25983,Suffolk/Boston Globe,2016-10-03,2016-10-05,Likely Voters,500,Live Phone,Nonpartisan,None,34,2016_25983_new-hampshire,42,44,5,NA
2016-new-hampshire-president-trump-vs-clinton,2016,new-hampshire,NA,NA,6,3,26155,GQR (Save the Children Action Network),2016-09-29,2016-10-02,Likely Voters,500,Live Phone,Pollster,Dem,37,2016_26155_new-hampshire,38,46,7,NA
2016-new-hampshire-president-trump-vs-clinton,2016,new-hampshire,NA,NA,6,4,25810,MassINC/WBUR,2016-09-27,2016-09-29,Likely Voters,502,Live Phone,Nonpartisan,None,40,2016_25810_new-hampshire,35,42,13,NA
2016-new-hampshire-president-trump-vs-clinton,2016,new-hampshire,NA,NA,4,5,25820,GBA Strategies (D-End Citizens United),2016-09-25,2016-09-27,Likely Voters,600,Live Phone,Sponsor,Dem,42,2016_25820_new-hampshire,37,43,11,NA
2016-new-hampshire-president-trump-vs-clinton,2016,new-hampshire,NA,NA,5,1,25745,ARG,2016-09-20,2016-09-25,Registered Voters,522,Live Phone,Nonpartisan,None,44,2016_25745_new-hampshire,42,46,6,NA
2016-new-hampshire-president-trump-vs-clinton,2016,new-hampshire,NA,NA,3,2,25596,Monmouth University,2016-09-17,2016-09-20,Likely Voters,400,Live Phone,Nonpartisan,None,49,2016_25596_new-hampshire,38,47,10,NA
2016-new-hampshire-president-trump-vs-clinton,2016,new-hampshire,NA,NA,13,NA,25560,Ipsos/Reuters,2016-08-26,2016-09-15,Likely Voters,269,Internet,Nonpartisan,None,54,2016_25560_new-hampshire,39,48,NA,NA
2016-new-hampshire-president-trump-vs-clinton,2016,new-hampshire,NA,NA,3,13,25442,NBC/WSJ/Marist,2016-09-06,2016-09-08,Likely Voters,737,Live Phone,Nonpartisan,None,61,2016_25442_new-hampshire,41,42,NA,NA
2016-new-hampshire-president-trump-vs-clinton,2016,new-hampshire,NA,NA,11,NA,25379,WashPost/SurveyMonkey,2016-08-09,2016-09-01,Registered Voters,1218,Internet,Nonpartisan,None,68,2016_25379_new-hampshire,40,49,NA,NA
2016-new-hampshire-president-trump-vs-clinton,2016,new-hampshire,NA,NA,13,NA,25413,PPP (D- Constitutional Responsibility Project),2016-08-30,2016-08-31,Likely Voters,585,IVR/Online,Sponsor,Dem,69,2016_25413_new-hampshire,41,46,NA,NA
2016-new-hampshire-president-trump-vs-clinton,2016,new-hampshire,NA,NA,14,NA,25317,PPP (D-NELP),2016-08-26,2016-08-28,Likely Voters,977,IVR/Online,Sponsor,Dem,72,2016_25317_new-hampshire,40,46,NA,NA
2016-new-hampshire-president-trump-vs-clinton,2016,new-hampshire,NA,NA,5,14,25422,UNH/WMUR,2016-08-20,2016-08-28,Likely Voters,433,Live Phone,Nonpartisan,None,72,2016_25422_new-hampshire,36,45,NA,NA
2016-new-hampshire-president-trump-vs-clinton,2016,new-hampshire,NA,NA,7,6,25158,CBS/YouGov,2016-08-10,2016-08-12,Likely Voters,990,Internet,Nonpartisan,None,88,2016_25158_new-hampshire,36,45,5,NA
2016-new-hampshire-president-trump-vs-clinton,2016,new-hampshire,NA,NA,13,3,25123,Vox Populi (R-ESA Fund),2016-08-07,2016-08-08,Registered Voters,820,IVR/Online,Sponsor,Rep,92,2016_25123_new-hampshire,31,41,11,NA
2016-new-hampshire-president-trump-vs-clinton,2016,new-hampshire,NA,NA,9,3,25055,MassINC/WBUR,2016-07-29,2016-08-01,Likely Voters,609,Live Phone,Nonpartisan,None,99,2016_25055_new-hampshire,32,47,8,NA
2016-new-hampshire-president-trump-vs-clinton,2016,new-hampshire,NA,NA,14,NA,24989,InsideSources/NH Journal,2016-07-19,2016-07-21,Registered Voters,1166,IVR/Live Phone,Nonpartisan,None,110,2016_24989_new-hampshire,48,39,NA,NA
2016-new-hampshire-president-trump-vs-clinton,2016,new-hampshire,NA,NA,6,18,24992,UNH/WMUR,2016-07-09,2016-07-18,Adults,532,Live Phone,Nonpartisan,None,113,2016_24992_new-hampshire,37,39,NA,NA
2016-new-hampshire-president-trump-vs-clinton,2016,new-hampshire,NA,NA,7,4,24796,ARG,2016-06-24,2016-06-28,Registered Voters,533,Live Phone,Nonpartisan,None,133,2016_24796_new-hampshire,42,47,NA,NA
2016-new-hampshire-president-trump-vs-clinton,2016,new-hampshire,NA,NA,18,NA,24787,PPP (D-Americans United for Change/Constitutional Responsibility Project),2016-06-22,2016-06-23,Likely Voters,578,IVR/Online,Sponsor,Dem,138,2016_24787_new-hampshire,39,43,NA,NA
2016-new-hampshire-president-trump-vs-clinton,2016,new-hampshire,NA,NA,3,9,24845,GQR (D-Democracy Corps/Women's Voices Women Vote),2016-06-11,2016-06-20,Likely Voters,300,Live Phone,Sponsor,Dem,141,2016_24845_new-hampshire,43,44,NA,NA
2016-new-hampshire-president-trump-vs-clinton,2016,new-hampshire,NA,NA,12,NA,24570,Franklin Pierce/RKM/Boston Herald,2016-05-25,2016-05-28,Likely Voters,405,Live Phone,Nonpartisan,None,164,2016_24570_new-hampshire,44,44,NA,NA
2016-new-hampshire-president-trump-vs-clinton,2016,new-hampshire,NA,NA,7,7,24505,MassINC/WBUR,2016-05-12,2016-05-15,Likely Voters,501,Live Phone,Nonpartisan,None,177,2016_24505_new-hampshire,42,44,NA,NA
2016-new-hampshire-president-trump-vs-clinton,2016,new-hampshire,NA,NA,4,15,24951,UNH/WMUR,2016-04-07,2016-04-17,Likely Voters,533,Live Phone,Nonpartisan,None,205,2016_24951_new-hampshire,31,50,NA,NA
2016-new-hampshire-president-trump-vs-clinton,2016,new-hampshire,NA,NA,37,NA,24458,Dartmouth,2016-04-11,2016-04-16,Registered Voters,362,Live Phone,Nonpartisan,None,206,2016_24458_new-hampshire,29,34,NA,NA
2016-new-hampshire-president-trump-vs-clinton,2016,new-hampshire,NA,NA,4,10,23977,UNH/WMUR,2016-02-20,2016-02-28,Likely Voters,628,Live Phone,Nonpartisan,None,254,2016_23977_new-hampshire,39,47,NA,NA
2016-new-hampshire-president-trump-vs-clinton,2016,new-hampshire,NA,NA,15,NA,23709,UMass Lowell/7 News,2016-02-05,2016-02-07,Registered Voters,1411,Live Phone,Nonpartisan,None,275,2016_23709_new-hampshire,40,45,NA,NA
2016-new-hampshire-president-trump-vs-clinton,2016,new-hampshire,NA,NA,3,10,23538,CNN/UNH/WMUR,2016-01-13,2016-01-18,Likely Voters,885,Live Phone,Nonpartisan,None,295,2016_23538_new-hampshire,39,48,NA,NA
2016-new-hampshire-president-trump-vs-clinton,2016,new-hampshire,NA,NA,11,NA,23464,NBC/WSJ/Marist,2016-01-02,2016-01-07,Registered Voters,957,Live Phone,Nonpartisan,None,306,2016_23464_new-hampshire,44,45,NA,NA
2016-new-hampshire-president-trump-vs-clinton,2016,new-hampshire,NA,NA,14,NA,23453,PPP (D),2016-01-04,2016-01-06,Likely Voters,1036,IVR/Online,Pollster,Dem,307,2016_23453_new-hampshire,36,50,NA,NA
2016-new-hampshire-president-trump-vs-clinton,2016,new-hampshire,NA,NA,12,NA,23268,PPP (D),2015-11-30,2015-12-02,Likely Voters,990,IVR/Online,Pollster,Dem,342,2016_23268_new-hampshire,41,47,NA,NA
2016-new-hampshire-president-trump-vs-clinton,2016,new-hampshire,NA,NA,10,2,23176,FOX,2015-11-15,2015-11-17,Registered Voters,804,Live Phone,Nonpartisan,None,357,2016_23176_new-hampshire,40,47,NA,NA
2016-new-hampshire-president-trump-vs-clinton,2016,new-hampshire,NA,NA,17,NA,23185,Morning Consult/Campaign for Sustainable Rx Pricing,2015-11-06,2015-11-16,Registered Voters,530,Live Phone/Online,Nonpartisan,None,358,2016_23185_new-hampshire,38,45,NA,NA
2016-new-hampshire-president-trump-vs-clinton,2016,new-hampshire,NA,NA,12,NA,22959,PPP (D),2015-10-16,2015-10-18,Likely Voters,880,IVR/Online,Pollster,Dem,387,2016_22959_new-hampshire,41,47,NA,NA
2016-new-hampshire-president-trump-vs-clinton,2016,new-hampshire,NA,NA,8,NA,22842,NBC/WSJ/Marist,2015-09-23,2015-09-30,Registered Voters,1044,Live Phone,Nonpartisan,None,405,2016_22842_new-hampshire,45,48,NA,NA
2016-new-hampshire-president-trump-vs-clinton,2016,new-hampshire,NA,NA,5,3,22807,CNN/UNH/WMUR,2015-09-17,2015-09-23,Likely Voters,743,Live Phone,Nonpartisan,None,412,2016_22807_new-hampshire,42,50,NA,NA
2016-new-hampshire-president-trump-vs-clinton,2016,new-hampshire,NA,NA,8,NA,22685,NBC/Marist,2015-08-26,2015-09-02,Registered Voters,910,Live Phone,Nonpartisan,None,433,2016_22685_new-hampshire,45,46,NA,NA
2016-new-hampshire-president-trump-vs-clinton,2016,new-hampshire,NA,NA,10,NA,22612,PPP (D),2015-08-21,2015-08-24,Likely Voters,841,IVR/Online,Pollster,Dem,442,2016_22612_new-hampshire,44,46,NA,NA
2016-new-hampshire-president-trump-vs-clinton,2016,new-hampshire,NA,NA,7,2,22500,UNH/WMUR,2015-07-22,2015-07-30,Likely Voters,652,Live Phone,Nonpartisan,None,467,2016_22500_new-hampshire,40,50,NA,NA
2016-california-presidential-general-election-trump-vs-clinton,2016,california,NA,NA,2,11,26807,SurveyMonkey,2016-11-01,2016-11-07,Likely Voters,2712,Internet,Nonpartisan,None,1,2016_26807_california,31,56,NA,NA
2016-california-presidential-general-election-trump-vs-clinton,2016,california,NA,NA,7,7,26815,Insights West,2016-11-04,2016-11-06,Likely Voters,401,Internet,Nonpartisan,None,2,2016_26815_california,32,54,NA,NA
2016-california-presidential-general-election-trump-vs-clinton,2016,california,NA,NA,NA,5,26793,UPI/CVOTER,2016-10-30,2016-11-06,Likely Voters,507,Internet,Nonpartisan,None,2,2016_26793_california,37,58,NA,NA
2016-california-presidential-general-election-trump-vs-clinton,2016,california,NA,NA,9,NA,26806,Ipsos/Reuters,2016-10-17,2016-11-06,Likely Voters,1393,Internet,Nonpartisan,None,2,2016_26806_california,32,59,NA,NA
2016-california-presidential-general-election-trump-vs-clinton,2016,california,NA,NA,4,5,26606,SurveyUSA/KABC/SCNG,2016-10-28,2016-10-31,Likely Voters,747,IVR/Online,Nonpartisan,None,8,2016_26606_california,35,56,NA,NA
2016-california-presidential-general-election-trump-vs-clinton,2016,california,NA,NA,7,7,26655,Field/UC Berkeley/YouGov,2016-10-25,2016-10-31,Likely Voters,1498,Internet,Nonpartisan,None,8,2016_26655_california,33,53,NA,NA
2016-california-presidential-general-election-trump-vs-clinton,2016,california,NA,NA,3,12,26596,SurveyMonkey,2016-10-25,2016-10-31,Likely Voters,2505,Internet,Nonpartisan,None,8,2016_26596_california,30,55,NA,NA
2016-california-presidential-general-election-trump-vs-clinton,2016,california,NA,NA,7,8,26726,USC/LA Times,2016-10-22,2016-10-30,Likely Voters,1365,Live Phone,Nonpartisan,None,9,2016_26726_california,30,54,NA,NA
2016-california-presidential-general-election-trump-vs-clinton,2016,california,NA,NA,NA,4,26592,UPI/CVOTER,2016-10-23,2016-10-29,Likely Voters,481,Internet,Nonpartisan,None,10,2016_26592_california,38,58,NA,NA
2016-california-presidential-general-election-trump-vs-clinton,2016,california,NA,NA,2,13,26441,SurveyMonkey,2016-10-18,2016-10-24,Likely Voters,1923,Internet,Nonpartisan,None,15,2016_26441_california,31,54,NA,NA
2016-california-presidential-general-election-trump-vs-clinton,2016,california,NA,NA,5,12,26498,PPIC,2016-10-14,2016-10-23,Likely Voters,1012,Live Phone,Nonpartisan,None,16,2016_26498_california,28,54,NA,NA
2016-california-presidential-general-election-trump-vs-clinton,2016,california,NA,NA,7,6,26224,SurveyUSA/KABC/SCNG,2016-10-13,2016-10-15,Likely Voters,725,IVR/Online,Nonpartisan,None,24,2016_26224_california,30,56,NA,NA
2016-california-presidential-general-election-trump-vs-clinton,2016,california,NA,NA,8,7,26535,Sacramento State,2016-10-07,2016-10-13,Likely Voters,622,Internet,Nonpartisan,None,26,2016_26535_california,25,61,NA,NA
2016-california-presidential-general-election-trump-vs-clinton,2016,california,NA,NA,12,NA,26344,Ipsos/Reuters,2016-09-23,2016-10-13,Likely Voters,1196,Internet,Nonpartisan,None,26,2016_26344_california,22,66,NA,NA
2016-california-presidential-general-election-trump-vs-clinton,2016,california,NA,NA,11,NA,26100,Ipsos/Reuters,2016-09-16,2016-10-06,Likely Voters,1885,Internet,Nonpartisan,None,33,2016_26100_california,28,61,NA,NA
2016-california-presidential-general-election-trump-vs-clinton,2016,california,NA,NA,3,5,25809,SurveyUSA/KABC/SCNG,2016-09-27,2016-09-28,Likely Voters,732,IVR/Online,Nonpartisan,None,41,2016_25809_california,33,59,NA,NA
2016-california-presidential-general-election-trump-vs-clinton,2016,california,NA,NA,6,17,25632,PPIC,2016-09-09,2016-09-18,Likely Voters,1045,Live Phone,Nonpartisan,None,51,2016_25632_california,31,47,NA,NA
2016-california-presidential-general-election-trump-vs-clinton,2016,california,NA,NA,13,NA,25540,Ipsos/Reuters,2016-08-26,2016-09-15,Likely Voters,1189,Internet,Nonpartisan,None,54,2016_25540_california,24,63,NA,NA
2016-california-presidential-general-election-trump-vs-clinton,2016,california,NA,NA,9,4,25629,Insights West,2016-09-12,2016-09-14,Likely Voters,515,Internet,Nonpartisan,None,55,2016_25629_california,30,57,NA,NA
2016-california-presidential-general-election-trump-vs-clinton,2016,california,NA,NA,6,11,25577,Field/UC Berkeley/YouGov,2016-09-07,2016-09-13,Likely Voters,1426,Internet,Nonpartisan,None,56,2016_25577_california,33,50,NA,NA
2016-california-presidential-general-election-trump-vs-clinton,2016,california,NA,NA,7,4,25467,SurveyUSA/KABC/SCNG,2016-09-08,2016-09-11,Likely Voters,678,IVR/Online,Nonpartisan,None,58,2016_25467_california,32,57,NA,NA
2016-california-presidential-general-election-trump-vs-clinton,2016,california,NA,NA,9,NA,25472,SurveyMonkey/LA Times,2016-09-01,2016-09-08,Registered Voters,4212,Internet,Nonpartisan,None,61,2016_25472_california,33,58,NA,NA
2016-california-presidential-general-election-trump-vs-clinton,2016,california,NA,NA,9,NA,25359,WashPost/SurveyMonkey,2016-08-09,2016-09-01,Registered Voters,2574,Internet,Nonpartisan,None,68,2016_25359_california,33,57,NA,NA
2016-california-presidential-general-election-trump-vs-clinton,2016,california,NA,NA,9,15,24984,PPIC,2016-07-10,2016-07-19,Likely Voters,1056,Live Phone,Nonpartisan,None,112,2016_24984_california,30,46,NA,NA
2016-california-presidential-general-election-trump-vs-clinton,2016,california,NA,NA,14,NA,24831,Field,2016-06-08,2016-07-02,Likely Voters,956,Live Phone,Nonpartisan,None,129,2016_24831_california,28,58,NA,NA
2016-california-presidential-general-election-trump-vs-clinton,2016,california,NA,NA,6,12,24674,SurveyMonkey/USC/LA Times,2016-06-09,2016-06-10,Likely Voters,1264,Live Phone,Nonpartisan,None,151,2016_24674_california,28,54,NA,NA
2016-california-presidential-general-election-trump-vs-clinton,2016,california,NA,NA,7,12,24612,CBS/YouGov,2016-05-31,2016-06-03,Likely Voters,1187,Internet,Nonpartisan,None,158,2016_24612_california,33,48,NA,NA
2016-california-presidential-general-election-trump-vs-clinton,2016,california,NA,NA,6,8,24593,NBC/WSJ/Marist,2016-05-29,2016-05-31,Registered Voters,1833,Live Phone,Nonpartisan,None,161,2016_24593_california,31,55,NA,NA
2016-california-presidential-general-election-trump-vs-clinton,2016,california,NA,NA,13,NA,24594,Field,2016-05-26,2016-05-31,Likely Voters,1002,Live Phone,Nonpartisan,None,161,2016_24594_california,34,53,NA,NA
2016-california-presidential-general-election-trump-vs-clinton,2016,california,NA,NA,10,4,24603,USC/LA Times,2016-05-19,2016-05-31,Likely Voters,1150,Live Phone,Nonpartisan,None,161,2016_24603_california,33,54,NA,NA
2016-california-presidential-general-election-trump-vs-clinton,2016,california,NA,NA,10,NA,24538,SurveyUSA/KABC/SCNG,2016-05-19,2016-05-22,Likely Voters,1383,IVR/Online,Nonpartisan,None,170,2016_24538_california,38,52,NA,NA
2016-california-presidential-general-election-trump-vs-clinton,2016,california,NA,NA,4,7,24558,PPIC,2016-05-13,2016-05-22,Likely Voters,996,Live Phone,Nonpartisan,None,170,2016_24558_california,39,49,NA,NA
2016-california-presidential-general-election-trump-vs-clinton,2016,california,NA,NA,10,12,24574,YouGov/Hoover Institution,2016-05-04,2016-05-16,Likely Voters,1196,Internet,Nonpartisan,None,176,2016_24574_california,33,45,NA,NA
2016-california-presidential-general-election-trump-vs-clinton,2016,california,NA,NA,10,NA,24427,SurveyUSA/KABC/SCNG,2016-04-27,2016-04-30,Likely Voters,1683,IVR/Online,Nonpartisan,None,192,2016_24427_california,34,56,NA,NA
2016-california-presidential-general-election-trump-vs-clinton,2016,california,NA,NA,10,NA,24222,Field,2016-03-24,2016-04-04,Registered Voters,1400,Live Phone,Nonpartisan,None,218,2016_24222_california,31,59,NA,NA
2016-california-presidential-general-election-trump-vs-clinton,2016,california,NA,NA,14,NA,24205,SurveyUSA,2016-03-30,2016-04-03,Likely Voters,1507,IVR/Online,Nonpartisan,None,219,2016_24205_california,26,60,NA,NA
2016-california-presidential-general-election-trump-vs-clinton,2016,california,NA,NA,8,5,24155,USC/LA Times,2016-03-16,2016-03-23,Likely Voters,1202,Live Phone,Nonpartisan,None,230,2016_24155_california,30,57,NA,NA
2016-florida-presidential-general-election-trump-vs-clinton,2016,florida,NA,NA,2,2,26807,SurveyMonkey,2016-11-01,2016-11-07,Likely Voters,4092,Internet,Nonpartisan,None,1,2016_26807_florida,45,47,4,NA
2016-florida-presidential-general-election-trump-vs-clinton,2016,florida,NA,NA,1,1,26791,Opinion Savvy,2016-11-05,2016-11-06,Likely Voters,853,IVR/Online,Nonpartisan,None,2,2016_26791_florida,46,48,3,NA
2016-florida-presidential-general-election-trump-vs-clinton,2016,florida,NA,NA,5,2,26776,Quinnipiac,2016-11-03,2016-11-06,Likely Voters,884,Live Phone,Nonpartisan,None,2,2016_26776_florida,45,46,2,NA
2016-florida-presidential-general-election-trump-vs-clinton,2016,florida,NA,NA,NA,5,26793,UPI/CVOTER,2016-10-30,2016-11-06,Likely Voters,438,Internet,Nonpartisan,None,2,2016_26793_florida,47,47,NA,NA
2016-florida-presidential-general-election-trump-vs-clinton,2016,florida,NA,NA,5,NA,26806,Ipsos/Reuters,2016-10-17,2016-11-06,Likely Voters,1274,Internet,Nonpartisan,None,2,2016_26806_florida,47,48,NA,NA
2016-florida-presidential-general-election-trump-vs-clinton,2016,florida,NA,NA,2,4,26755,CBS/YouGov,2016-11-02,2016-11-04,Likely Voters,1188,Internet,Nonpartisan,None,4,2016_26755_florida,45,45,4,NA
2016-florida-presidential-general-election-trump-vs-clinton,2016,florida,NA,NA,3,2,26761,Remington Research Group (R)/Axiom Strategies,2016-11-01,2016-11-02,Likely Voters,2352,IVR/Live Phone,Sponsor,Rep,6,2016_26761_florida,48,45,2,NA
2016-florida-presidential-general-election-trump-vs-clinton,2016,florida,NA,NA,2,1,26664,Opinion Savvy/Fox 13/Fox 35,2016-11-01,2016-11-02,Likely Voters,603,IVR/Online,Nonpartisan,None,6,2016_26664_florida,45,49,3,NA
2016-florida-presidential-general-election-trump-vs-clinton,2016,florida,NA,NA,4,3,26628,Quinnipiac,2016-10-27,2016-11-01,Likely Voters,626,Live Phone,Nonpartisan,None,7,2016_26628_florida,45,46,2,NA
2016-florida-presidential-general-election-trump-vs-clinton,2016,florida,NA,NA,0,2,26622,CNN,2016-10-27,2016-11-01,Likely Voters,773,Live Phone,Nonpartisan,None,7,2016_26622_florida,47,49,3,NA
2016-florida-presidential-general-election-trump-vs-clinton,2016,florida,NA,NA,NA,NA,26689,Gravis Marketing/One America News,2016-10-31,2016-10-31,Registered Voters,1995,IVR/Online,Sponsor,Rep,8,2016_26689_florida,49,51,NA,NA
2016-florida-presidential-general-election-trump-vs-clinton,2016,florida,NA,NA,2,2,26596,SurveyMonkey,2016-10-25,2016-10-31,Likely Voters,2809,Internet,Nonpartisan,None,8,2016_26596_florida,45,46,5,NA
2016-florida-presidential-general-election-trump-vs-clinton,2016,florida,NA,NA,4,2,26566,Remington Research Group (R)/Axiom Strategies,2016-10-30,2016-10-30,Likely Voters,989,IVR/Live Phone,Sponsor,Rep,9,2016_26566_florida,48,44,2,NA
2016-florida-presidential-general-election-trump-vs-clinton,2016,florida,NA,NA,0,7,26609,TargetSmart/William & Mary,2016-10-25,2016-10-30,Likely Voters,718,Live Phone/Online,Nonpartisan,None,9,2016_26609_florida,40,48,3,NA
2016-florida-presidential-general-election-trump-vs-clinton,2016,florida,NA,NA,NA,5,26592,UPI/CVOTER,2016-10-23,2016-10-29,Likely Voters,408,Internet,Nonpartisan,None,10,2016_26592_florida,47,48,NA,NA
2016-florida-presidential-general-election-trump-vs-clinton,2016,florida,NA,NA,6,3,26543,NYT Upshot/Siena,2016-10-25,2016-10-27,Likely Voters,814,Live Phone,Nonpartisan,None,12,2016_26543_florida,46,42,4,NA
2016-florida-presidential-general-election-trump-vs-clinton,2016,florida,NA,NA,6,3,26654,Dixie Strategies (R),2016-10-25,2016-10-26,Likely Voters,698,IVR/Live Phone,Pollster,Rep,13,2016_26654_florida,46,42,2,NA
2016-florida-presidential-general-election-trump-vs-clinton,2016,florida,NA,NA,1,7,26544,NBC/WSJ/Marist,2016-10-25,2016-10-26,Likely Voters,779,Live Phone,Nonpartisan,None,13,2016_26544_florida,46,46,NA,NA
2016-florida-presidential-general-election-trump-vs-clinton,2016,florida,NA,NA,7,1,26528,Saint Leo University,2016-10-22,2016-10-26,Likely Voters,1028,Internet,Nonpartisan,None,13,2016_26528_florida,37,50,5,NA
2016-florida-presidential-general-election-trump-vs-clinton,2016,florida,NA,NA,6,3,26492,UNF,2016-10-20,2016-10-25,Likely Voters,786,Live Phone,Nonpartisan,None,14,2016_26492_florida,44,46,NA,NA
2016-florida-presidential-general-election-trump-vs-clinton,2016,florida,NA,NA,5,4,26435,Bloomberg/Selzer,2016-10-21,2016-10-24,Likely Voters,953,Live Phone,Nonpartisan,None,15,2016_26435_florida,46,45,NA,NA
2016-florida-presidential-general-election-trump-vs-clinton,2016,florida,NA,NA,0,4,26439,SurveyUSA/Bay News 9/News 13,2016-10-20,2016-10-24,Likely Voters,1251,IVR/Online,Nonpartisan,None,15,2016_26439_florida,45,48,2,NA
2016-florida-presidential-general-election-trump-vs-clinton,2016,florida,NA,NA,3,2,26441,SurveyMonkey,2016-10-18,2016-10-24,Likely Voters,2765,Internet,Nonpartisan,None,15,2016_26441_florida,44,47,5,NA
2016-florida-presidential-general-election-trump-vs-clinton,2016,florida,NA,NA,5,2,26420,Remington Research Group (R)/Axiom Strategies,2016-10-20,2016-10-22,Likely Voters,1646,IVR/Live Phone,Sponsor,Rep,17,2016_26420_florida,46,46,2,NA
2016-florida-presidential-general-election-trump-vs-clinton,2016,florida,NA,NA,3,4,26380,CBS/YouGov,2016-10-20,2016-10-21,Likely Voters,1042,Internet,Nonpartisan,None,18,2016_26380_florida,43,46,3,NA
2016-florida-presidential-general-election-trump-vs-clinton,2016,florida,NA,NA,2,2,26361,Opinion Savvy/Fox 13/Fox 35,2016-10-20,2016-10-20,Likely Voters,538,IVR/Online,Nonpartisan,None,19,2016_26361_florida,45,49,3,NA
2016-florida-presidential-general-election-trump-vs-clinton,2016,florida,NA,NA,8,2,26403,Lucid/The Times-Picayune,2016-10-17,2016-10-18,Likely Voters,892,Internet,Nonpartisan,None,21,2016_26403_florida,39,45,6,NA
2016-florida-presidential-general-election-trump-vs-clinton,2016,florida,NA,NA,4,2,26215,Quinnipiac,2016-10-10,2016-10-16,Likely Voters,660,Live Phone,Nonpartisan,None,23,2016_26215_florida,44,48,4,NA
2016-florida-presidential-general-election-trump-vs-clinton,2016,florida,NA,NA,6,NA,26240,WashPost/SurveyMonkey,2016-10-08,2016-10-16,Likely Voters,1702,Internet,Nonpartisan,None,23,2016_26240_florida,47,47,NA,NA
2016-florida-presidential-general-election-trump-vs-clinton,2016,florida,NA,NA,6,1,26182,PPP (D),2016-10-12,2016-10-13,Likely Voters,985,IVR/Online,Pollster,Dem,26,2016_26182_florida,42,46,5,NA
2016-florida-presidential-general-election-trump-vs-clinton,2016,florida,NA,NA,10,1,26192,Gravis Marketing/Breitbart,2016-10-11,2016-10-13,Registered Voters,1799,IVR/Online,Nonpartisan,None,26,2016_26192_florida,42,46,2,NA
2016-florida-presidential-general-election-trump-vs-clinton,2016,florida,NA,NA,10,NA,26344,Ipsos/Reuters,2016-09-23,2016-10-13,Likely Voters,1799,Internet,Nonpartisan,None,26,2016_26344_florida,42,48,NA,NA
2016-florida-presidential-general-election-trump-vs-clinton,2016,florida,NA,NA,11,7,26442,Ipsos/Reuters,2016-10-05,2016-10-12,Likely Voters,1532,Internet,Nonpartisan,None,27,2016_26442_florida,40,42,NA,NA
2016-florida-presidential-general-election-trump-vs-clinton,2016,florida,NA,NA,3,1,26149,Opinion Savvy,2016-10-10,2016-10-11,Likely Voters,533,IVR/Online,Nonpartisan,None,28,2016_26149_florida,44,47,5,NA
2016-florida-presidential-general-election-trump-vs-clinton,2016,florida,NA,NA,7,0,26157,Florida Atlantic University,2016-10-05,2016-10-09,Likely Voters,500,IVR/Online,Nonpartisan,None,30,2016_26157_florida,43,49,1,NA
2016-florida-presidential-general-election-trump-vs-clinton,2016,florida,NA,NA,7,NA,26103,Ipsos/Reuters,2016-09-16,2016-10-06,Likely Voters,1360,Internet,Nonpartisan,None,33,2016_26103_florida,44,49,NA,NA
2016-florida-presidential-general-election-trump-vs-clinton,2016,florida,NA,NA,3,7,26011,NBC/WSJ/Marist,2016-10-03,2016-10-05,Likely Voters,700,Live Phone,Nonpartisan,None,34,2016_26011_florida,44,46,NA,NA
2016-florida-presidential-general-election-trump-vs-clinton,2016,florida,NA,NA,9,4,25974,UNF,2016-09-27,2016-10-04,Likely Voters,661,Live Phone,Nonpartisan,None,35,2016_25974_florida,40,47,NA,NA
2016-florida-presidential-general-election-trump-vs-clinton,2016,florida,NA,NA,5,2,25842,Quinnipiac,2016-09-27,2016-10-02,Likely Voters,545,Live Phone,Nonpartisan,None,37,2016_25842_florida,41,46,5,NA
2016-florida-presidential-general-election-trump-vs-clinton,2016,florida,NA,NA,1,2,25814,Opinion Savvy/Fox 13/Fox 35,2016-09-28,2016-09-29,Likely Voters,619,IVR/Online,Nonpartisan,None,40,2016_25814_florida,46,47,4,NA
2016-florida-presidential-general-election-trump-vs-clinton,2016,florida,NA,NA,4,1,25811,Mason-Dixon,2016-09-27,2016-09-29,Likely Voters,820,Live Phone,Nonpartisan,None,40,2016_25811_florida,42,46,7,NA
2016-florida-presidential-general-election-trump-vs-clinton,2016,florida,NA,NA,8,1,25796,PPP (D-Vote Vets Action Fund),2016-09-27,2016-09-28,Likely Voters,826,IVR/Online,Pollster,Dem,41,2016_25796_florida,43,45,3,NA
2016-florida-presidential-general-election-trump-vs-clinton,2016,florida,NA,NA,8,1,25618,Suffolk,2016-09-19,2016-09-21,Likely Voters,500,Live Phone,Nonpartisan,None,48,2016_25618_florida,45,44,3,NA
2016-florida-presidential-general-election-trump-vs-clinton,2016,florida,NA,NA,6,2,25725,Cherry (R-Florida Chamber of Commerce),2016-09-15,2016-09-20,Likely Voters,617,Live Phone,Pollster,Rep,49,2016_25725_florida,41,43,8,NA
2016-florida-presidential-general-election-trump-vs-clinton,2016,florida,NA,NA,5,2,25584,Monmouth University,2016-09-16,2016-09-19,Likely Voters,400,Live Phone,Nonpartisan,None,50,2016_25584_florida,41,46,6,NA
2016-florida-presidential-general-election-trump-vs-clinton,2016,florida,NA,NA,NA,2,25599,Saint Leo University,2016-09-10,2016-09-16,Likely Voters,475,Internet,Nonpartisan,None,53,2016_25599_florida,44,49,6,NA
2016-florida-presidential-general-election-trump-vs-clinton,2016,florida,NA,NA,4,NA,25543,Ipsos/Reuters,2016-08-26,2016-09-15,Likely Voters,1065,Internet,Nonpartisan,None,54,2016_25543_florida,50,46,NA,NA
2016-florida-presidential-general-election-trump-vs-clinton,2016,florida,NA,NA,10,3,25524,NYT Upshot/Siena,2016-09-10,2016-09-14,Likely Voters,867,Live Phone,Nonpartisan,None,55,2016_25524_florida,43,43,NA,NA
2016-florida-presidential-general-election-trump-vs-clinton,2016,florida,NA,NA,1,1,25493,CNN,2016-09-07,2016-09-12,Likely Voters,788,Live Phone,Nonpartisan,None,57,2016_25493_florida,47,44,6,NA
2016-florida-presidential-general-election-trump-vs-clinton,2016,florida,NA,NA,6,4,25448,CBS/YouGov,2016-09-07,2016-09-09,Likely Voters,1193,Internet,Nonpartisan,None,60,2016_25448_florida,42,44,5,NA
2016-florida-presidential-general-election-trump-vs-clinton,2016,florida,NA,NA,5,2,25428,Quinnipiac,2016-08-29,2016-09-07,Likely Voters,761,Live Phone,Nonpartisan,None,62,2016_25428_florida,47,47,NA,NA
2016-florida-presidential-general-election-trump-vs-clinton,2016,florida,NA,NA,6,2,25412,PPP (D),2016-09-04,2016-09-06,Likely Voters,744,IVR/Online,Pollster,Dem,63,2016_25412_florida,44,43,5,NA
2016-florida-presidential-general-election-trump-vs-clinton,2016,florida,NA,NA,10,NA,25348,WashPost/SurveyMonkey,2016-08-09,2016-09-01,Registered Voters,3287,Internet,Nonpartisan,None,68,2016_25348_florida,44,46,NA,NA
2016-florida-presidential-general-election-trump-vs-clinton,2016,florida,NA,NA,8,6,25269,ICITIZEN,2016-08-18,2016-08-24,Registered Voters,600,Internet,Nonpartisan,None,76,2016_25269_florida,37,42,8,NA
2016-florida-presidential-general-election-trump-vs-clinton,2016,florida,NA,NA,5,7,25255,Cherry (R-Florida Chamber of Commerce),2016-08-17,2016-08-22,Likely Voters,608,Live Phone,Pollster,Rep,78,2016_25255_florida,44,43,NA,NA
2016-florida-presidential-general-election-trump-vs-clinton,2016,florida,NA,NA,NA,2,25244,Saint Leo University,2016-08-14,2016-08-18,Likely Voters,1380,Internet,Nonpartisan,None,82,2016_25244_florida,38,52,8,NA
2016-florida-presidential-general-election-trump-vs-clinton,2016,florida,NA,NA,5,2,25187,Monmouth University,2016-08-12,2016-08-15,Likely Voters,402,Live Phone,Nonpartisan,None,85,2016_25187_florida,39,48,6,NA
2016-florida-presidential-general-election-trump-vs-clinton,2016,florida,NA,NA,4,4,25156,CBS/YouGov,2016-08-10,2016-08-12,Likely Voters,1194,Internet,Nonpartisan,None,88,2016_25156_florida,40,45,5,NA
2016-florida-presidential-general-election-trump-vs-clinton,2016,florida,NA,NA,3,1,25136,Opinion Savvy/Fox 13,2016-08-10,2016-08-10,Likely Voters,622,IVR/Online,Nonpartisan,None,90,2016_25136_florida,44,45,6,NA
2016-florida-presidential-general-election-trump-vs-clinton,2016,florida,NA,NA,7,11,25148,NBC/WSJ/Marist,2016-08-04,2016-08-10,Registered Voters,862,Live Phone,Nonpartisan,None,90,2016_25148_florida,39,44,NA,NA
2016-florida-presidential-general-election-trump-vs-clinton,2016,florida,NA,NA,5,3,25101,Quinnipiac,2016-07-30,2016-08-07,Likely Voters,1056,Live Phone,Nonpartisan,None,93,2016_25101_florida,45,46,NA,NA
2016-florida-presidential-general-election-trump-vs-clinton,2016,florida,NA,NA,10,NA,25062,Suffolk,2016-08-01,2016-08-03,Likely Voters,500,Live Phone,Nonpartisan,None,97,2016_25062_florida,42,48,NA,NA
2016-florida-presidential-general-election-trump-vs-clinton,2016,florida,NA,NA,7,13,24892,NBC/WSJ/Marist,2016-07-05,2016-07-11,Registered Voters,871,Live Phone,Nonpartisan,None,120,2016_24892_florida,37,44,NA,NA
2016-florida-presidential-general-election-trump-vs-clinton,2016,florida,NA,NA,13,6,24869,Quinnipiac,2016-06-30,2016-07-11,Registered Voters,1015,Live Phone,Nonpartisan,None,120,2016_24869_florida,42,39,NA,NA
2016-florida-presidential-general-election-trump-vs-clinton,2016,florida,NA,NA,8,1,24864,JMC Analytics (R),2016-07-09,2016-07-10,Likely Voters,700,Automated Phone,Pollster,Rep,121,2016_24864_florida,47,42,2,NA
2016-florida-presidential-general-election-trump-vs-clinton,2016,florida,NA,NA,7,2,24897,GQR (D-Project New America),2016-07-06,2016-07-10,Likely Voters,1100,Live Phone,Pollster,Dem,121,2016_24897_florida,40,45,6,NA
2016-florida-presidential-general-election-trump-vs-clinton,2016,florida,NA,NA,NA,6,24867,Gravis Marketing/OANN,2016-06-27,2016-06-28,Registered Voters,1619,Automated Phone,Nonpartisan,None,133,2016_24867_florida,49,45,NA,NA
2016-florida-presidential-general-election-trump-vs-clinton,2016,florida,NA,NA,8,NA,24865,Onmessage (R-Let's Get to Work),2016-06-26,2016-06-28,Likely Voters,800,Live Phone,Sponsor,Rep,133,2016_24865_florida,47,45,NA,NA
2016-florida-presidential-general-election-trump-vs-clinton,2016,florida,NA,NA,5,5,24797,SurveyUSA/Bay News 9/News 13,2016-06-25,2016-06-27,Likely Voters,1678,IVR/Online,Nonpartisan,None,134,2016_24797_florida,42,46,2,NA
2016-florida-presidential-general-election-trump-vs-clinton,2016,florida,NA,NA,7,8,24766,CBS/YouGov,2016-06-21,2016-06-24,Likely Voters,1192,Internet,Nonpartisan,None,137,2016_24766_florida,41,44,NA,NA
2016-florida-presidential-general-election-trump-vs-clinton,2016,florida,NA,NA,3,6,24842,GQR (D-Democracy Corps/Women's Voices Women Vote),2016-06-11,2016-06-20,Likely Voters,300,Live Phone,Sponsor,Dem,141,2016_24842_florida,39,52,NA,NA
2016-florida-presidential-general-election-trump-vs-clinton,2016,florida,NA,NA,12,2,24720,Quinnipiac,2016-06-08,2016-06-19,Registered Voters,975,Live Phone,Nonpartisan,None,142,2016_24720_florida,39,47,NA,NA
2016-florida-presidential-general-election-trump-vs-clinton,2016,florida,NA,NA,13,2,24635,PPP (D),2016-06-02,2016-06-05,Likely Voters,737,IVR/Online,Pollster,Dem,156,2016_24635_florida,41,40,4,NA
2016-florida-presidential-general-election-trump-vs-clinton,2016,florida,NA,NA,7,NA,24606,Mason-Dixon,2016-05-31,2016-06-02,Registered Voters,625,Live Phone,Nonpartisan,None,159,2016_24606_florida,42,45,6,NA
2016-florida-presidential-general-election-trump-vs-clinton,2016,florida,NA,NA,15,NA,24529,CBS/YouGov,2016-05-16,2016-05-19,Likely Voters,995,Internet,Nonpartisan,None,173,2016_24529_florida,42,43,NA,NA
2016-florida-presidential-general-election-trump-vs-clinton,2016,florida,NA,NA,12,NA,24554,Gravis Marketing,2016-05-17,2016-05-18,Registered Voters,2542,Automated Phone,Nonpartisan,None,174,2016_24554_florida,42,46,NA,NA
2016-florida-presidential-general-election-trump-vs-clinton,2016,florida,NA,NA,13,2,24463,Quinnipiac,2016-04-27,2016-05-08,Registered Voters,1051,Live Phone,Nonpartisan,None,184,2016_24463_florida,42,43,NA,NA
2016-florida-presidential-general-election-trump-vs-clinton,2016,florida,NA,NA,15,NA,24418,Associated Industries of Florida (R),2016-04-25,2016-04-27,Likely Voters,604,Live Phone,Pollster,Rep,195,2016_24418_florida,36,49,NA,NA
2016-florida-presidential-general-election-trump-vs-clinton,2016,florida,NA,NA,9,NA,24057,NBC/WSJ/Marist,2016-03-04,2016-03-10,Registered Voters,2422,Live Phone,Nonpartisan,None,243,2016_24057_florida,41,49,NA,NA
2016-florida-presidential-general-election-trump-vs-clinton,2016,florida,NA,NA,12,NA,24010,SurveyUSA/Bay News 9/News 13,2016-03-04,2016-03-06,Likely Voters,1961,IVR/Online,Nonpartisan,None,247,2016_24010_florida,45,44,NA,NA
2016-florida-presidential-general-election-trump-vs-clinton,2016,florida,NA,NA,1,7,24021,CNN,2016-03-02,2016-03-06,Registered Voters,854,Live Phone,Nonpartisan,None,247,2016_24021_florida,43,50,NA,NA
2016-florida-presidential-general-election-trump-vs-clinton,2016,florida,NA,NA,10,NA,23886,PPP (D),2016-02-24,2016-02-25,Likely Voters,1012,IVR/Online,Pollster,Dem,257,2016_23886_florida,46,44,NA,NA
2016-florida-presidential-general-election-trump-vs-clinton,2016,florida,NA,NA,14.5,3,23730,Florida Southern College Center,2016-01-30,2016-02-06,Registered Voters,608,Live Phone,Nonpartisan,None,276,2016_23730_florida,38,45,NA,NA
2016-florida-presidential-general-election-trump-vs-clinton,2016,florida,NA,NA,9,NA,23532,Florida Atlantic University,2016-01-15,2016-01-18,Registered Voters,1008,Automated Phone,Nonpartisan,None,295,2016_23532_florida,47,44,NA,NA
2016-florida-presidential-general-election-trump-vs-clinton,2016,florida,NA,NA,NA,NA,23292,Saint Leo University,2015-11-29,2015-12-03,Likely Voters,404,Internet,Nonpartisan,None,341,2016_23292_florida,41,49,NA,NA
2016-florida-presidential-general-election-trump-vs-clinton,2016,florida,NA,NA,10,NA,23188,Florida Atlantic University,2015-11-15,2015-11-16,Registered Voters,829,Automated Phone,Nonpartisan,None,358,2016_23188_florida,49,41,NA,NA
2016-florida-presidential-general-election-trump-vs-clinton,2016,florida,NA,NA,9,NA,23054,SurveyUSA/Bay News 9/News 13,2015-10-28,2015-11-01,Likely Voters,2400,IVR/Online,Nonpartisan,None,373,2016_23054_florida,47,43,NA,NA
2016-florida-presidential-general-election-trump-vs-clinton,2016,florida,NA,NA,10,3,22860,Quinnipiac,2015-09-25,2015-10-05,Registered Voters,1173,Live Phone,Nonpartisan,None,400,2016_22860_florida,41,46,NA,NA
2016-florida-presidential-general-election-trump-vs-clinton,2016,florida,NA,NA,10,NA,23190,Florida Atlantic University,2015-09-17,2015-09-20,Registered Voters,801,Automated Phone,Nonpartisan,None,415,2016_23190_florida,46,45,NA,NA
2016-florida-presidential-general-election-trump-vs-clinton,2016,florida,NA,NA,NA,NA,22910,Cherry (R-Florida Chamber of Commerce),2015-09-16,2015-09-20,Likely Voters,605,Live Phone,Pollster,Rep,415,2016_22910_florida,41,42,NA,NA
2016-florida-presidential-general-election-trump-vs-clinton,2016,florida,NA,NA,9,NA,22737,PPP (D),2015-09-11,2015-09-13,Likely Voters,814,IVR/Online,Pollster,Dem,422,2016_22737_florida,48,42,NA,NA
2016-florida-presidential-general-election-trump-vs-clinton,2016,florida,NA,NA,13,3,22582,Quinnipiac,2015-08-07,2015-08-18,Registered Voters,1093,Live Phone,Nonpartisan,None,448,2016_22582_florida,43,41,NA,NA
