poll_info,Trump,Clinton,Other,Undecided,poll_id,pollster,start_date,end_date,sample_subpopulation,sample_size,mode,partisanship,partisan_affiliation,Johnson,McMullin
2016-washington-d-c-president-trump-vs-clinton,7,85,6,2,26807,SurveyMonkey,2016-11-01,2016-11-07,Likely Voters,310,Internet,Nonpartisan,None,NA,NA
2016-washington-d-c-president-trump-vs-clinton,6,92,Not included in poll,3,26793,UPI/CVOTER,2016-10-30,2016-11-06,Likely Voters,312,Internet,Nonpartisan,None,NA,NA
2016-washington-d-c-president-trump-vs-clinton,4,88,7,1,26596,SurveyMonkey,2016-10-25,2016-10-31,Likely Voters,332,Internet,Nonpartisan,None,NA,NA
2016-washington-d-c-president-trump-vs-clinton,13,81,Not included in poll,6,26592,UPI/CVOTER,2016-10-23,2016-10-29,Likely Voters,310,Internet,Nonpartisan,None,NA,NA
2016-washington-d-c-president-trump-vs-clinton,5,88,5,2,26441,SurveyMonkey,2016-10-18,2016-10-24,Likely Voters,504,Internet,Nonpartisan,None,NA,NA
2016-wyoming-president-trump-vs-clinton,67,28,Not included in poll,5,26793,UPI/CVOTER,2016-10-30,2016-11-06,Likely Voters,320,Internet,Nonpartisan,None,NA,NA
2016-wyoming-president-trump-vs-clinton,62,22,Not included in poll,4,26596,SurveyMonkey,2016-10-25,2016-10-31,Likely Voters,251,Internet,Nonpartisan,None,NA,NA
2016-wyoming-president-trump-vs-clinton,65,30,Not included in poll,5,26592,UPI/CVOTER,2016-10-23,2016-10-29,Likely Voters,311,Internet,Nonpartisan,None,NA,NA
2016-wyoming-president-trump-vs-clinton,59,25,Not included in poll,5,26441,SurveyMonkey,2016-10-18,2016-10-24,Likely Voters,361,Internet,Nonpartisan,None,NA,NA
2016-wyoming-president-trump-vs-clinton,54,19,Not included in poll,15,25602,DFM Research (D-Greene),2016-09-06,2016-09-11,Likely Voters,402,Live Phone,Sponsor,Dem,NA,NA
2016-wyoming-president-trump-vs-clinton,65,27,Not included in poll,8,25396,WashPost/SurveyMonkey,2016-08-09,2016-09-01,Registered Voters,727,Internet,Nonpartisan,None,NA,NA
2016-west-virginia-president-trump-vs-clinton,56,29,10,5,26807,SurveyMonkey,2016-11-01,2016-11-07,Likely Voters,472,Internet,Nonpartisan,None,NA,NA
2016-west-virginia-president-trump-vs-clinton,56,34,10,,26793,UPI/CVOTER,2016-10-30,2016-11-06,Likely Voters,309,Internet,Nonpartisan,None,NA,NA
2016-west-virginia-president-trump-vs-clinton,58,34,Not included in poll,8,26806,Ipsos/Reuters,2016-10-17,2016-11-06,Likely Voters,422,Internet,Nonpartisan,None,NA,NA
2016-west-virginia-president-trump-vs-clinton,58,27,12,3,26596,SurveyMonkey,2016-10-25,2016-10-31,Likely Voters,321,Internet,Nonpartisan,None,NA,NA
2016-west-virginia-president-trump-vs-clinton,59,36,5,,26592,UPI/CVOTER,2016-10-23,2016-10-29,Likely Voters,311,Internet,Nonpartisan,None,NA,NA
2016-west-virginia-president-trump-vs-clinton,61,29,9,1,26441,SurveyMonkey,2016-10-18,2016-10-24,Likely Voters,379,Internet,Nonpartisan,None,NA,NA
2016-west-virginia-president-trump-vs-clinton,54,41,Not included in poll,5,26344,Ipsos/Reuters,2016-09-23,2016-10-13,Likely Voters,360,Internet,Nonpartisan,None,NA,NA
2016-west-virginia-president-trump-vs-clinton,55,36,Not included in poll,9,26136,Ipsos/Reuters,2016-09-16,2016-10-06,Likely Voters,371,Internet,Nonpartisan,None,NA,NA
2016-west-virginia-president-trump-vs-clinton,60,28,Not included in poll,12,25975,Garin-Hart-Yang (D-Reynolds),2016-09-13,2016-09-17,Likely Voters,500,Live Phone,Sponsor,Dem,NA,NA
2016-west-virginia-president-trump-vs-clinton,49,39,Not included in poll,12,25575,Ipsos/Reuters,2016-08-26,2016-09-15,Likely Voters,295,Internet,Nonpartisan,None,NA,NA
2016-west-virginia-president-trump-vs-clinton,57,33,Not included in poll,10,25395,WashPost/SurveyMonkey,2016-08-09,2016-09-01,Registered Voters,698,Internet,Nonpartisan,None,NA,NA
2016-west-virginia-president-trump-vs-clinton,49,31,14,6,25325,R.L. Repass & Partners/MetroNews,2016-08-09,2016-08-28,Likely Voters,435,Mixed,Nonpartisan,None,NA,NA
2016-west-virginia-president-trump-vs-clinton,57,30,Not included in poll,13,24437,PPP (D),2016-04-29,2016-05-01,Likely Voters,1201,IVR/Online,Pollster,Dem,NA,NA
2016-west-virginia-president-trump-vs-clinton,53,30,Not included in poll,17,22627,Orion,2015-08-24,2015-08-25,Likely Voters,406,Live Phone,Nonpartisan,None,NA,NA
2016-nebraska-president-trump-vs-clinton,52,35,Not included in poll,3,26807,SurveyMonkey,2016-11-01,2016-11-07,Likely Voters,988,Internet,Nonpartisan,None,NA,NA
2016-nebraska-president-trump-vs-clinton,56,38,Not included in poll,,26793,UPI/CVOTER,2016-10-30,2016-11-06,Likely Voters,340,Internet,Nonpartisan,None,NA,NA
2016-nebraska-president-trump-vs-clinton,53,32,Not included in poll,15,26806,Ipsos/Reuters,2016-10-17,2016-11-06,Likely Voters,350,Internet,Nonpartisan,None,NA,NA
2016-nebraska-president-trump-vs-clinton,52,32,Not included in poll,2,26596,SurveyMonkey,2016-10-25,2016-10-31,Likely Voters,412,Internet,Nonpartisan,None,NA,NA
2016-nebraska-president-trump-vs-clinton,58,38,Not included in poll,,26592,UPI/CVOTER,2016-10-23,2016-10-29,Likely Voters,334,Internet,Nonpartisan,None,NA,NA
2016-nebraska-president-trump-vs-clinton,52,33,Not included in poll,2,26441,SurveyMonkey,2016-10-18,2016-10-24,Likely Voters,461,Internet,Nonpartisan,None,NA,NA
2016-nebraska-president-trump-vs-clinton,49,33,Not included in poll,18,26344,Ipsos/Reuters,2016-09-23,2016-10-13,Likely Voters,386,Internet,Nonpartisan,None,NA,NA
2016-nebraska-president-trump-vs-clinton,48,32,Not included in poll,20,26119,Ipsos/Reuters,2016-09-16,2016-10-06,Likely Voters,356,Internet,Nonpartisan,None,NA,NA
2016-nebraska-president-trump-vs-clinton,51,32,Not included in poll,17,25559,Ipsos/Reuters,2016-08-26,2016-09-15,Likely Voters,267,Internet,Nonpartisan,None,NA,NA
2016-nebraska-president-trump-vs-clinton,49,38,Not included in poll,13,25377,WashPost/SurveyMonkey,2016-08-09,2016-09-01,Registered Voters,983,Internet,Nonpartisan,None,NA,NA
2016-montana-president-trump-vs-clinton,52,30,Not included in poll,4,26807,SurveyMonkey,2016-11-01,2016-11-07,Likely Voters,449,Internet,Nonpartisan,None,NA,NA
2016-montana-president-trump-vs-clinton,54,41,Not included in poll,,26793,UPI/CVOTER,2016-10-30,2016-11-06,Likely Voters,339,Internet,Nonpartisan,None,NA,NA
2016-montana-president-trump-vs-clinton,49,36,Not included in poll,2,26596,SurveyMonkey,2016-10-25,2016-10-31,Likely Voters,405,Internet,Nonpartisan,None,NA,NA
2016-montana-president-trump-vs-clinton,55,41,Not included in poll,,26592,UPI/CVOTER,2016-10-23,2016-10-29,Likely Voters,340,Internet,Nonpartisan,None,NA,NA
2016-montana-president-trump-vs-clinton,52,35,Not included in poll,4,26441,SurveyMonkey,2016-10-18,2016-10-24,Likely Voters,475,Internet,Nonpartisan,None,NA,NA
2016-montana-president-trump-vs-clinton,43,27,Not included in poll,20,26444,MSU-Billings,2016-10-03,2016-10-10,Adults,590,Live Phone,Nonpartisan,None,NA,NA
2016-montana-president-trump-vs-clinton,51,38,Not included in poll,12,25376,WashPost/SurveyMonkey,2016-08-09,2016-09-01,Registered Voters,999,Internet,Nonpartisan,None,NA,NA
2016-washington-president-trump-vs-clinton,33,51,13,3,26807,SurveyMonkey,2016-11-01,2016-11-07,Likely Voters,1451,Internet,Nonpartisan,None,NA,NA
2016-washington-president-trump-vs-clinton,36,51,6,7,26816,Insights West,2016-11-04,2016-11-06,Likely Voters,402,Internet,Nonpartisan,None,NA,NA
2016-washington-president-trump-vs-clinton,39,56,6,,26793,UPI/CVOTER,2016-10-30,2016-11-06,Likely Voters,328,Internet,Nonpartisan,None,NA,NA
2016-washington-president-trump-vs-clinton,38,47,Not included in poll,15,26806,Ipsos/Reuters,2016-10-17,2016-11-06,Likely Voters,863,Internet,Nonpartisan,None,NA,NA
2016-washington-president-trump-vs-clinton,38,50,9,4,26738,SurveyUSA,2016-10-31,2016-11-02,Likely Voters,681,IVR/Online,Nonpartisan,None,NA,NA
2016-washington-president-trump-vs-clinton,34,53,11,2,26596,SurveyMonkey,2016-10-25,2016-10-31,Likely Voters,745,Internet,Nonpartisan,None,NA,NA
2016-washington-president-trump-vs-clinton,43,53,4,,26592,UPI/CVOTER,2016-10-23,2016-10-29,Likely Voters,327,Internet,Nonpartisan,None,NA,NA
2016-washington-president-trump-vs-clinton,34,51,12,2,26441,SurveyMonkey,2016-10-18,2016-10-24,Likely Voters,687,Internet,Nonpartisan,None,NA,NA
2016-washington-president-trump-vs-clinton,39,53,Not included in poll,22,26512,KCTS 9/Crosscut/Washington,2016-10-06,2016-10-13,Likely Voters,750,Internet,Nonpartisan,None,NA,NA
2016-washington-president-trump-vs-clinton,37,47,Not included in poll,16,26344,Ipsos/Reuters,2016-09-23,2016-10-13,Likely Voters,905,Internet,Nonpartisan,None,NA,NA
2016-washington-president-trump-vs-clinton,33,51,Not included in poll,16,26135,Ipsos/Reuters,2016-09-16,2016-10-06,Likely Voters,504,Internet,Nonpartisan,None,NA,NA
2016-washington-president-trump-vs-clinton,33,50,10,7,25991,Strategies 360 (D- KOMO News),2016-09-29,2016-10-03,Likely Voters,500,Live Phone,Sponsor,Dem,NA,NA
2016-washington-president-trump-vs-clinton,37,47,Not included in poll,16,25574,Ipsos/Reuters,2016-08-26,2016-09-15,Likely Voters,733,Internet,Nonpartisan,None,NA,NA
2016-washington-president-trump-vs-clinton,28,38,20,14,25627,Insights West,2016-09-12,2016-09-14,Likely Voters,505,Internet,Nonpartisan,None,NA,NA
2016-washington-president-trump-vs-clinton,37,53,Not included in poll,10,25394,WashPost/SurveyMonkey,2016-08-09,2016-09-01,Registered Voters,722,Internet,Nonpartisan,None,NA,NA
2016-washington-president-trump-vs-clinton,24,43,11,22,25176,Elway,2016-08-09,2016-08-13,Registered Voters,500,Live Phone,Nonpartisan,None,NA,NA
2016-washington-president-trump-vs-clinton,37,49,Not included in poll,13,24698,PPP (D-Northwest Progressive Institute),2016-06-14,2016-06-15,Likely Voters,679,Automated Phone,Nonpartisan,None,NA,NA
2016-mississippi-president-trump-vs-clinton,50,42,Not included in poll,2,26807,SurveyMonkey,2016-11-01,2016-11-07,Likely Voters,719,Internet,Nonpartisan,None,NA,NA
2016-mississippi-president-trump-vs-clinton,54,42,Not included in poll,,26793,UPI/CVOTER,2016-10-30,2016-11-06,Likely Voters,330,Internet,Nonpartisan,None,NA,NA
2016-mississippi-president-trump-vs-clinton,53,36,Not included in poll,11,26806,Ipsos/Reuters,2016-10-17,2016-11-06,Likely Voters,388,Internet,Nonpartisan,None,NA,NA
2016-mississippi-president-trump-vs-clinton,48,41,Not included in poll,3,26596,SurveyMonkey,2016-10-25,2016-10-31,Likely Voters,648,Internet,Nonpartisan,None,NA,NA
2016-mississippi-president-trump-vs-clinton,55,42,Not included in poll,,26592,UPI/CVOTER,2016-10-23,2016-10-29,Likely Voters,313,Internet,Nonpartisan,None,NA,NA
2016-mississippi-president-trump-vs-clinton,50,42,Not included in poll,2,26441,SurveyMonkey,2016-10-18,2016-10-24,Likely Voters,704,Internet,Nonpartisan,None,NA,NA
2016-mississippi-president-trump-vs-clinton,49,41,Not included in poll,10,26344,Ipsos/Reuters,2016-09-23,2016-10-13,Likely Voters,404,Internet,Nonpartisan,None,NA,NA
2016-mississippi-president-trump-vs-clinton,51,40,Not included in poll,9,26117,Ipsos/Reuters,2016-09-16,2016-10-06,Likely Voters,405,Internet,Nonpartisan,None,NA,NA
2016-mississippi-president-trump-vs-clinton,51,37,Not included in poll,12,25557,Ipsos/Reuters,2016-08-26,2016-09-15,Likely Voters,348,Internet,Nonpartisan,None,NA,NA
2016-mississippi-president-trump-vs-clinton,48,46,Not included in poll,6,25374,WashPost/SurveyMonkey,2016-08-09,2016-09-01,Registered Voters,823,Internet,Nonpartisan,None,NA,NA
2016-mississippi-president-trump-vs-clinton,46,43,Not included in poll,11,24213,Mason-Dixon,2016-03-28,2016-03-30,Registered Voters,625,Live Phone,Nonpartisan,None,NA,NA
2016-vermont-president-trump-vs-clinton,25,61,12,2,26807,SurveyMonkey,2016-11-01,2016-11-07,Likely Voters,454,Internet,Nonpartisan,None,NA,NA
2016-vermont-president-trump-vs-clinton,33,62,Not included in poll,5,26793,UPI/CVOTER,2016-10-30,2016-11-06,Likely Voters,305,Internet,Nonpartisan,None,NA,NA
2016-vermont-president-trump-vs-clinton,25,53,18,4,26596,SurveyMonkey,2016-10-25,2016-10-31,Likely Voters,436,Internet,Nonpartisan,None,NA,NA
2016-vermont-president-trump-vs-clinton,34,63,Not included in poll,4,26592,UPI/CVOTER,2016-10-23,2016-10-29,Likely Voters,304,Internet,Nonpartisan,None,NA,NA
2016-vermont-president-trump-vs-clinton,23,54,20,3,26441,SurveyMonkey,2016-10-18,2016-10-24,Likely Voters,446,Internet,Nonpartisan,None,NA,NA
2016-vermont-president-trump-vs-clinton,17,45,24,14,26269,Castleton University/VPR,2016-09-29,2016-10-14,Likely Voters,579,Live Phone,Nonpartisan,None,NA,NA
2016-vermont-president-trump-vs-clinton,28,56,Not included in poll,16,25393,WashPost/SurveyMonkey,2016-08-09,2016-09-01,Registered Voters,550,Internet,Nonpartisan,None,NA,NA
2016-vermont-president-trump-vs-clinton,17,39,31,13,24982,Castleton University/VPR,2016-07-11,2016-07-23,Likely Voters,637,Live Phone,Nonpartisan,None,NA,NA
2016-massachusetts-president-trump-vs-clinton,30,56,4,4,26807,SurveyMonkey,2016-11-01,2016-11-07,Likely Voters,1378,Internet,Nonpartisan,None,6,NA
2016-massachusetts-president-trump-vs-clinton,37,59,4,,26793,UPI/CVOTER,2016-10-30,2016-11-06,Likely Voters,330,Internet,Nonpartisan,None,NA,NA
2016-massachusetts-president-trump-vs-clinton,36,53,Not included in poll,11,26806,Ipsos/Reuters,2016-10-17,2016-11-06,Likely Voters,512,Internet,Nonpartisan,None,NA,NA
2016-massachusetts-president-trump-vs-clinton,26,56,3,7,26699,WNEU,2016-10-23,2016-11-02,Likely Voters,417,Live Phone,Nonpartisan,None,8,NA
2016-massachusetts-president-trump-vs-clinton,29,58,4,2,26596,SurveyMonkey,2016-10-25,2016-10-31,Likely Voters,796,Internet,Nonpartisan,None,7,NA
2016-massachusetts-president-trump-vs-clinton,39,58,3,,26592,UPI/CVOTER,2016-10-23,2016-10-29,Likely Voters,325,Internet,Nonpartisan,None,NA,NA
2016-massachusetts-president-trump-vs-clinton,25,57,3,12,26505,Suffolk/Boston Globe,2016-10-24,2016-10-26,Likely Voters,500,Live Phone,Nonpartisan,None,4,NA
2016-massachusetts-president-trump-vs-clinton,28,61,3,2,26441,SurveyMonkey,2016-10-18,2016-10-24,Likely Voters,675,Internet,Nonpartisan,None,6,NA
2016-massachusetts-president-trump-vs-clinton,28,54,5,6,26223,MassINC/WBUR,2016-10-13,2016-10-16,Likely Voters,502,Live Phone,Nonpartisan,None,7,NA
2016-massachusetts-president-trump-vs-clinton,30,49,Not included in poll,21,26114,Ipsos/Reuters,2016-09-16,2016-10-06,Likely Voters,904,Internet,Nonpartisan,None,NA,NA
2016-massachusetts-president-trump-vs-clinton,26,58,4,5,25988,WNEU,2016-09-24,2016-10-03,Likely Voters,403,Live Phone,Nonpartisan,None,7,NA
2016-massachusetts-president-trump-vs-clinton,34,47,6,5,25722,UMass Amherst/WBZ-TV/YouGov,2016-09-15,2016-09-20,Likely Voters,700,Internet,Nonpartisan,None,9,NA
2016-massachusetts-president-trump-vs-clinton,31,53,Not included in poll,16,25554,Ipsos/Reuters,2016-08-26,2016-09-15,Likely Voters,691,Internet,Nonpartisan,None,NA,NA
2016-massachusetts-president-trump-vs-clinton,28,54,7,3,25478,MassINC/WBUR,2016-09-07,2016-09-10,Likely Voters,506,Live Phone,Nonpartisan,None,9,NA
2016-massachusetts-president-trump-vs-clinton,33,56,Not included in poll,12,25372,WashPost/SurveyMonkey,2016-08-09,2016-09-01,Registered Voters,1167,Internet,Nonpartisan,None,NA,NA
2016-massachusetts-president-trump-vs-clinton,31,55,Not included in poll,14,24461,Suffolk/Boston Globe,2016-05-02,2016-05-05,Likely Voters,500,Live Phone,Nonpartisan,None,NA,NA
2016-massachusetts-president-trump-vs-clinton,26,62,Not included in poll,12,24252,WNEU,2016-04-01,2016-04-10,Registered Voters,497,Live Phone,Nonpartisan,None,NA,NA
2016-tennessee-president-trump-vs-clinton,49,41,8,2,26807,SurveyMonkey,2016-11-01,2016-11-07,Likely Voters,1433,Internet,Nonpartisan,None,NA,NA
2016-tennessee-president-trump-vs-clinton,55,39,6,,26793,UPI/CVOTER,2016-10-30,2016-11-06,Likely Voters,339,Internet,Nonpartisan,None,NA,NA
2016-tennessee-president-trump-vs-clinton,50,36,Not included in poll,14,26806,Ipsos/Reuters,2016-10-17,2016-11-06,Likely Voters,823,Internet,Nonpartisan,None,NA,NA
2016-tennessee-president-trump-vs-clinton,51,38,8,2,26596,SurveyMonkey,2016-10-25,2016-10-31,Likely Voters,550,Internet,Nonpartisan,None,NA,NA
2016-tennessee-president-trump-vs-clinton,57,38,5,,26592,UPI/CVOTER,2016-10-23,2016-10-29,Likely Voters,339,Internet,Nonpartisan,None,NA,NA
2016-tennessee-president-trump-vs-clinton,49,38,9,4,26441,SurveyMonkey,2016-10-18,2016-10-24,Likely Voters,572,Internet,Nonpartisan,None,NA,NA
2016-tennessee-president-trump-vs-clinton,44,34,14,8,26285,ICITIZEN,2016-10-14,2016-10-17,Registered Voters,508,Internet,Nonpartisan,None,NA,NA
2016-tennessee-president-trump-vs-clinton,47,35,Not included in poll,18,26344,Ipsos/Reuters,2016-09-23,2016-10-13,Likely Voters,799,Internet,Nonpartisan,None,NA,NA
2016-tennessee-president-trump-vs-clinton,49,34,Not included in poll,17,26131,Ipsos/Reuters,2016-09-16,2016-10-06,Likely Voters,800,Internet,Nonpartisan,None,NA,NA
2016-tennessee-president-trump-vs-clinton,48,36,7,10,25977,MTSU,2016-09-28,2016-10-02,Likely Voters,472,Live Phone,Nonpartisan,None,NA,NA
2016-tennessee-president-trump-vs-clinton,44,33,9,14,25987,Vanderbit/PSRA,2016-09-19,2016-10-02,Registered Voters,1000,Live Phone,Nonpartisan,None,NA,NA
2016-tennessee-president-trump-vs-clinton,50,26,Not included in poll,24,25570,Ipsos/Reuters,2016-08-26,2016-09-15,Likely Voters,578,Internet,Nonpartisan,None,NA,NA
2016-tennessee-president-trump-vs-clinton,55,37,Not included in poll,8,25391,WashPost/SurveyMonkey,2016-08-09,2016-09-01,Registered Voters,1021,Internet,Nonpartisan,None,NA,NA
2016-tennessee-president-trump-vs-clinton,49,33,Not included in poll,18,25047,ICITIZEN,2016-07-25,2016-07-27,Registered Voters,531,Internet,Nonpartisan,None,NA,NA
2016-tennessee-president-trump-vs-clinton,44,35,2,18,24520,Vanderbit/PSRA,2016-04-25,2016-05-11,Registered Voters,1001,Live Phone,Nonpartisan,None,NA,NA
2016-louisiana-president-trump-vs-clinton,52,38,6,4,26807,SurveyMonkey,2016-11-01,2016-11-07,Likely Voters,982,Internet,Nonpartisan,None,NA,NA
2016-louisiana-president-trump-vs-clinton,55,40,5,,26793,UPI/CVOTER,2016-10-30,2016-11-06,Likely Voters,329,Internet,Nonpartisan,None,NA,NA
2016-louisiana-president-trump-vs-clinton,52,36,Not included in poll,12,26806,Ipsos/Reuters,2016-10-17,2016-11-06,Likely Voters,633,Internet,Nonpartisan,None,NA,NA
2016-louisiana-president-trump-vs-clinton,51,38,7,4,26596,SurveyMonkey,2016-10-25,2016-10-31,Likely Voters,423,Internet,Nonpartisan,None,NA,NA
2016-louisiana-president-trump-vs-clinton,56,40,4,,26592,UPI/CVOTER,2016-10-23,2016-10-29,Likely Voters,316,Internet,Nonpartisan,None,NA,NA
2016-louisiana-president-trump-vs-clinton,53,38,7,1,26441,SurveyMonkey,2016-10-18,2016-10-24,Likely Voters,388,Internet,Nonpartisan,None,NA,NA
2016-louisiana-president-trump-vs-clinton,50,35,7,8,26486,Southern Media/Opinion Research,2016-10-19,2016-10-21,Likely Voters,500,Live Phone,Nonpartisan,None,NA,NA
2016-louisiana-president-trump-vs-clinton,43,40,10,7,26616,Lucid/The Times-Picayune,2016-10-15,2016-10-21,Likely Voters,614,Internet,Nonpartisan,None,NA,NA
2016-louisiana-president-trump-vs-clinton,49,35,10,6,26522,University of New Orleans,2016-10-15,2016-10-21,Likely Voters,603,Live Phone,Nonpartisan,None,NA,NA
2016-louisiana-president-trump-vs-clinton,54,34,3,9,26371,Mason-Dixon/FOX 8/Raycom,2016-10-17,2016-10-19,Likely Voters,625,Live Phone,Nonpartisan,None,NA,NA
2016-louisiana-president-trump-vs-clinton,45,38,5,12,26208,JMC Analytics (R-Fleming),2016-10-11,2016-10-15,Likely Voters,800,IVR/Live Phone,Sponsor,Rep,NA,NA
2016-louisiana-president-trump-vs-clinton,49,36,Not included in poll,15,26344,Ipsos/Reuters,2016-09-23,2016-10-13,Likely Voters,644,Internet,Nonpartisan,None,NA,NA
2016-louisiana-president-trump-vs-clinton,51,36,Not included in poll,13,26111,Ipsos/Reuters,2016-09-16,2016-10-06,Likely Voters,631,Internet,Nonpartisan,None,NA,NA
2016-louisiana-president-trump-vs-clinton,45,35,8,13,25682,JMC Analytics (R),2016-09-22,2016-09-24,Likely Voters,905,IVR/Live Phone,Pollster,Rep,NA,NA
2016-louisiana-president-trump-vs-clinton,49,33,8,11,25605,Southern Media/Opinion Research,2016-09-15,2016-09-17,Likely Voters,500,Live Phone,Nonpartisan,None,NA,NA
2016-louisiana-president-trump-vs-clinton,54,34,Not included in poll,12,25551,Ipsos/Reuters,2016-08-26,2016-09-15,Likely Voters,511,Internet,Nonpartisan,None,NA,NA
2016-louisiana-president-trump-vs-clinton,46,40,8,6,25438,Anzalone (D-Democrats For Education Reform),2016-08-29,2016-09-01,Likely Voters,605,Live Phone,Sponsor,Dem,NA,NA
2016-louisiana-president-trump-vs-clinton,53,38,Not included in poll,8,25369,WashPost/SurveyMonkey,2016-08-09,2016-09-01,Registered Voters,871,Internet,Nonpartisan,None,NA,NA
2016-louisiana-president-trump-vs-clinton,52,36,4,8,24470,JMC Analytics (R),2016-05-05,2016-05-06,Likely Voters,624,Automated Phone,Pollster,Rep,NA,NA
2016-louisiana-president-trump-vs-clinton,47,39,Not included in poll,,22846,Clarus/WWL-TV/The Advocate,2015-09-20,2015-09-23,Likely Voters,800,Live Phone,Nonpartisan,None,NA,NA
2016-south-dakota-president-trump-vs-clinton,53,32,Not included in poll,4,26807,SurveyMonkey,2016-11-01,2016-11-07,Likely Voters,459,Internet,Nonpartisan,None,NA,NA
2016-south-dakota-president-trump-vs-clinton,55,40,Not included in poll,,26793,UPI/CVOTER,2016-10-30,2016-11-06,Likely Voters,312,Internet,Nonpartisan,None,NA,NA
2016-south-dakota-president-trump-vs-clinton,53,27,Not included in poll,4,26596,SurveyMonkey,2016-10-25,2016-10-31,Likely Voters,298,Internet,Nonpartisan,None,NA,NA
2016-south-dakota-president-trump-vs-clinton,56,40,Not included in poll,,26592,UPI/CVOTER,2016-10-23,2016-10-29,Likely Voters,311,Internet,Nonpartisan,None,NA,NA
2016-south-dakota-president-trump-vs-clinton,52,32,Not included in poll,5,26441,SurveyMonkey,2016-10-18,2016-10-24,Likely Voters,377,Internet,Nonpartisan,None,NA,NA
2016-south-dakota-president-trump-vs-clinton,44,37,Not included in poll,12,26434,Mason-Dixon,2016-10-18,2016-10-20,Likely Voters,400,Live Phone,Nonpartisan,None,NA,NA
2016-south-dakota-president-trump-vs-clinton,51,37,Not included in poll,11,25390,WashPost/SurveyMonkey,2016-08-09,2016-09-01,Registered Voters,809,Internet,Nonpartisan,None,NA,NA
2016-rhode-island-president-trump-vs-clinton,36,48,Not included in poll,3,26807,SurveyMonkey,2016-11-01,2016-11-07,Likely Voters,415,Internet,Nonpartisan,None,NA,NA
2016-rhode-island-president-trump-vs-clinton,37,59,Not included in poll,,26793,UPI/CVOTER,2016-10-30,2016-11-06,Likely Voters,310,Internet,Nonpartisan,None,NA,NA
2016-rhode-island-president-trump-vs-clinton,36,49,Not included in poll,1,26596,SurveyMonkey,2016-10-25,2016-10-31,Likely Voters,419,Internet,Nonpartisan,None,NA,NA
2016-rhode-island-president-trump-vs-clinton,40,57,Not included in poll,,26592,UPI/CVOTER,2016-10-23,2016-10-29,Likely Voters,308,Internet,Nonpartisan,None,NA,NA
2016-rhode-island-president-trump-vs-clinton,37,49,Not included in poll,3,26441,SurveyMonkey,2016-10-18,2016-10-24,Likely Voters,488,Internet,Nonpartisan,None,NA,NA
2016-rhode-island-president-trump-vs-clinton,40,50,Not included in poll,11,25388,WashPost/SurveyMonkey,2016-08-09,2016-09-01,Registered Voters,625,Internet,Nonpartisan,None,NA,NA
2016-kentucky-president-trump-vs-clinton,54,35,Not included in poll,2,26807,SurveyMonkey,2016-11-01,2016-11-07,Likely Voters,1315,Internet,Nonpartisan,None,NA,NA
2016-kentucky-president-trump-vs-clinton,60,36,Not included in poll,,26793,UPI/CVOTER,2016-10-30,2016-11-06,Likely Voters,328,Internet,Nonpartisan,None,NA,NA
2016-kentucky-president-trump-vs-clinton,58,38,Not included in poll,4,26806,Ipsos/Reuters,2016-10-17,2016-11-06,Likely Voters,651,Internet,Nonpartisan,None,NA,NA
2016-kentucky-president-trump-vs-clinton,58,31,Not included in poll,1,26596,SurveyMonkey,2016-10-25,2016-10-31,Likely Voters,424,Internet,Nonpartisan,None,NA,NA
2016-kentucky-president-trump-vs-clinton,59,37,Not included in poll,,26592,UPI/CVOTER,2016-10-23,2016-10-29,Likely Voters,324,Internet,Nonpartisan,None,NA,NA
2016-kentucky-president-trump-vs-clinton,56,32,Not included in poll,5,26594,Cygnal (RunSwitch PR),2016-10-26,2016-10-28,Likely Voters,811,Live Phone,Sponsor,Rep,NA,NA
2016-kentucky-president-trump-vs-clinton,60,29,Not included in poll,1,26441,SurveyMonkey,2016-10-18,2016-10-24,Likely Voters,366,Internet,Nonpartisan,None,NA,NA
2016-kentucky-president-trump-vs-clinton,53,39,Not included in poll,8,26344,Ipsos/Reuters,2016-09-23,2016-10-13,Likely Voters,576,Internet,Nonpartisan,None,NA,NA
2016-kentucky-president-trump-vs-clinton,57,37,Not included in poll,6,26110,Ipsos/Reuters,2016-09-16,2016-10-06,Likely Voters,627,Internet,Nonpartisan,None,NA,NA
2016-kentucky-president-trump-vs-clinton,54,35,Not included in poll,11,25550,Ipsos/Reuters,2016-08-26,2016-09-15,Likely Voters,716,Internet,Nonpartisan,None,NA,NA
2016-kentucky-president-trump-vs-clinton,57,34,Not included in poll,9,25368,WashPost/SurveyMonkey,2016-08-09,2016-09-01,Registered Voters,732,Internet,Nonpartisan,None,NA,NA
2016-kentucky-president-trump-vs-clinton,42,45,Not included in poll,13,22299,PPP (D),2015-06-18,2015-06-21,Likely Voters,1108,IVR/Online,Pollster,Dem,NA,NA
2016-oregon-president-trump-vs-clinton,35,50,5,2,26807,SurveyMonkey,2016-11-01,2016-11-07,Likely Voters,1595,Internet,Nonpartisan,None,7,NA
2016-oregon-president-trump-vs-clinton,43,51,6,,26793,UPI/CVOTER,2016-10-30,2016-11-06,Likely Voters,319,Internet,Nonpartisan,None,NA,NA
2016-oregon-president-trump-vs-clinton,37,47,Not included in poll,16,26806,Ipsos/Reuters,2016-10-17,2016-11-06,Likely Voters,636,Internet,Nonpartisan,None,NA,NA
2016-oregon-president-trump-vs-clinton,36,51,4,2,26596,SurveyMonkey,2016-10-25,2016-10-31,Likely Voters,743,Internet,Nonpartisan,None,7,NA
2016-oregon-president-trump-vs-clinton,34,41,10,11,26634,DHM Research/Fox 12,2016-10-25,2016-10-29,Likely Voters,504,Live Phone,Nonpartisan,None,4,NA
2016-oregon-president-trump-vs-clinton,43,50,6,,26592,UPI/CVOTER,2016-10-23,2016-10-29,Likely Voters,313,Internet,Nonpartisan,None,NA,NA
2016-oregon-president-trump-vs-clinton,32,51,5,3,26441,SurveyMonkey,2016-10-18,2016-10-24,Likely Voters,576,Internet,Nonpartisan,None,9,NA
2016-oregon-president-trump-vs-clinton,36,46,9,4,26273,Riley Research/KGW/The Oregonian,2016-10-04,2016-10-14,Likely Voters,608,Live Phone,Nonpartisan,None,5,NA
2016-oregon-president-trump-vs-clinton,36,43,8,7,26258,DHM Research/Oregon Public Broadcasting,2016-10-06,2016-10-13,Likely Voters,600,Live Phone,Nonpartisan,None,7,NA
2016-oregon-president-trump-vs-clinton,37,47,Not included in poll,16,26344,Ipsos/Reuters,2016-09-23,2016-10-13,Likely Voters,616,Internet,Nonpartisan,None,NA,NA
2016-oregon-president-trump-vs-clinton,38,48,4,5,26170,SurveyUSA/KATU-TV,2016-10-10,2016-10-12,Likely Voters,654,IVR/Online,Nonpartisan,None,6,NA
2016-oregon-president-trump-vs-clinton,36,51,Not included in poll,13,26128,Ipsos/Reuters,2016-09-16,2016-10-06,Likely Voters,626,Internet,Nonpartisan,None,NA,NA
2016-oregon-president-trump-vs-clinton,39,47,2,8,26009,Gravis Marketing/Breitbart,2016-10-04,2016-10-04,Registered Voters,1248,IVR/Online,Nonpartisan,None,4,NA
2016-oregon-president-trump-vs-clinton,33,45,3,11,25954,Hoffman Research (R),2016-09-29,2016-10-01,Likely Voters,605,Live Phone,Pollster,Rep,8,NA
2016-oregon-president-trump-vs-clinton,41,44,Not included in poll,15,25567,Ipsos/Reuters,2016-08-26,2016-09-15,Likely Voters,687,Internet,Nonpartisan,None,NA,NA
2016-oregon-president-trump-vs-clinton,28,43,10,8,25469,ICITIZEN,2016-09-02,2016-09-07,Registered Voters,610,Internet,Nonpartisan,None,11,NA
2016-oregon-president-trump-vs-clinton,25,38,11,17,25426,DHM,2016-09-01,2016-09-06,Registered Voters,517,Live Phone,Nonpartisan,None,10,NA
2016-oregon-president-trump-vs-clinton,36,55,Not included in poll,9,25386,WashPost/SurveyMonkey,2016-08-09,2016-09-01,Registered Voters,877,Internet,Nonpartisan,None,NA,NA
2016-oregon-president-trump-vs-clinton,40,43,3,8,24981,Clout Research (R),2016-07-09,2016-07-13,Likely Voters,701,Live Phone,Pollster,Rep,6,NA
2016-oregon-president-trump-vs-clinton,32,46,Not included in poll,22,24858,ICITIZEN,2016-06-23,2016-06-27,Registered Voters,555,Internet,Nonpartisan,None,NA,NA
2016-oregon-president-trump-vs-clinton,44,42,Not included in poll,13,24571,Clout Research (R),2016-05-10,2016-05-13,Likely Voters,657,Live Phone,Pollster,Rep,NA,NA
2016-oregon-president-trump-vs-clinton,32,43,11,15,24481,DHM Research/Oregon Public Broadcasting/Fox 12,2016-05-06,2016-05-09,Likely Voters,901,Live Phone,Nonpartisan,None,NA,NA
2016-oklahoma-president-trump-vs-clinton,57,32,10,2,26807,SurveyMonkey,2016-11-01,2016-11-07,Likely Voters,1271,Internet,Nonpartisan,None,NA,NA
2016-oklahoma-president-trump-vs-clinton,63,34,4,,26793,UPI/CVOTER,2016-10-30,2016-11-06,Likely Voters,323,Internet,Nonpartisan,None,NA,NA
2016-oklahoma-president-trump-vs-clinton,61,30,Not included in poll,9,26806,Ipsos/Reuters,2016-10-17,2016-11-06,Likely Voters,664,Internet,Nonpartisan,None,NA,NA
2016-oklahoma-president-trump-vs-clinton,54,31,12,2,26596,SurveyMonkey,2016-10-25,2016-10-31,Likely Voters,472,Internet,Nonpartisan,None,NA,NA
2016-oklahoma-president-trump-vs-clinton,63,33,4,,26592,UPI/CVOTER,2016-10-23,2016-10-29,Likely Voters,321,Internet,Nonpartisan,None,NA,NA
2016-oklahoma-president-trump-vs-clinton,56,32,10,2,26441,SurveyMonkey,2016-10-18,2016-10-24,Likely Voters,493,Internet,Nonpartisan,None,NA,NA
2016-oklahoma-president-trump-vs-clinton,60,30,5,6,26382,SoonerPoll.com,2016-10-18,2016-10-20,Likely Voters,530,Live Phone/Online,Nonpartisan,None,NA,NA
2016-oklahoma-president-trump-vs-clinton,51,36,Not included in poll,13,26344,Ipsos/Reuters,2016-09-23,2016-10-13,Likely Voters,647,Internet,Nonpartisan,None,NA,NA
2016-oklahoma-president-trump-vs-clinton,53,33,Not included in poll,14,26127,Ipsos/Reuters,2016-09-16,2016-10-06,Likely Voters,638,Internet,Nonpartisan,None,NA,NA
2016-oklahoma-president-trump-vs-clinton,51,36,6,8,25520,SoonerPoll.com,2016-09-13,2016-09-15,Likely Voters,515,Live Phone/Online,Nonpartisan,None,NA,NA
2016-oklahoma-president-trump-vs-clinton,53,32,Not included in poll,15,25566,Ipsos/Reuters,2016-08-26,2016-09-15,Likely Voters,498,Internet,Nonpartisan,None,NA,NA
2016-oklahoma-president-trump-vs-clinton,57,33,Not included in poll,10,25385,WashPost/SurveyMonkey,2016-08-09,2016-09-01,Registered Voters,1041,Internet,Nonpartisan,None,NA,NA
2016-oklahoma-president-trump-vs-clinton,53,29,7,11,25038,SoonerPoll.com,2016-07-20,2016-07-25,Likely Voters,398,Live Phone,Nonpartisan,None,NA,NA
2016-north-dakota-president-trump-vs-clinton,57,29,Not included in poll,2,26807,SurveyMonkey,2016-11-01,2016-11-07,Likely Voters,313,Internet,Nonpartisan,None,NA,NA
2016-north-dakota-president-trump-vs-clinton,55,39,Not included in poll,,26793,UPI/CVOTER,2016-10-30,2016-11-06,Likely Voters,307,Internet,Nonpartisan,None,NA,NA
2016-north-dakota-president-trump-vs-clinton,53,31,Not included in poll,2,26596,SurveyMonkey,2016-10-25,2016-10-31,Likely Voters,279,Internet,Nonpartisan,None,NA,NA
2016-north-dakota-president-trump-vs-clinton,57,37,Not included in poll,,26592,UPI/CVOTER,2016-10-23,2016-10-29,Likely Voters,306,Internet,Nonpartisan,None,NA,NA
2016-north-dakota-president-trump-vs-clinton,49,31,Not included in poll,5,26441,SurveyMonkey,2016-10-18,2016-10-24,Likely Voters,339,Internet,Nonpartisan,None,NA,NA
2016-north-dakota-president-trump-vs-clinton,43,32,Not included in poll,16,25590,DFM Research (D),2016-09-12,2016-09-17,Likely Voters,400,Live Phone,Pollster,Dem,NA,NA
2016-north-dakota-president-trump-vs-clinton,60,32,Not included in poll,8,25384,WashPost/SurveyMonkey,2016-08-09,2016-09-01,Registered Voters,549,Internet,Nonpartisan,None,NA,NA
2016-new-mexico-president-trump-vs-clinton,38,40,4,2,26807,SurveyMonkey,2016-11-01,2016-11-07,Likely Voters,749,Internet,Nonpartisan,None,16,NA
2016-new-mexico-president-trump-vs-clinton,38,47,15,,26793,UPI/CVOTER,2016-10-30,2016-11-06,Likely Voters,330,Internet,Nonpartisan,None,NA,NA
2016-new-mexico-president-trump-vs-clinton,38,41,Not included in poll,21,26806,Ipsos/Reuters,2016-10-17,2016-11-06,Likely Voters,275,Internet,Nonpartisan,None,NA,NA
2016-new-mexico-president-trump-vs-clinton,40,45,3,2,26798,Albuquerque Journal/Research & Polling,2016-11-01,2016-11-03,Likely Voters,504,Live Phone,Nonpartisan,None,11,NA
2016-new-mexico-president-trump-vs-clinton,43,46,3,1,26714,ZiaPoll,2016-11-01,2016-11-02,Likely Voters,1102,Mixed,Nonpartisan,None,7,NA
2016-new-mexico-president-trump-vs-clinton,31,39,2,7,26642,Lucid/The Times-Picayune,2016-10-28,2016-11-01,Likely Voters,567,Internet,Nonpartisan,None,22,NA
2016-new-mexico-president-trump-vs-clinton,34,44,3,2,26596,SurveyMonkey,2016-10-25,2016-10-31,Likely Voters,987,Internet,Nonpartisan,None,17,NA
2016-new-mexico-president-trump-vs-clinton,44,50,5,,26592,UPI/CVOTER,2016-10-23,2016-10-29,Likely Voters,322,Internet,Nonpartisan,None,NA,NA
2016-new-mexico-president-trump-vs-clinton,34,41,2,2,26441,SurveyMonkey,2016-10-18,2016-10-24,Likely Voters,1095,Internet,Nonpartisan,None,21,NA
2016-new-mexico-president-trump-vs-clinton,39,50,Not included in poll,10,26241,WashPost/SurveyMonkey,2016-10-08,2016-10-16,Likely Voters,889,Internet,Nonpartisan,None,NA,NA
2016-new-mexico-president-trump-vs-clinton,36,44,Not included in poll,20,26344,Ipsos/Reuters,2016-09-23,2016-10-13,Likely Voters,263,Internet,Nonpartisan,None,NA,NA
2016-new-mexico-president-trump-vs-clinton,36,49,Not included in poll,15,26123,Ipsos/Reuters,2016-09-16,2016-10-06,Likely Voters,263,Internet,Nonpartisan,None,NA,NA
2016-new-mexico-president-trump-vs-clinton,33,46,4,3,25972,SurveyUSA/KOB-TV,2016-09-28,2016-10-02,Likely Voters,594,IVR/Online,Nonpartisan,None,14,NA
2016-new-mexico-president-trump-vs-clinton,34,44,14,8,25959,Albuquerque Journal/Research & Polling,2016-09-27,2016-09-29,Likely Voters,501,Live Phone,Nonpartisan,None,NA,NA
2016-new-mexico-president-trump-vs-clinton,37,51,Not included in poll,13,25381,WashPost/SurveyMonkey,2016-08-09,2016-09-01,Registered Voters,1788,Internet,Nonpartisan,None,NA,NA
2016-new-mexico-president-trump-vs-clinton,31,40,4,9,25266,PPP (D)/NM Political Report,2016-08-19,2016-08-21,Likely Voters,1103,IVR/Online,Pollster,Dem,16,NA
2016-new-mexico-president-trump-vs-clinton,33,41,Not included in poll,12,24939,PPP (D)/NM Political Report,2016-05-13,2016-05-15,Likely Voters,802,Automated Phone,Pollster,Dem,14,NA
2016-illinois-president-trump-vs-clinton,35,52,10,2,26807,SurveyMonkey,2016-11-01,2016-11-07,Likely Voters,1823,Internet,Nonpartisan,None,NA,NA
2016-illinois-president-trump-vs-clinton,40,54,6,,26793,UPI/CVOTER,2016-10-30,2016-11-06,Likely Voters,403,Internet,Nonpartisan,None,NA,NA
2016-illinois-president-trump-vs-clinton,39,51,Not included in poll,10,26806,Ipsos/Reuters,2016-10-17,2016-11-06,Likely Voters,781,Internet,Nonpartisan,None,NA,NA
2016-illinois-president-trump-vs-clinton,35,52,11,1,26596,SurveyMonkey,2016-10-25,2016-10-31,Likely Voters,1003,Internet,Nonpartisan,None,NA,NA
2016-illinois-president-trump-vs-clinton,41,56,4,,26592,UPI/CVOTER,2016-10-23,2016-10-29,Likely Voters,387,Internet,Nonpartisan,None,NA,NA
2016-illinois-president-trump-vs-clinton,37,48,6,10,26605,Loras College,2016-10-26,2016-10-27,Likely Voters,600,Live Phone,Nonpartisan,None,NA,NA
2016-illinois-president-trump-vs-clinton,34,52,12,3,26441,SurveyMonkey,2016-10-18,2016-10-24,Likely Voters,1091,Internet,Nonpartisan,None,NA,NA
2016-illinois-president-trump-vs-clinton,36,51,8,5,26394,Victory Research,2016-10-16,2016-10-18,Likely Voters,1200,Live Phone,Nonpartisan,None,NA,NA
2016-illinois-president-trump-vs-clinton,27,60,Not included in poll,13,26344,Ipsos/Reuters,2016-09-23,2016-10-13,Likely Voters,612,Internet,Nonpartisan,None,NA,NA
2016-illinois-president-trump-vs-clinton,31,57,Not included in poll,12,26106,Ipsos/Reuters,2016-09-16,2016-10-06,Likely Voters,873,Internet,Nonpartisan,None,NA,NA
2016-illinois-president-trump-vs-clinton,28,53,10,10,25955,Southern Illinois University,2016-09-27,2016-10-02,Likely Voters,865,Live Phone,Nonpartisan,None,NA,NA
2016-illinois-president-trump-vs-clinton,35,49,5,11,25826,Victory Research,2016-09-21,2016-09-24,Likely Voters,1200,Live Phone,Nonpartisan,None,NA,NA
2016-illinois-president-trump-vs-clinton,33,47,9,11,25527,Loras College,2016-09-13,2016-09-16,Likely Voters,600,Live Phone,Nonpartisan,None,NA,NA
2016-illinois-president-trump-vs-clinton,36,51,Not included in poll,13,25546,Ipsos/Reuters,2016-08-26,2016-09-15,Likely Voters,615,Internet,Nonpartisan,None,NA,NA
2016-illinois-president-trump-vs-clinton,38,53,Not included in poll,9,25364,WashPost/SurveyMonkey,2016-08-09,2016-09-01,Registered Voters,2599,Internet,Nonpartisan,None,NA,NA
2016-illinois-president-trump-vs-clinton,32,51,Not included in poll,17,25095,"Normington, Petts & Associates (D-Duckworth)",2016-08-01,2016-08-04,Likely Voters,800,Live Phone,Sponsor,Dem,NA,NA
2016-illinois-president-trump-vs-clinton,34,51,11,4,24913,Victory Research,2016-07-14,2016-07-16,Likely Voters,1200,Live Phone,Nonpartisan,None,NA,NA
2016-illinois-president-trump-vs-clinton,32,57,Not included in poll,11,24058,NBC/WSJ/Marist,2016-03-04,2016-03-10,Registered Voters,1968,Live Phone,Nonpartisan,None,NA,NA
2016-illinois-president-trump-vs-clinton,33,51,Not included in poll,16,22471,PPP (D),2015-07-20,2015-07-21,Likely Voters,931,IVR/Online,Pollster,Dem,NA,NA
2016-idaho-president-trump-vs-clinton,47,29,4,2,26807,SurveyMonkey,2016-11-01,2016-11-07,Likely Voters,612,Internet,Nonpartisan,None,6,11
2016-idaho-president-trump-vs-clinton,60,33,Not included in poll,7,26793,UPI/CVOTER,2016-10-30,2016-11-06,Likely Voters,322,Internet,Nonpartisan,None,NA,NA
2016-idaho-president-trump-vs-clinton,53,30,Not included in poll,17,26806,Ipsos/Reuters,2016-10-17,2016-11-06,Likely Voters,325,Internet,Nonpartisan,None,NA,NA
2016-idaho-president-trump-vs-clinton,49,31,2,1,26596,SurveyMonkey,2016-10-25,2016-10-31,Likely Voters,447,Internet,Nonpartisan,None,10,7
2016-idaho-president-trump-vs-clinton,61,34,Not included in poll,6,26592,UPI/CVOTER,2016-10-23,2016-10-29,Likely Voters,318,Internet,Nonpartisan,None,NA,NA
2016-idaho-president-trump-vs-clinton,48,29,2,8,26516,Rasmussen/Heat Street,2016-10-23,2016-10-24,Likely Voters,750,IVR/Online,Nonpartisan,None,6,10
2016-idaho-president-trump-vs-clinton,50,29,2,4,26441,SurveyMonkey,2016-10-18,2016-10-24,Likely Voters,438,Internet,Nonpartisan,None,15,NA
2016-idaho-president-trump-vs-clinton,54,31,Not included in poll,15,26344,Ipsos/Reuters,2016-09-23,2016-10-13,Likely Voters,323,Internet,Nonpartisan,None,NA,NA
2016-idaho-president-trump-vs-clinton,55,31,Not included in poll,14,26105,Ipsos/Reuters,2016-09-16,2016-10-06,Likely Voters,320,Internet,Nonpartisan,None,NA,NA
2016-idaho-president-trump-vs-clinton,56,32,Not included in poll,12,25545,Ipsos/Reuters,2016-08-26,2016-09-15,Likely Voters,261,Internet,Nonpartisan,None,NA,NA
2016-idaho-president-trump-vs-clinton,53,34,Not included in poll,13,25363,WashPost/SurveyMonkey,2016-08-09,2016-09-01,Registered Voters,716,Internet,Nonpartisan,None,NA,NA
2016-idaho-president-trump-vs-clinton,44,23,17,7,24927,Dan Jones & Associates/IdahoPoliticsWeekly.com,2016-07-05,2016-07-16,Likely Voters,601,Live Phone,Nonpartisan,None,5,NA
2016-hawaii-president-trump-vs-clinton,28,52,Not included in poll,4,26807,SurveyMonkey,2016-11-01,2016-11-07,Likely Voters,426,Internet,Nonpartisan,None,NA,NA
2016-hawaii-president-trump-vs-clinton,31,65,Not included in poll,,26793,UPI/CVOTER,2016-10-30,2016-11-06,Likely Voters,308,Internet,Nonpartisan,None,NA,NA
2016-hawaii-president-trump-vs-clinton,32,51,Not included in poll,3,26596,SurveyMonkey,2016-10-25,2016-10-31,Likely Voters,467,Internet,Nonpartisan,None,NA,NA
2016-hawaii-president-trump-vs-clinton,33,64,Not included in poll,,26592,UPI/CVOTER,2016-10-23,2016-10-29,Likely Voters,310,Internet,Nonpartisan,None,NA,NA
2016-hawaii-president-trump-vs-clinton,34,49,Not included in poll,3,26441,SurveyMonkey,2016-10-18,2016-10-24,Likely Voters,459,Internet,Nonpartisan,None,NA,NA
2016-hawaii-president-trump-vs-clinton,28,58,Not included in poll,14,25362,WashPost/SurveyMonkey,2016-08-09,2016-09-01,Registered Voters,546,Internet,Nonpartisan,None,NA,NA
2016-delaware-president-trump-vs-clinton,39,50,8,3,26807,SurveyMonkey,2016-11-01,2016-11-07,Likely Voters,367,Internet,Nonpartisan,None,NA,NA
2016-delaware-president-trump-vs-clinton,42,54,4,,26793,UPI/CVOTER,2016-10-30,2016-11-06,Likely Voters,307,Internet,Nonpartisan,None,NA,NA
2016-delaware-president-trump-vs-clinton,38,50,9,4,26596,SurveyMonkey,2016-10-25,2016-10-31,Likely Voters,458,Internet,Nonpartisan,None,NA,NA
2016-delaware-president-trump-vs-clinton,42,55,3,,26592,UPI/CVOTER,2016-10-23,2016-10-29,Likely Voters,308,Internet,Nonpartisan,None,NA,NA
2016-delaware-president-trump-vs-clinton,34,52,12,2,26441,SurveyMonkey,2016-10-18,2016-10-24,Likely Voters,528,Internet,Nonpartisan,None,NA,NA
2016-delaware-president-trump-vs-clinton,30,51,9,9,25891,University of Delaware/PSRAI,2016-09-16,2016-09-28,Likely Voters,762,Live Phone,Nonpartisan,None,NA,NA
2016-delaware-president-trump-vs-clinton,36,50,Not included in poll,14,25361,WashPost/SurveyMonkey,2016-08-09,2016-09-01,Registered Voters,637,Internet,Nonpartisan,None,NA,NA
2016-delaware-president-trump-vs-clinton,32,42,14,12,24987,Fairleigh Dickinson/Delaware News Journal,2016-07-20,2016-07-24,Registered Voters,715,Live Phone,Nonpartisan,None,NA,NA
2016-connecticut-president-trump-vs-clinton,36,52,9,3,26807,SurveyMonkey,2016-11-01,2016-11-07,Likely Voters,1387,Internet,Nonpartisan,None,NA,NA
2016-connecticut-president-trump-vs-clinton,40,55,5,,26793,UPI/CVOTER,2016-10-30,2016-11-06,Likely Voters,327,Internet,Nonpartisan,None,NA,NA
2016-connecticut-president-trump-vs-clinton,40,50,Not included in poll,10,26806,Ipsos/Reuters,2016-10-17,2016-11-06,Likely Voters,515,Internet,Nonpartisan,None,NA,NA
2016-connecticut-president-trump-vs-clinton,39,51,9,2,26596,SurveyMonkey,2016-10-25,2016-10-31,Likely Voters,554,Internet,Nonpartisan,None,NA,NA
2016-connecticut-president-trump-vs-clinton,43,54,3,,26592,UPI/CVOTER,2016-10-23,2016-10-29,Likely Voters,326,Internet,Nonpartisan,None,NA,NA
2016-connecticut-president-trump-vs-clinton,36,50,11,2,26441,SurveyMonkey,2016-10-18,2016-10-24,Likely Voters,515,Internet,Nonpartisan,None,NA,NA
2016-connecticut-president-trump-vs-clinton,36,53,Not included in poll,11,26344,Ipsos/Reuters,2016-09-23,2016-10-13,Likely Voters,741,Internet,Nonpartisan,None,NA,NA
2016-connecticut-president-trump-vs-clinton,35,53,Not included in poll,12,26102,Ipsos/Reuters,2016-09-16,2016-10-06,Likely Voters,506,Internet,Nonpartisan,None,NA,NA
2016-connecticut-president-trump-vs-clinton,37,47,Not included in poll,16,25542,Ipsos/Reuters,2016-08-26,2016-09-15,Likely Voters,674,Internet,Nonpartisan,None,NA,NA
2016-connecticut-president-trump-vs-clinton,39,51,Not included in poll,10,25360,WashPost/SurveyMonkey,2016-08-09,2016-09-01,Registered Voters,1053,Internet,Nonpartisan,None,NA,NA
2016-connecticut-president-trump-vs-clinton,38,45,3,14,24627,Quinnipiac,2016-06-01,2016-06-05,Registered Voters,1030,Live Phone,Nonpartisan,None,NA,NA
2016-connecticut-president-trump-vs-clinton,40,48,Not included in poll,12,24256,Emerson College Polling Society,2016-04-10,2016-04-11,Likely Voters,1043,Automated Phone,Nonpartisan,None,NA,NA
2016-connecticut-president-trump-vs-clinton,40,47,2,11,22907,Quinnipiac,2015-10-07,2015-10-11,Registered Voters,1735,Live Phone,Nonpartisan,None,NA,NA
2016-arkansas-president-trump-vs-clinton,56,32,9,2,26807,SurveyMonkey,2016-11-01,2016-11-07,Likely Voters,930,Internet,Nonpartisan,None,NA,NA
2016-arkansas-president-trump-vs-clinton,57,37,6,,26793,UPI/CVOTER,2016-10-30,2016-11-06,Likely Voters,323,Internet,Nonpartisan,None,NA,NA
2016-arkansas-president-trump-vs-clinton,53,38,Not included in poll,9,26806,Ipsos/Reuters,2016-10-17,2016-11-06,Likely Voters,515,Internet,Nonpartisan,None,NA,NA
2016-arkansas-president-trump-vs-clinton,52,39,7,2,26596,SurveyMonkey,2016-10-25,2016-10-31,Likely Voters,484,Internet,Nonpartisan,None,NA,NA
2016-arkansas-president-trump-vs-clinton,58,37,5,,26592,UPI/CVOTER,2016-10-23,2016-10-29,Likely Voters,324,Internet,Nonpartisan,None,NA,NA
2016-arkansas-president-trump-vs-clinton,51,31,Not included in poll,18,26670,U of Arkansas,2016-10-18,2016-10-25,Likely Voters,585,Live Phone,Nonpartisan,None,NA,NA
2016-arkansas-president-trump-vs-clinton,54,33,12,2,26441,SurveyMonkey,2016-10-18,2016-10-24,Likely Voters,498,Internet,Nonpartisan,None,NA,NA
2016-arkansas-president-trump-vs-clinton,52,36,Not included in poll,12,26344,Ipsos/Reuters,2016-09-23,2016-10-13,Likely Voters,495,Internet,Nonpartisan,None,NA,NA
2016-arkansas-president-trump-vs-clinton,53,38,Not included in poll,9,26099,Ipsos/Reuters,2016-09-16,2016-10-06,Likely Voters,475,Internet,Nonpartisan,None,NA,NA
2016-arkansas-president-trump-vs-clinton,51,41,Not included in poll,8,25539,Ipsos/Reuters,2016-08-26,2016-09-15,Likely Voters,437,Internet,Nonpartisan,None,NA,NA
2016-arkansas-president-trump-vs-clinton,54,41,Not included in poll,5,25358,WashPost/SurveyMonkey,2016-08-09,2016-09-01,Registered Voters,765,Internet,Nonpartisan,None,NA,NA
2016-arkansas-president-trump-vs-clinton,47,36,8,9,24779,Hendrix College/Talk Business,2016-06-21,2016-06-21,Registered Voters,751,Automated Phone,Nonpartisan,None,NA,NA
2016-alaska-president-trump-vs-clinton,48,31,7,3,26807,SurveyMonkey,2016-11-01,2016-11-07,Likely Voters,409,Internet,Nonpartisan,None,12,NA
2016-alaska-president-trump-vs-clinton,53,41,Not included in poll,7,26793,UPI/CVOTER,2016-10-30,2016-11-06,Likely Voters,308,Internet,Nonpartisan,None,NA,NA
2016-alaska-president-trump-vs-clinton,46,38,2,2,26596,SurveyMonkey,2016-10-25,2016-10-31,Likely Voters,300,Internet,Nonpartisan,None,13,NA
2016-alaska-president-trump-vs-clinton,55,41,Not included in poll,4,26592,UPI/CVOTER,2016-10-23,2016-10-29,Likely Voters,304,Internet,Nonpartisan,None,NA,NA
2016-alaska-president-trump-vs-clinton,43,47,3,,26551,Craciun Research (D),2016-10-21,2016-10-26,Likely Voters,400,Live Phone,Pollster,Dem,7,NA
2016-alaska-president-trump-vs-clinton,46,31,5,2,26441,SurveyMonkey,2016-10-18,2016-10-24,Likely Voters,443,Internet,Nonpartisan,None,16,NA
2016-alaska-president-trump-vs-clinton,37,34,2,18,26094,Moore (R-Murkowski),2016-10-05,2016-10-06,Likely Voters,500,Live Phone,Sponsor,Rep,10,NA
2016-alaska-president-trump-vs-clinton,46,42,Not included in poll,12,26166,Alaska Survey Research/Alaska Dispatch News,2016-09-28,2016-10-02,Registered Voters,660,Live Phone,Nonpartisan,None,NA,NA
2016-alaska-president-trump-vs-clinton,39,31,4,16,26093,Moore (R-Murkowski),2016-09-13,2016-09-15,Likely Voters,500,Live Phone,Sponsor,Rep,9,NA
2016-alaska-president-trump-vs-clinton,47,39,Not included in poll,14,25357,WashPost/SurveyMonkey,2016-08-09,2016-09-01,Registered Voters,989,Internet,Nonpartisan,None,NA,NA
2016-alaska-president-trump-vs-clinton,39,29,4,17,25407,Moore (R-Murkowski),2016-08-27,2016-08-29,Likely Voters,500,Live Phone,Sponsor,Rep,10,NA
2016-alabama-president-trump-vs-clinton,55,36,Not included in poll,2,26807,SurveyMonkey,2016-11-01,2016-11-07,Likely Voters,1131,Internet,Nonpartisan,None,NA,NA
2016-alabama-president-trump-vs-clinton,58,37,Not included in poll,5,26793,UPI/CVOTER,2016-10-30,2016-11-06,Likely Voters,341,Internet,Nonpartisan,None,NA,NA
2016-alabama-president-trump-vs-clinton,54,38,Not included in poll,8,26806,Ipsos/Reuters,2016-10-17,2016-11-06,Likely Voters,585,Internet,Nonpartisan,None,NA,NA
2016-alabama-president-trump-vs-clinton,55,35,Not included in poll,3,26596,SurveyMonkey,2016-10-25,2016-10-31,Likely Voters,485,Internet,Nonpartisan,None,NA,NA
2016-alabama-president-trump-vs-clinton,58,37,Not included in poll,5,26592,UPI/CVOTER,2016-10-23,2016-10-29,Likely Voters,349,Internet,Nonpartisan,None,NA,NA
2016-alabama-president-trump-vs-clinton,52,36,Not included in poll,2,26441,SurveyMonkey,2016-10-18,2016-10-24,Likely Voters,415,Internet,Nonpartisan,None,NA,NA
2016-alabama-president-trump-vs-clinton,57,38,Not included in poll,,26288,UPI/CVOTER,2016-10-09,2016-10-16,Likely Voters,327,Internet,Nonpartisan,None,NA,NA
2016-alabama-president-trump-vs-clinton,54,38,Not included in poll,8,26344,Ipsos/Reuters,2016-09-23,2016-10-13,Likely Voters,550,Internet,Nonpartisan,None,NA,NA
2016-alabama-president-trump-vs-clinton,57,37,Not included in poll,6,26097,Ipsos/Reuters,2016-09-16,2016-10-06,Likely Voters,580,Internet,Nonpartisan,None,NA,NA
2016-alabama-president-trump-vs-clinton,59,36,Not included in poll,,25898,UPI/CVOTER,2016-09-19,2016-10-02,Likely Voters,545,Internet,Nonpartisan,None,NA,NA
2016-alabama-president-trump-vs-clinton,53,40,Not included in poll,7,25537,Ipsos/Reuters,2016-08-26,2016-09-15,Likely Voters,628,Internet,Nonpartisan,None,NA,NA
2016-alabama-president-trump-vs-clinton,57,36,Not included in poll,7,25356,WashPost/SurveyMonkey,2016-08-09,2016-09-01,Registered Voters,958,Internet,Nonpartisan,None,NA,NA
2016-texas-president-trump-vs-clinton,46,43,2,3,26807,SurveyMonkey,2016-11-01,2016-11-07,Likely Voters,3009,Internet,Nonpartisan,None,NA,NA
2016-texas-president-trump-vs-clinton,54,40,6,,26793,UPI/CVOTER,2016-10-30,2016-11-06,Likely Voters,472,Internet,Nonpartisan,None,NA,NA
2016-texas-president-trump-vs-clinton,49,39,Not included in poll,12,26806,Ipsos/Reuters,2016-10-17,2016-11-06,Likely Voters,1213,Internet,Nonpartisan,None,NA,NA
2016-texas-president-trump-vs-clinton,49,41,8,2,26684,NBC/WSJ/Marist,2016-10-30,2016-11-01,Likely Voters,679,Live Phone,Nonpartisan,None,NA,NA
2016-texas-president-trump-vs-clinton,47,41,5,,26596,SurveyMonkey,2016-10-25,2016-10-31,Likely Voters,2051,Internet,Nonpartisan,None,NA,NA
2016-texas-president-trump-vs-clinton,52,39,2,4,26652,Dixie Strategies (R)/KTVT-CBS 11,2016-10-27,2016-10-29,Likely Voters,980,IVR/Live Phone,Pollster,Rep,NA,NA
2016-texas-president-trump-vs-clinton,55,41,5,,26592,UPI/CVOTER,2016-10-23,2016-10-29,Likely Voters,429,Internet,Nonpartisan,None,NA,NA
2016-texas-president-trump-vs-clinton,45,38,Not included in poll,10,26524,Pulse/Crosswind,2016-10-22,2016-10-24,Likely Voters,800,IVR/Online,Nonpartisan,None,NA,NA
2016-texas-president-trump-vs-clinton,47,40,6,,26441,SurveyMonkey,2016-10-18,2016-10-24,Likely Voters,2148,Internet,Nonpartisan,None,NA,NA
2016-texas-president-trump-vs-clinton,45,42,7,,26496,YouGov/University of Texas/Texas Tribune,2016-10-14,2016-10-23,Likely Voters,959,Internet,Nonpartisan,None,NA,NA
2016-texas-president-trump-vs-clinton,46,43,3,3,26381,CBS/YouGov,2016-10-20,2016-10-21,Likely Voters,1031,Internet,Nonpartisan,None,NA,NA
2016-texas-president-trump-vs-clinton,48,46,Not included in poll,5,26250,WashPost/SurveyMonkey,2016-10-08,2016-10-16,Likely Voters,1332,Internet,Nonpartisan,None,NA,NA
2016-texas-president-trump-vs-clinton,41,38,4,13,26255,University of Houston,2016-10-07,2016-10-15,Likely Voters,1000,Live Phone,Nonpartisan,None,NA,NA
2016-texas-president-trump-vs-clinton,57,32,Not included in poll,11,26344,Ipsos/Reuters,2016-09-23,2016-10-13,Likely Voters,831,Internet,Nonpartisan,None,NA,NA
2016-texas-president-trump-vs-clinton,47,43,1,5,26172,SurveyUSA/TEGNA,2016-10-10,2016-10-12,Likely Voters,638,IVR/Online,Sponsor,Other,NA,NA
2016-texas-president-trump-vs-clinton,50,34,Not included in poll,16,26132,Ipsos/Reuters,2016-09-16,2016-10-06,Likely Voters,1111,Internet,Nonpartisan,None,NA,NA
2016-texas-president-trump-vs-clinton,45,38,3,10,26653,Dixie Strategies (R)/KTVT-CBS 11,2016-09-29,2016-10-01,Likely Voters,780,IVR/Live Phone,Pollster,Rep,NA,NA
2016-texas-president-trump-vs-clinton,51,29,Not included in poll,20,25571,Ipsos/Reuters,2016-08-26,2016-09-15,Likely Voters,869,Internet,Nonpartisan,None,NA,NA
2016-texas-president-trump-vs-clinton,42,36,Not included in poll,21,25501,Texas Lyceum,2016-09-01,2016-09-11,Likely Voters,502,Live Phone,Nonpartisan,None,NA,NA
2016-texas-president-trump-vs-clinton,45,46,Not included in poll,9,25352,Washington Post/SurveyMonkey,2016-08-09,2016-09-01,Registered Voters,5147,Internet,Nonpartisan,None,NA,NA
2016-texas-president-trump-vs-clinton,44,38,2,10,25184,PPP (D),2016-08-12,2016-08-14,Likely Voters,944,IVR/Online,Pollster,Dem,NA,NA
2016-texas-president-trump-vs-clinton,46,36,9,9,25185,Dixie Strategies (R)/KTVT-CBS 11,2016-08-08,2016-08-09,Likely Voters,1018,IVR/Live Phone,Pollster,Rep,NA,NA
2016-texas-president-trump-vs-clinton,41,33,19,8,24775,YouGov/University of Texas/Texas Tribune,2016-06-10,2016-06-19,Registered Voters,1200,Internet,Nonpartisan,None,NA,NA
2016-texas-president-trump-vs-clinton,39,37,Not included in poll,25,22837,Texas Lyceum,2015-09-08,2015-09-21,Likely Voters,633,Live Phone,Nonpartisan,None,NA,NA
2016-south-carolina-president-trump-vs-clinton,47,43,8,3,26807,SurveyMonkey,2016-11-01,2016-11-07,Likely Voters,1698,Internet,Nonpartisan,None,NA,NA
2016-south-carolina-president-trump-vs-clinton,53,42,5,,26793,UPI/CVOTER,2016-10-30,2016-11-06,Likely Voters,338,Internet,Nonpartisan,None,NA,NA
2016-south-carolina-president-trump-vs-clinton,49,44,Not included in poll,7,26806,Ipsos/Reuters,2016-10-17,2016-11-06,Likely Voters,617,Internet,Nonpartisan,None,NA,NA
2016-south-carolina-president-trump-vs-clinton,45,43,8,3,26596,SurveyMonkey,2016-10-25,2016-10-31,Likely Voters,1762,Internet,Nonpartisan,None,NA,NA
2016-south-carolina-president-trump-vs-clinton,54,42,4,,26592,UPI/CVOTER,2016-10-23,2016-10-29,Likely Voters,325,Internet,Nonpartisan,None,NA,NA
2016-south-carolina-president-trump-vs-clinton,45,43,9,3,26441,SurveyMonkey,2016-10-18,2016-10-24,Likely Voters,1900,Internet,Nonpartisan,None,NA,NA
2016-south-carolina-president-trump-vs-clinton,49,46,Not included in poll,5,26344,Ipsos/Reuters,2016-09-23,2016-10-13,Likely Voters,751,Internet,Nonpartisan,None,NA,NA
2016-south-carolina-president-trump-vs-clinton,48,47,Not included in poll,5,26130,Ipsos/Reuters,2016-09-16,2016-10-06,Likely Voters,528,Internet,Nonpartisan,None,NA,NA
2016-south-carolina-president-trump-vs-clinton,42,38,9,11,25802,Winthrop University,2016-09-18,2016-09-26,Likely Voters,475,Live Phone,Nonpartisan,None,NA,NA
2016-south-carolina-president-trump-vs-clinton,51,43,Not included in poll,6,25569,Ipsos/Reuters,2016-08-26,2016-09-15,Likely Voters,703,Internet,Nonpartisan,None,NA,NA
2016-south-carolina-president-trump-vs-clinton,48,35,7,11,25476,Starboard Communications (R- SCGOP),2016-09-07,2016-09-09,Likely Voters,600,Live Phone,Pollster,Rep,NA,NA
2016-south-carolina-president-trump-vs-clinton,49,42,Not included in poll,8,25389,WashPost/SurveyMonkey,2016-08-09,2016-09-01,Registered Voters,894,Internet,Nonpartisan,None,NA,NA
2016-south-carolina-president-trump-vs-clinton,39,39,6,16,25249,Feldman (D-South Carolina Democratic Party),2016-08-18,2016-08-21,Likely Voters,600,Live Phone,Sponsor,Dem,NA,NA
2016-south-carolina-president-trump-vs-clinton,46,42,Not included in poll,12,25222,Gravis Marketing,2016-08-15,2016-08-17,Registered Voters,768,IVR/Online,Nonpartisan,None,NA,NA
2016-south-carolina-president-trump-vs-clinton,41,39,7,13,25127,PPP (D),2016-08-09,2016-08-10,Likely Voters,1290,IVR/Online,Pollster,Dem,NA,NA
2016-south-carolina-president-trump-vs-clinton,44,41,Not included in poll,15,23186,Morning Consult/Campaign for Sustainable Rx Pricing,2015-11-10,2015-11-16,Registered Voters,627,Live Phone/Online,Nonpartisan,None,NA,NA
2016-south-carolina-president-trump-vs-clinton,47,42,Not included in poll,11,23160,PPP (D),2015-11-07,2015-11-08,Likely Voters,1290,IVR/Online,Pollster,Dem,NA,NA
2016-maine-president-trump-vs-clinton,38,46,5,2,26807,SurveyMonkey,2016-11-01,2016-11-07,Likely Voters,779,Internet,Nonpartisan,None,NA,NA
2016-maine-president-trump-vs-clinton,41,54,5,,26793,UPI/CVOTER,2016-10-30,2016-11-06,Likely Voters,308,Internet,Nonpartisan,None,NA,NA
2016-maine-president-trump-vs-clinton,35,42,Not included in poll,23,26806,Ipsos/Reuters,2016-10-17,2016-11-06,Likely Voters,304,Internet,Nonpartisan,None,NA,NA
2016-maine-president-trump-vs-clinton,37,49,4,4,26596,SurveyMonkey,2016-10-25,2016-10-31,Likely Voters,432,Internet,Nonpartisan,None,NA,NA
2016-maine-president-trump-vs-clinton,43,54,3,,26592,UPI/CVOTER,2016-10-23,2016-10-29,Likely Voters,312,Internet,Nonpartisan,None,NA,NA
2016-maine-president-trump-vs-clinton,40,47,Not included in poll,13,26601,MPRC,2016-10-24,2016-10-26,Likely Voters,812,IVR/Online,Nonpartisan,None,NA,NA
2016-maine-president-trump-vs-clinton,37,48,6,3,26553,UNH/Portland Press Herald/Maine Sunday Telegram,2016-10-20,2016-10-25,Likely Voters,646,Live Phone,Nonpartisan,None,NA,NA
2016-maine-president-trump-vs-clinton,35,51,4,3,26441,SurveyMonkey,2016-10-18,2016-10-24,Likely Voters,370,Internet,Nonpartisan,None,NA,NA
2016-maine-president-trump-vs-clinton,39,49,Not included in poll,12,26350,MPRC,2016-10-14,2016-10-15,Likely Voters,890,IVR/Online,Nonpartisan,None,NA,NA
2016-maine-president-trump-vs-clinton,35,48,Not included in poll,17,26344,Ipsos/Reuters,2016-09-23,2016-10-13,Likely Voters,281,Internet,Nonpartisan,None,NA,NA
2016-maine-president-trump-vs-clinton,40,49,Not included in poll,11,26145,MPRC,2016-10-07,2016-10-09,Likely Voters,892,IVR/Online,Nonpartisan,None,NA,NA
2016-maine-president-trump-vs-clinton,33,46,Not included in poll,21,26112,Ipsos/Reuters,2016-09-16,2016-10-06,Likely Voters,303,Internet,Nonpartisan,None,NA,NA
2016-maine-president-trump-vs-clinton,37,42,15,5,25648,UNH/Portland Press Herald/Maine Sunday Telegram,2016-09-15,2016-09-21,Likely Voters,513,Live Phone,Nonpartisan,None,NA,NA
2016-maine-president-trump-vs-clinton,40,45,Not included in poll,15,25578,MPRC,2016-09-15,2016-09-17,Likely Voters,835,IVR/Online,Nonpartisan,None,NA,NA
2016-maine-president-trump-vs-clinton,40,41,Not included in poll,19,25552,Ipsos/Reuters,2016-08-26,2016-09-15,Likely Voters,275,Internet,Nonpartisan,None,NA,NA
2016-maine-president-trump-vs-clinton,39,42,5,5,25483,SurveyUSA/Boston Globe/Colby College,2016-09-04,2016-09-10,Likely Voters,779,IVR/Online,Nonpartisan,None,NA,NA
2016-maine-president-trump-vs-clinton,39,47,Not included in poll,14,25370,WashPost/SurveyMonkey,2016-08-09,2016-09-01,Registered Voters,715,Internet,Nonpartisan,None,NA,NA
2016-maine-president-trump-vs-clinton,32,42,4,13,25482,MPRC,2016-08-17,2016-08-20,Likely Voters,841,IVR/Online,Nonpartisan,None,NA,NA
2016-maine-president-trump-vs-clinton,36,46,17,,25132,Gravis Marketing,2016-08-04,2016-08-08,Registered Voters,2046,IVR/Online,Nonpartisan,None,NA,NA
2016-maine-president-trump-vs-clinton,35,42,19,4,24771,UNH/Portland Press Herald/Maine Sunday Telegram,2016-06-15,2016-06-21,Likely Voters,469,Live Phone,Nonpartisan,None,NA,NA
2016-indiana-president-trump-vs-clinton,52,35,Not included in poll,3,26807,SurveyMonkey,2016-11-01,2016-11-07,Likely Voters,1700,Internet,Nonpartisan,None,10,NA
2016-indiana-president-trump-vs-clinton,51,43,6,,26793,UPI/CVOTER,2016-10-30,2016-11-06,Likely Voters,338,Internet,Nonpartisan,None,NA,NA
2016-indiana-president-trump-vs-clinton,54,38,Not included in poll,8,26806,Ipsos/Reuters,2016-10-17,2016-11-06,Likely Voters,541,Internet,Nonpartisan,None,NA,NA
2016-indiana-president-trump-vs-clinton,49,39,Not included in poll,9,26719,Gravis Marketing,2016-10-30,2016-11-01,Registered Voters,399,Internet,Nonpartisan,None,5,NA
2016-indiana-president-trump-vs-clinton,51,37,Not included in poll,2,26596,SurveyMonkey,2016-10-25,2016-10-31,Likely Voters,674,Internet,Nonpartisan,None,10,NA
2016-indiana-president-trump-vs-clinton,50,39,2,5,26574,Monmouth University,2016-10-27,2016-10-30,Likely Voters,402,Live Phone,Nonpartisan,None,4,NA
2016-indiana-president-trump-vs-clinton,54,42,4,,26592,UPI/CVOTER,2016-10-23,2016-10-29,Likely Voters,332,Internet,Nonpartisan,None,NA,NA
2016-indiana-president-trump-vs-clinton,49,38,Not included in poll,8,26433,Gravis Marketing,2016-10-22,2016-10-24,Registered Voters,596,Internet,Nonpartisan,None,5,NA
2016-indiana-president-trump-vs-clinton,48,35,1,3,26441,SurveyMonkey,2016-10-18,2016-10-24,Likely Voters,688,Internet,Nonpartisan,None,13,NA
2016-indiana-president-trump-vs-clinton,43,37,1,11,26363,WISH-TV/Ball State,2016-10-10,2016-10-16,Likely Voters,544,Live Phone,Nonpartisan,None,9,NA
2016-indiana-president-trump-vs-clinton,45,41,1,5,26175,Monmouth University,2016-10-11,2016-10-13,Likely Voters,402,Live Phone,Nonpartisan,None,9,NA
2016-indiana-president-trump-vs-clinton,47,38,Not included in poll,15,26344,Ipsos/Reuters,2016-09-23,2016-10-13,Likely Voters,822,Internet,Nonpartisan,None,NA,NA
2016-indiana-president-trump-vs-clinton,43,37,3,7,26225,Lucid/The Times-Picayune,2016-10-07,2016-10-10,Likely Voters,1123,Internet,Nonpartisan,None,10,NA
2016-indiana-president-trump-vs-clinton,50,37,Not included in poll,13,26107,Ipsos/Reuters,2016-09-16,2016-10-06,Likely Voters,844,Internet,Nonpartisan,None,NA,NA
2016-indiana-president-trump-vs-clinton,53,33,Not included in poll,14,25547,Ipsos/Reuters,2016-08-26,2016-09-15,Likely Voters,709,Internet,Nonpartisan,None,NA,NA
2016-indiana-president-trump-vs-clinton,52,37,Not included in poll,11,25365,WashPost/SurveyMonkey,2016-08-09,2016-09-01,Registered Voters,2294,Internet,Nonpartisan,None,NA,NA
2016-indiana-president-trump-vs-clinton,47,36,1,5,25197,Monmouth University,2016-08-13,2016-08-16,Likely Voters,403,Live Phone,Nonpartisan,None,10,NA
2016-indiana-president-trump-vs-clinton,48,41,Not included in poll,11,24413,NBC/WSJ/Marist,2016-04-26,2016-04-28,Registered Voters,2149,Live Phone,Nonpartisan,None,NA,NA
2016-indiana-president-trump-vs-clinton,47,39,Not included in poll,14,24601,POS (R)/HPI/WTHR,2016-04-18,2016-04-21,Likely Voters,500,Live Phone,Pollster,Rep,NA,NA
2016-nevada-president-trump-vs-clinton,43,45,Not included in poll,3,26807,SurveyMonkey,2016-11-01,2016-11-07,Likely Voters,1207,Internet,Nonpartisan,None,9,NA
2016-nevada-president-trump-vs-clinton,42,42,3,9,26814,Insights West,2016-11-04,2016-11-06,Likely Voters,387,Internet,Nonpartisan,None,4,NA
2016-nevada-president-trump-vs-clinton,46,49,5,,26793,UPI/CVOTER,2016-10-30,2016-11-06,Likely Voters,323,Internet,Nonpartisan,None,NA,NA
2016-nevada-president-trump-vs-clinton,42,45,Not included in poll,13,26806,Ipsos/Reuters,2016-10-17,2016-11-06,Likely Voters,571,Internet,Nonpartisan,None,NA,NA
2016-nevada-president-trump-vs-clinton,46,45,2,4,26763,Remington Research Group (R)/Axiom Strategies,2016-11-01,2016-11-02,Likely Voters,1793,IVR/Live Phone,Sponsor,Rep,3,NA
2016-nevada-president-trump-vs-clinton,45,48,Not included in poll,7,26703,PPP (D-Center for American Progress Action Fund),2016-10-31,2016-11-01,Likely Voters,688,IVR/Online,Sponsor,Dem,NA,NA
2016-nevada-president-trump-vs-clinton,38,45,2,7,26643,Lucid/The Times-Picayune,2016-10-28,2016-11-01,Likely Voters,892,Internet,Nonpartisan,None,7,NA
2016-nevada-president-trump-vs-clinton,45,45,3,4,26638,JMC Analytics (R)/8 News NOW,2016-10-28,2016-11-01,Likely Voters,600,Live Phone,Pollster,Rep,4,NA
2016-nevada-president-trump-vs-clinton,49,43,2,1,26621,CNN,2016-10-27,2016-11-01,Likely Voters,790,Live Phone,Nonpartisan,None,5,NA
2016-nevada-president-trump-vs-clinton,42,43,Not included in poll,3,26596,SurveyMonkey,2016-10-25,2016-10-31,Likely Voters,1010,Internet,Nonpartisan,None,12,NA
2016-nevada-president-trump-vs-clinton,48,44,1,3,26562,Remington Research Group (R)/Axiom Strategies,2016-10-30,2016-10-30,Likely Voters,787,IVR/Live Phone,Sponsor,Rep,4,NA
2016-nevada-president-trump-vs-clinton,46,48,6,,26592,UPI/CVOTER,2016-10-23,2016-10-29,Likely Voters,314,Internet,Nonpartisan,None,NA,NA
2016-nevada-president-trump-vs-clinton,45,45,9,1,26487,NBC/WSJ/Marist,2016-10-20,2016-10-24,Likely Voters,707,Live Phone,Nonpartisan,None,NA,NA
2016-nevada-president-trump-vs-clinton,44,44,Not included in poll,2,26441,SurveyMonkey,2016-10-18,2016-10-24,Likely Voters,967,Internet,Nonpartisan,None,10,NA
2016-nevada-president-trump-vs-clinton,41,48,1,4,26416,Bendixen & Amandi-Las Vegas Review-Journal,2016-10-20,2016-10-23,Likely Voters,800,Live Phone,Pollster,Dem,6,NA
2016-nevada-president-trump-vs-clinton,47,44,2,3,26422,Remington Research Group (R)/Axiom Strategies,2016-10-20,2016-10-22,Likely Voters,1332,IVR/Live Phone,Sponsor,Rep,4,NA
2016-nevada-president-trump-vs-clinton,42,46,2,4,26418,Rasmussen/KTNV,2016-10-20,2016-10-22,Likely Voters,826,IVR/Online,Nonpartisan,None,5,NA
2016-nevada-president-trump-vs-clinton,40,47,3,3,26251,Monmouth University,2016-10-14,2016-10-17,Likely Voters,413,Live Phone,Nonpartisan,None,7,NA
2016-nevada-president-trump-vs-clinton,46,47,Not included in poll,7,26247,WashPost/SurveyMonkey,2016-10-08,2016-10-16,Likely Voters,884,Internet,Nonpartisan,None,NA,NA
2016-nevada-president-trump-vs-clinton,44,46,2,0,26203,CNN,2016-10-10,2016-10-15,Likely Voters,698,Live Phone,Nonpartisan,None,7,NA
2016-nevada-president-trump-vs-clinton,40,46,5,4,26185,CBS/YouGov,2016-10-12,2016-10-14,Likely Voters,996,Internet,Nonpartisan,None,4,NA
2016-nevada-president-trump-vs-clinton,41,43,3,9,26189,JMC Analytics (R)/8 News NOW,2016-10-10,2016-10-13,Likely Voters,600,Live Phone,Pollster,Rep,4,NA
2016-nevada-president-trump-vs-clinton,39,41,Not included in poll,20,26344,Ipsos/Reuters,2016-09-23,2016-10-13,Likely Voters,641,Internet,Nonpartisan,None,NA,NA
2016-nevada-president-trump-vs-clinton,43,43,6,8,26159,Clarity (D-End Citizens United),2016-10-10,2016-10-11,Likely Voters,1010,IVR/Live Phone,Sponsor,Dem,NA,NA
2016-nevada-president-trump-vs-clinton,43,47,Not included in poll,10,26151,PPP (D-Cortez Masto),2016-10-10,2016-10-11,Likely Voters,986,IVR/Online,Sponsor,Dem,NA,NA
2016-nevada-president-trump-vs-clinton,42,46,Not included in poll,12,26120,Ipsos/Reuters,2016-09-16,2016-10-06,Likely Voters,620,Internet,Nonpartisan,None,NA,NA
2016-nevada-president-trump-vs-clinton,41,44,Not included in poll,7,25958,Hart (D)/UNLV,2016-09-27,2016-10-02,Registered Voters,700,Live Phone,Pollster,Dem,9,NA
2016-nevada-president-trump-vs-clinton,38,44,5,6,25815,Suffolk,2016-09-27,2016-09-29,Likely Voters,500,Live Phone,Nonpartisan,None,7,NA
2016-nevada-president-trump-vs-clinton,43,40,4,3,25610,Fox News,2016-09-18,2016-09-20,Likely Voters,704,Live Phone,Nonpartisan,None,8,NA
2016-nevada-president-trump-vs-clinton,42,42,3,4,25638,GQR (D-Democracy Corps/WVWV),2016-09-10,2016-09-19,Likely Voters,400,Live Phone,Sponsor,Dem,7,NA
2016-nevada-president-trump-vs-clinton,42,39,3,4,25536,Rasmussen/KTNV,2016-09-16,2016-09-18,Likely Voters,800,IVR/Online,Nonpartisan,None,11,NA
2016-nevada-president-trump-vs-clinton,41,38,Not included in poll,21,25580,Ipsos/Reuters,2016-08-26,2016-09-15,Likely Voters,549,Internet,Nonpartisan,None,NA,NA
2016-nevada-president-trump-vs-clinton,42,40,3,10,25628,Insights West,2016-09-12,2016-09-14,Likely Voters,398,Internet,Nonpartisan,None,5,NA
2016-nevada-president-trump-vs-clinton,44,42,1,6,25488,Monmouth University,2016-09-11,2016-09-13,Likely Voters,406,Live Phone,Nonpartisan,None,8,NA
2016-nevada-president-trump-vs-clinton,44,45,7,3,25443,NBC/WSJ/Marist,2016-09-06,2016-09-08,Likely Voters,627,Live Phone,Nonpartisan,None,NA,NA
2016-nevada-president-trump-vs-clinton,42,45,Not included in poll,13,25465,PPP (D)/PNA,2016-09-06,2016-09-07,Likely Voters,815,IVR/Online,Pollster,Dem,NA,NA
2016-nevada-president-trump-vs-clinton,43,48,Not included in poll,10,25378,WashPost/SurveyMonkey,2016-08-09,2016-09-01,Registered Voters,2776,Internet,Nonpartisan,None,NA,NA
2016-nevada-president-trump-vs-clinton,42,44,5,5,25206,Suffolk,2016-08-15,2016-08-17,Likely Voters,500,Live Phone,Nonpartisan,None,5,NA
2016-nevada-president-trump-vs-clinton,41,43,5,6,25080,CBS/YouGov,2016-08-02,2016-08-05,Likely Voters,993,Internet,Nonpartisan,None,4,NA
2016-nevada-president-trump-vs-clinton,40,41,4,5,25035,Rasmussen/KTNV,2016-07-29,2016-07-31,Likely Voters,750,IVR/Online,Nonpartisan,None,10,NA
2016-nevada-president-trump-vs-clinton,43,38,4,7,24968,Rasmussen/KTNV,2016-07-22,2016-07-24,Likely Voters,750,IVR/Online,Nonpartisan,None,8,NA
2016-nevada-president-trump-vs-clinton,41,45,Not included in poll,8,24854,Monmouth University,2016-07-07,2016-07-10,Likely Voters,408,Live Phone,Nonpartisan,None,5,NA
2016-nevada-president-trump-vs-clinton,47,45,4,4,24846,GQR (D-Democracy Corps/Women's Voices Women Vote),2016-06-11,2016-06-20,Likely Voters,300,Live Phone,Sponsor,Dem,NA,NA
2016-nevada-president-trump-vs-clinton,47,42,11,,24933,Gravis Marketing,2016-05-24,2016-05-25,Registered Voters,1637,Automated Phone,Nonpartisan,None,NA,NA
2016-nevada-president-trump-vs-clinton,44,41,Not included in poll,14,23187,Morning Consult/Campaign for Sustainable Rx Pricing,2015-11-10,2015-11-16,Registered Voters,628,Live Phone/Online,Nonpartisan,None,NA,NA
2016-kansas-president-trump-vs-clinton,49,36,13,2,26807,SurveyMonkey,2016-11-01,2016-11-07,Likely Voters,1311,Internet,Nonpartisan,None,NA,NA
2016-kansas-president-trump-vs-clinton,54,39,8,,26793,UPI/CVOTER,2016-10-30,2016-11-06,Likely Voters,328,Internet,Nonpartisan,None,NA,NA
2016-kansas-president-trump-vs-clinton,54,38,Not included in poll,8,26806,Ipsos/Reuters,2016-10-17,2016-11-06,Likely Voters,519,Internet,Nonpartisan,None,NA,NA
2016-kansas-president-trump-vs-clinton,58,34,9,,26729,Fort Hays State University,2016-11-01,2016-11-03,Likely Voters,313,Live Phone,Nonpartisan,None,NA,NA
2016-kansas-president-trump-vs-clinton,47,36,15,2,26596,SurveyMonkey,2016-10-25,2016-10-31,Likely Voters,1273,Internet,Nonpartisan,None,NA,NA
2016-kansas-president-trump-vs-clinton,49,38,8,6,26614,SurveyUSA/KSN News,2016-10-26,2016-10-30,Likely Voters,624,IVR/Online,Nonpartisan,None,NA,NA
2016-kansas-president-trump-vs-clinton,56,39,5,,26592,UPI/CVOTER,2016-10-23,2016-10-29,Likely Voters,328,Internet,Nonpartisan,None,NA,NA
2016-kansas-president-trump-vs-clinton,48,36,13,3,26441,SurveyMonkey,2016-10-18,2016-10-24,Likely Voters,1688,Internet,Nonpartisan,None,NA,NA
2016-kansas-president-trump-vs-clinton,47,36,9,7,26275,SurveyUSA/KSN News,2016-10-11,2016-10-15,Likely Voters,581,IVR/Online,Nonpartisan,None,NA,NA
2016-kansas-president-trump-vs-clinton,50,38,Not included in poll,12,26344,Ipsos/Reuters,2016-09-23,2016-10-13,Likely Voters,565,Internet,Nonpartisan,None,NA,NA
2016-kansas-president-trump-vs-clinton,47,39,14,,26709,Fort Hays State University,2016-09-01,2016-10-13,Likely Voters,892,Live Phone,Nonpartisan,None,NA,NA
2016-kansas-president-trump-vs-clinton,55,35,Not included in poll,10,26109,Ipsos/Reuters,2016-09-16,2016-10-06,Likely Voters,556,Internet,Nonpartisan,None,NA,NA
2016-kansas-president-trump-vs-clinton,49,39,Not included in poll,12,25549,Ipsos/Reuters,2016-08-26,2016-09-15,Likely Voters,459,Internet,Nonpartisan,None,NA,NA
2016-kansas-president-trump-vs-clinton,48,36,10,7,25480,SurveyUSA/KSN News,2016-09-06,2016-09-11,Likely Voters,595,IVR/Online,Nonpartisan,None,NA,NA
2016-kansas-president-trump-vs-clinton,49,37,Not included in poll,14,25367,WashPost/SurveyMonkey,2016-08-09,2016-09-01,Registered Voters,741,Internet,Nonpartisan,None,NA,NA
2016-kansas-president-trump-vs-clinton,44,39,8,9,25109,SurveyUSA/KSN News,2016-08-03,2016-08-07,Likely Voters,566,IVR/Live Phone,Nonpartisan,None,NA,NA
2016-kansas-president-trump-vs-clinton,44,27,13,16,24976,Fort Hays State University/Kansas Newspapers,2016-07-11,2016-07-21,Likely Voters,542,Live Phone,Nonpartisan,None,NA,NA
2016-kansas-president-trump-vs-clinton,47,36,8,9,24917,SurveyUSA/KSN News,2016-07-08,2016-07-11,Likely Voters,559,IVR/Live Phone,Nonpartisan,None,NA,NA
2016-kansas-president-trump-vs-clinton,36,43,Not included in poll,21,24669,Zogby/Kansas Health Foundation,2016-06-04,2016-06-06,Registered Voters,433,IVR/Live Phone,Nonpartisan,None,NA,NA
2016-kansas-president-trump-vs-clinton,46,36,Not included in poll,18,23980,Fort Hays State University,2016-02-19,2016-02-26,Adults,440,Live Phone,Nonpartisan,None,NA,NA
2016-colorado-president-trump-vs-clinton,40,43,4,2,26807,SurveyMonkey,2016-11-01,2016-11-07,Likely Voters,2777,Internet,Nonpartisan,None,10,NA
2016-colorado-president-trump-vs-clinton,44,50,6,,26793,UPI/CVOTER,2016-10-30,2016-11-06,Likely Voters,343,Internet,Nonpartisan,None,NA,NA
2016-colorado-president-trump-vs-clinton,42,48,Not included in poll,10,26806,Ipsos/Reuters,2016-10-17,2016-11-06,Likely Voters,696,Internet,Nonpartisan,None,NA,NA
2016-colorado-president-trump-vs-clinton,43,48,3,3,26721,PPP (D),2016-11-03,2016-11-04,Likely Voters,704,IVR/Online,Pollster,Dem,4,NA
2016-colorado-president-trump-vs-clinton,38,43,7,6,26725,Keating (D-OnSight Public Affairs),2016-11-02,2016-11-03,Likely Voters,605,Live Phone,Sponsor,Dem,7,NA
2016-colorado-president-trump-vs-clinton,41,42,5,6,26760,Remington Research Group (R)/Axiom Strategies,2016-11-01,2016-11-02,Likely Voters,1863,IVR/Live Phone,Sponsor,Rep,6,NA
2016-colorado-president-trump-vs-clinton,40,40,10,3,26737,Gravis Marketing/Breitbart,2016-11-01,2016-11-02,Registered Voters,1125,IVR/Online,Nonpartisan,None,7,NA
2016-colorado-president-trump-vs-clinton,38,44,4,7,26678,Magellan (R),2016-11-01,2016-11-02,Likely Voters,500,Live Phone,Pollster,Rep,7,NA
2016-colorado-president-trump-vs-clinton,37,44,3,8,26644,Lucid/The Times-Picayune,2016-10-28,2016-11-01,Likely Voters,972,Internet,Nonpartisan,None,9,NA
2016-colorado-president-trump-vs-clinton,41,42,10,7,26677,University of Denver/Ciruli,2016-10-29,2016-10-31,Likely Voters,550,Live Phone,Nonpartisan,None,NA,NA
2016-colorado-president-trump-vs-clinton,39,43,4,2,26596,SurveyMonkey,2016-10-25,2016-10-31,Likely Voters,1532,Internet,Nonpartisan,None,11,NA
2016-colorado-president-trump-vs-clinton,44,45,3,4,26567,Remington Research Group (R)/Axiom Strategies,2016-10-30,2016-10-30,Likely Voters,952,IVR/Live Phone,Sponsor,Rep,4,NA
2016-colorado-president-trump-vs-clinton,46,50,5,,26592,UPI/CVOTER,2016-10-23,2016-10-29,Likely Voters,342,Internet,Nonpartisan,None,NA,NA
2016-colorado-president-trump-vs-clinton,39,42,6,5,26546,CBS/YouGov,2016-10-26,2016-10-28,Likely Voters,997,Internet,Nonpartisan,None,7,NA
2016-colorado-president-trump-vs-clinton,38,44,3,3,26441,SurveyMonkey,2016-10-18,2016-10-24,Likely Voters,1595,Internet,Nonpartisan,None,12,NA
2016-colorado-president-trump-vs-clinton,34,44,13,,26672,U Colorado Boulder,2016-10-17,2016-10-24,Adults,1004,Internet,Nonpartisan,None,9,NA
2016-colorado-president-trump-vs-clinton,43,45,2,4,26419,Remington Research Group (R)/Axiom Strategies,2016-10-20,2016-10-22,Likely Voters,1581,IVR/Live Phone,Sponsor,Rep,5,NA
2016-colorado-president-trump-vs-clinton,37,45,4,5,26214,Quinnipiac,2016-10-10,2016-10-16,Likely Voters,685,Live Phone,Nonpartisan,None,10,NA
2016-colorado-president-trump-vs-clinton,41,50,Not included in poll,8,26239,WashPost/SurveyMonkey,2016-10-08,2016-10-16,Likely Voters,956,Internet,Nonpartisan,None,NA,NA
2016-colorado-president-trump-vs-clinton,35,40,7,6,26256,Magellan (R),2016-10-12,2016-10-13,Likely Voters,500,Live Phone,Pollster,Rep,12,NA
2016-colorado-president-trump-vs-clinton,39,44,2,9,26186,Gravis Marketing/Breitbart,2016-10-12,2016-10-13,Registered Voters,1226,IVR/Online,Nonpartisan,None,6,NA
2016-colorado-president-trump-vs-clinton,41,47,Not included in poll,12,26344,Ipsos/Reuters,2016-09-23,2016-10-13,Likely Voters,695,Internet,Nonpartisan,None,NA,NA
2016-colorado-president-trump-vs-clinton,45,45,Not included in poll,10,26101,Ipsos/Reuters,2016-09-16,2016-10-06,Likely Voters,710,Internet,Nonpartisan,None,NA,NA
2016-colorado-president-trump-vs-clinton,40,40,3,6,26008,Gravis Marketing/Breitbart,2016-10-03,2016-10-04,Registered Voters,1246,IVR/Online,Nonpartisan,None,10,NA
2016-colorado-president-trump-vs-clinton,38,49,4,3,25839,Monmouth University,2016-09-29,2016-10-02,Likely Voters,400,Live Phone,Nonpartisan,None,7,NA
2016-colorado-president-trump-vs-clinton,33,44,7,6,25892,Keating (D),2016-09-27,2016-09-29,Likely Voters,602,Live Phone,Pollster,Dem,10,NA
2016-colorado-president-trump-vs-clinton,40,46,2,6,25795,PPP (D-Vote Vets Action Fund),2016-09-27,2016-09-28,Likely Voters,694,IVR/Online,Pollster,Dem,6,NA
2016-colorado-president-trump-vs-clinton,42,41,3,0,25651,CNN,2016-09-20,2016-09-25,Likely Voters,784,Live Phone,Nonpartisan,None,13,NA
2016-colorado-president-trump-vs-clinton,39,40,11,10,25645,CBS/YouGov,2016-09-21,2016-09-23,Likely Voters,991,Internet,Nonpartisan,None,NA,NA
2016-colorado-president-trump-vs-clinton,42,44,2,2,25622,Quinnipiac,2016-09-13,2016-09-21,Likely Voters,644,Live Phone,Nonpartisan,None,10,NA
2016-colorado-president-trump-vs-clinton,35,44,14,7,25616,Franklin and Marshall College/Colorado Mesa University,2016-09-14,2016-09-18,Likely Voters,350,Live Phone/Online,Nonpartisan,None,NA,NA
2016-colorado-president-trump-vs-clinton,43,40,Not included in poll,17,25541,Ipsos/Reuters,2016-08-26,2016-09-15,Likely Voters,563,Internet,Nonpartisan,None,NA,NA
2016-colorado-president-trump-vs-clinton,44,46,Not included in poll,10,25349,WashPost/SurveyMonkey,2016-08-09,2016-09-01,Registered Voters,2428,Internet,Nonpartisan,None,NA,NA
2016-colorado-president-trump-vs-clinton,36,41,4,6,25419,Magellan (R),2016-08-29,2016-08-31,Likely Voters,500,Live Phone,Pollster,Rep,13,NA
2016-colorado-president-trump-vs-clinton,39,49,4,9,25199,Quinnipiac,2016-08-09,2016-08-16,Likely Voters,830,Live Phone,Nonpartisan,None,NA,NA
2016-colorado-president-trump-vs-clinton,32,46,15,6,25150,NBC/WSJ/Marist,2016-08-04,2016-08-10,Registered Voters,899,Live Phone,Nonpartisan,None,NA,NA
2016-colorado-president-trump-vs-clinton,34,44,11,11,24882,FOX,2016-07-09,2016-07-12,Registered Voters,600,Live Phone,Nonpartisan,None,NA,NA
2016-colorado-president-trump-vs-clinton,35,48,6,7,24875,Monmouth University,2016-07-09,2016-07-12,Likely Voters,404,Live Phone,Nonpartisan,None,5,NA
2016-colorado-president-trump-vs-clinton,35,43,21,,24895,NBC/WSJ/Marist,2016-07-05,2016-07-11,Registered Voters,794,Live Phone,Nonpartisan,None,NA,NA
2016-colorado-president-trump-vs-clinton,38,45,14,4,24868,Harper (R),2016-07-07,2016-07-09,Likely Voters,500,IVR/Live Phone,Pollster,Rep,NA,NA
2016-colorado-president-trump-vs-clinton,41,43,16,,24887,Gravis Marketing,2016-07-07,2016-07-08,Registered Voters,1313,Automated Phone,Nonpartisan,None,NA,NA
2016-colorado-president-trump-vs-clinton,39,40,9,10,24767,CBS/YouGov,2016-06-21,2016-06-24,Likely Voters,996,Internet,Nonpartisan,None,NA,NA
2016-colorado-president-trump-vs-clinton,48,37,4,11,23168,Quinnipiac,2015-11-11,2015-11-15,Registered Voters,1262,Live Phone,Nonpartisan,None,NA,NA
2016-new-jersey-president-trump-vs-clinton,37,52,8,3,26807,SurveyMonkey,2016-11-01,2016-11-07,Likely Voters,1377,Internet,Nonpartisan,None,NA,NA
2016-new-jersey-president-trump-vs-clinton,41,55,4,,26793,UPI/CVOTER,2016-10-30,2016-11-06,Likely Voters,348,Internet,Nonpartisan,None,NA,NA
2016-new-jersey-president-trump-vs-clinton,38,48,Not included in poll,14,26806,Ipsos/Reuters,2016-10-17,2016-11-06,Likely Voters,658,Internet,Nonpartisan,None,NA,NA
2016-new-jersey-president-trump-vs-clinton,40,51,5,6,26727,Stockton,2016-10-27,2016-11-02,Likely Voters,678,Live Phone,Nonpartisan,None,NA,NA
2016-new-jersey-president-trump-vs-clinton,35,55,7,3,26596,SurveyMonkey,2016-10-25,2016-10-31,Likely Voters,724,Internet,Nonpartisan,None,NA,NA
2016-new-jersey-president-trump-vs-clinton,40,57,3,,26592,UPI/CVOTER,2016-10-23,2016-10-29,Likely Voters,353,Internet,Nonpartisan,None,NA,NA
2016-new-jersey-president-trump-vs-clinton,36,52,9,3,26441,SurveyMonkey,2016-10-18,2016-10-24,Likely Voters,590,Internet,Nonpartisan,None,NA,NA
2016-new-jersey-president-trump-vs-clinton,40,51,4,5,26230,Fairleigh Dickinson,2016-10-12,2016-10-16,Likely Voters,579,Live Phone,Nonpartisan,None,NA,NA
2016-new-jersey-president-trump-vs-clinton,32,50,Not included in poll,18,26344,Ipsos/Reuters,2016-09-23,2016-10-13,Likely Voters,1084,Internet,Nonpartisan,None,NA,NA
2016-new-jersey-president-trump-vs-clinton,34,49,Not included in poll,17,26122,Ipsos/Reuters,2016-09-16,2016-10-06,Likely Voters,595,Internet,Nonpartisan,None,NA,NA
2016-new-jersey-president-trump-vs-clinton,40,46,9,5,25823,Stockton,2016-09-22,2016-09-29,Likely Voters,638,Live Phone,Nonpartisan,None,NA,NA
2016-new-jersey-president-trump-vs-clinton,33,49,Not included in poll,18,25561,Ipsos/Reuters,2016-08-26,2016-09-15,Likely Voters,982,Internet,Nonpartisan,None,NA,NA
2016-new-jersey-president-trump-vs-clinton,29,50,15,7,26163,Rutgers-Eagleton,2016-09-06,2016-09-10,Registered Voters,726,Live Phone,Nonpartisan,None,NA,NA
2016-new-jersey-president-trump-vs-clinton,38,53,Not included in poll,9,25380,WashPost/SurveyMonkey,2016-08-09,2016-09-01,Registered Voters,912,Internet,Nonpartisan,None,NA,NA
2016-new-jersey-president-trump-vs-clinton,32,44,15,9,24942,Fairleigh Dickinson,2016-06-22,2016-06-26,Registered Voters,349,Live Phone,Nonpartisan,None,NA,NA
2016-new-jersey-president-trump-vs-clinton,34,49,8,8,24613,CBS/YouGov,2016-05-31,2016-06-03,Likely Voters,1194,Internet,Nonpartisan,None,NA,NA
2016-new-jersey-president-trump-vs-clinton,34,38,11,17,24572,Monmouth University,2016-05-23,2016-05-27,Registered Voters,703,Live Phone,Nonpartisan,None,NA,NA
2016-new-jersey-president-trump-vs-clinton,37,48,7,8,24548,Fairleigh Dickinson,2016-05-18,2016-05-22,Registered Voters,702,Live Phone,Nonpartisan,None,NA,NA
2016-new-jersey-president-trump-vs-clinton,38,45,3,13,24515,Quinnipiac,2016-05-10,2016-05-16,Registered Voters,1989,Live Phone,Nonpartisan,None,NA,NA
2016-new-jersey-president-trump-vs-clinton,36,50,11,3,24304,Rutgers-Eagleton,2016-04-01,2016-04-08,Registered Voters,738,Live Phone,Nonpartisan,None,NA,NA
2016-utah-president-trump-vs-clinton,34,31,2,2,26807,SurveyMonkey,2016-11-01,2016-11-07,Likely Voters,1479,Internet,Nonpartisan,None,7,25
2016-utah-president-trump-vs-clinton,43,28,29,,26793,UPI/CVOTER,2016-10-30,2016-11-06,Likely Voters,320,Internet,Nonpartisan,None,NA,NA
2016-utah-president-trump-vs-clinton,40,33,Not included in poll,27,26806,Ipsos/Reuters,2016-10-17,2016-11-06,Likely Voters,532,Internet,Nonpartisan,None,NA,NA
2016-utah-president-trump-vs-clinton,40,23,3,4,26803,CBS/YouGov,2016-11-03,2016-11-05,Likely Voters,762,Internet,Nonpartisan,None,7,24
2016-utah-president-trump-vs-clinton,33,24,4,7,26718,Y2 Analytics (R),2016-11-01,2016-11-03,Likely Voters,500,Live Phone,Pollster,Rep,5,28
2016-utah-president-trump-vs-clinton,37,31,2,2,26671,Monmouth University,2016-10-30,2016-11-02,Likely Voters,402,Live Phone,Nonpartisan,None,4,24
2016-utah-president-trump-vs-clinton,42,31,2,2,26681,Rasmussen/Heat Street,2016-10-29,2016-10-31,Likely Voters,750,IVR/Online,Nonpartisan,None,3,21
2016-utah-president-trump-vs-clinton,33,30,2,2,26596,SurveyMonkey,2016-10-25,2016-10-31,Likely Voters,1078,Internet,Nonpartisan,None,7,26
2016-utah-president-trump-vs-clinton,66,29,6,,26592,UPI/CVOTER,2016-10-23,2016-10-29,Likely Voters,315,Internet,Nonpartisan,None,NA,NA
2016-utah-president-trump-vs-clinton,32,24,1,8,26554,Dan Jones/Salt Lake Tribune/Hinckley Institute,2016-10-20,2016-10-27,Likely Voters,823,Live Phone/Online,Nonpartisan,None,4,30
2016-utah-president-trump-vs-clinton,32,28,2,4,26446,Rasmussen/Heat Street,2016-10-23,2016-10-24,Likely Voters,750,IVR/Online,Nonpartisan,None,4,29
2016-utah-president-trump-vs-clinton,33,28,1,1,26441,SurveyMonkey,2016-10-18,2016-10-24,Likely Voters,969,Internet,Nonpartisan,None,7,29
2016-utah-president-trump-vs-clinton,30,28,3,4,26207,Rasmussen/Heat Street,2016-10-14,2016-10-16,Likely Voters,750,IVR/Online,Nonpartisan,None,5,29
2016-utah-president-trump-vs-clinton,37,20,5,11,26187,CBS/YouGov,2016-10-12,2016-10-14,Likely Voters,951,Internet,Nonpartisan,None,7,20
2016-utah-president-trump-vs-clinton,41,35,Not included in poll,24,26344,Ipsos/Reuters,2016-09-23,2016-10-13,Likely Voters,543,Internet,Nonpartisan,None,NA,NA
2016-utah-president-trump-vs-clinton,34,28,2,6,26160,Monmouth University,2016-10-10,2016-10-12,Likely Voters,403,Live Phone,Nonpartisan,None,9,20
2016-utah-president-trump-vs-clinton,26,26,4,7,26142,Y2 Analytics (R),2016-10-10,2016-10-11,Likely Voters,500,Live Phone,Pollster,Rep,14,22
2016-utah-president-trump-vs-clinton,48,33,Not included in poll,19,26133,Ipsos/Reuters,2016-09-16,2016-10-06,Likely Voters,515,Internet,Nonpartisan,None,NA,NA
2016-utah-president-trump-vs-clinton,48,29,Not included in poll,23,25572,Ipsos/Reuters,2016-08-26,2016-09-15,Likely Voters,408,Internet,Nonpartisan,None,NA,NA
2016-utah-president-trump-vs-clinton,46,35,Not included in poll,19,25392,WashPost/SurveyMonkey,2016-08-09,2016-09-01,Registered Voters,722,Internet,Nonpartisan,None,NA,NA
2016-utah-president-trump-vs-clinton,39,24,3,14,25239,PPP (D),2016-08-19,2016-08-21,Likely Voters,1018,IVR/Online,Pollster,Dem,12,9
2016-utah-president-trump-vs-clinton,37,25,15,7,25086,Dan Jones & Associates/UtahPolicy.com,2016-07-18,2016-08-04,Likely Voters,858,Live Phone/Online,Nonpartisan,None,16,NA
2016-utah-president-trump-vs-clinton,36,27,20,8,24725,Dan Jones & Associates/UtahPolicy.com,2016-06-08,2016-06-17,Registered Voters,614,Live Phone/Online,Nonpartisan,None,10,NA
2016-utah-president-trump-vs-clinton,35,35,Not included in poll,17,24658,SurveyUSA/Salt Lake Tribune/Hinckley Institute,2016-06-02,2016-06-08,Likely Voters,1238,IVR/Online,Nonpartisan,None,13,NA
2016-utah-president-trump-vs-clinton,36,29,35,,24624,Gravis Marketing,2016-05-31,2016-06-01,Registered Voters,1519,Automated Phone,Nonpartisan,None,NA,NA
2016-utah-president-trump-vs-clinton,43,30,Not included in poll,26,24491,Dan Jones & Associates/UtahPolicy.com,2016-05-02,2016-05-10,Registered Voters,588,Live Phone/Online,Nonpartisan,None,NA,NA
2016-utah-president-trump-vs-clinton,38,38,Not included in poll,25,24297,Dan Jones & Associates/UtahPolicy.com,2016-03-23,2016-04-05,Registered Voters,600,Live Phone/Online,Nonpartisan,None,NA,NA
2016-utah-president-trump-vs-clinton,36,38,Not included in poll,24,24602,Dan Jones & Associates/Deseret News/KSL,2016-03-08,2016-03-15,Likely Voters,500,Live Phone/Online,Nonpartisan,None,NA,NA
2016-utah-president-trump-vs-clinton,33,28,33,6,23503,Dan Jones & Associates/UtahPolicy.com,2015-12-08,2015-12-14,Adults,622,Live Phone/Online,Nonpartisan,None,NA,NA
2016-utah-president-trump-vs-clinton,38,29,29,3,22646,Dan Jones & Associates/UtahPolicy.com,2015-08-07,2015-08-14,Adults,500,Live Phone/Online,Nonpartisan,None,NA,NA
2016-georgia-president-trump-vs-clinton,45,45,Not included in poll,3,26807,SurveyMonkey,2016-11-01,2016-11-07,Likely Voters,2419,Internet,Nonpartisan,None,NA,NA
2016-georgia-president-trump-vs-clinton,49,46,Not included in poll,2,26789,Landmark (R)/Rosetta Stone,2016-11-06,2016-11-06,Likely Voters,1200,IVR/Online,Pollster,Rep,NA,NA
2016-georgia-president-trump-vs-clinton,50,44,6,,26793,UPI/CVOTER,2016-10-30,2016-11-06,Likely Voters,366,Internet,Nonpartisan,None,NA,NA
2016-georgia-president-trump-vs-clinton,48,42,Not included in poll,10,26806,Ipsos/Reuters,2016-10-17,2016-11-06,Likely Voters,691,Internet,Nonpartisan,None,NA,NA
2016-georgia-president-trump-vs-clinton,49,43,1,3,26801,CBS/YouGov,2016-11-03,2016-11-05,Likely Voters,995,Internet,Nonpartisan,None,NA,NA
2016-georgia-president-trump-vs-clinton,48,46,Not included in poll,2,26739,Landmark (R)/Rosetta Stone/WSB-TV,2016-11-02,2016-11-03,Likely Voters,1000,IVR/Online,Pollster,Rep,NA,NA
2016-georgia-president-trump-vs-clinton,49,45,Not included in poll,1,26710,Opinion Savvy/Fox 5 Atlanta,2016-11-02,2016-11-03,Likely Voters,538,IVR/Online,Nonpartisan,None,NA,NA
2016-georgia-president-trump-vs-clinton,47,46,6,1,26683,NBC/WSJ/Marist,2016-10-30,2016-11-01,Likely Voters,707,Live Phone,Nonpartisan,None,NA,NA
2016-georgia-president-trump-vs-clinton,46,44,Not included in poll,3,26596,SurveyMonkey,2016-10-25,2016-10-31,Likely Voters,2665,Internet,Nonpartisan,None,NA,NA
2016-georgia-president-trump-vs-clinton,50,45,6,,26592,UPI/CVOTER,2016-10-23,2016-10-29,Likely Voters,365,Internet,Nonpartisan,None,NA,NA
2016-georgia-president-trump-vs-clinton,49,42,Not included in poll,6,26573,SurveyUSA/11Alive,2016-10-25,2016-10-27,Likely Voters,594,IVR/Online,Nonpartisan,None,NA,NA
2016-georgia-president-trump-vs-clinton,44,43,0,5,26509,Quinnipiac,2016-10-20,2016-10-26,Likely Voters,707,Live Phone,Nonpartisan,None,NA,NA
2016-georgia-president-trump-vs-clinton,47,44,Not included in poll,2,26441,SurveyMonkey,2016-10-18,2016-10-24,Likely Voters,2235,Internet,Nonpartisan,None,NA,NA
2016-georgia-president-trump-vs-clinton,50,46,Not included in poll,1,26362,Opinion Savvy/Fox 5 Atlanta,2016-10-20,2016-10-20,Likely Voters,570,IVR/Online,Nonpartisan,None,NA,NA
2016-georgia-president-trump-vs-clinton,47,43,Not included in poll,5,26356,Landmark (R),2016-10-20,2016-10-20,Likely Voters,600,IVR/Live Phone,Pollster,Rep,NA,NA
2016-georgia-president-trump-vs-clinton,44,42,2,4,26347,Abt SRBI Inc/Atlanta Journal-Constitution,2016-10-17,2016-10-20,Likely Voters,839,Live Phone,Nonpartisan,None,NA,NA
2016-georgia-president-trump-vs-clinton,40,44,1,8,26404,Lucid/The Times-Picayune,2016-10-17,2016-10-18,Likely Voters,807,Internet,Nonpartisan,None,NA,NA
2016-georgia-president-trump-vs-clinton,45,48,Not included in poll,7,26242,WashPost/SurveyMonkey,2016-10-08,2016-10-16,Likely Voters,886,Internet,Nonpartisan,None,NA,NA
2016-georgia-president-trump-vs-clinton,50,42,Not included in poll,8,26344,Ipsos/Reuters,2016-09-23,2016-10-13,Likely Voters,1020,Internet,Nonpartisan,None,NA,NA
2016-georgia-president-trump-vs-clinton,48,42,Not included in poll,6,26355,Landmark (R),2016-10-11,2016-10-12,Likely Voters,1400,IVR/Live Phone,Pollster,Rep,NA,NA
2016-georgia-president-trump-vs-clinton,48,43,Not included in poll,9,26104,Ipsos/Reuters,2016-09-16,2016-10-06,Likely Voters,583,Internet,Nonpartisan,None,NA,NA
2016-georgia-president-trump-vs-clinton,47,43,Not included in poll,5,25657,Landmark (R)/Rosetta Stone/WSB-TV,2016-09-21,2016-09-22,Likely Voters,600,IVR/Live Phone,Pollster,Rep,NA,NA
2016-georgia-president-trump-vs-clinton,47,40,0,4,25621,Quinnipiac,2016-09-13,2016-09-21,Likely Voters,638,Live Phone,Nonpartisan,None,NA,NA
2016-georgia-president-trump-vs-clinton,45,42,1,5,25528,Monmouth University,2016-09-15,2016-09-18,Likely Voters,401,Live Phone,Nonpartisan,None,NA,NA
2016-georgia-president-trump-vs-clinton,48,40,Not included in poll,12,25544,Ipsos/Reuters,2016-08-26,2016-09-15,Likely Voters,890,Internet,Nonpartisan,None,NA,NA
2016-georgia-president-trump-vs-clinton,46,42,Not included in poll,2,25507,Opinion Savvy/Fox 5 Atlanta,2016-09-14,2016-09-14,Likely Voters,568,IVR/Online,Nonpartisan,None,NA,NA
2016-georgia-president-trump-vs-clinton,46,43,8,2,25444,NBC/WSJ/Marist,2016-09-06,2016-09-08,Likely Voters,625,Live Phone,Nonpartisan,None,NA,NA
2016-georgia-president-trump-vs-clinton,46,46,Not included in poll,8,25355,WashPost/SurveyMonkey,2016-08-09,2016-09-01,Registered Voters,2034,Internet,Nonpartisan,None,NA,NA
2016-georgia-president-trump-vs-clinton,43,43,Not included in poll,3,25210,Opinion Savvy/Fox 5 Atlanta,2016-08-17,2016-08-17,Likely Voters,730,IVR/Online,Nonpartisan,None,NA,NA
2016-georgia-president-trump-vs-clinton,45,41,4,5,25157,CBS/YouGov,2016-08-10,2016-08-12,Likely Voters,988,Internet,Nonpartisan,None,NA,NA
2016-georgia-president-trump-vs-clinton,45,44,11,,25134,Gravis Marketing,2016-08-04,2016-08-08,Registered Voters,1604,IVR/Online,Nonpartisan,None,NA,NA
2016-georgia-president-trump-vs-clinton,40,44,10,5,25070,Abt SRBI Inc/Atlanta Journal-Constitution,2016-08-01,2016-08-04,Registered Voters,847,Live Phone,Nonpartisan,None,NA,NA
2016-georgia-president-trump-vs-clinton,46,46,1,3,25041,Landmark (R)/Rosetta Stone/WSB-TV,2016-08-01,2016-08-01,Likely Voters,787,IVR/Online,Pollster,Rep,NA,NA
2016-georgia-president-trump-vs-clinton,46,42,2,5,25036,SurveyUSA/TEGNA,2016-07-29,2016-07-31,Likely Voters,628,IVR/Online,Nonpartisan,None,NA,NA
2016-georgia-president-trump-vs-clinton,45,44,2,2,24966,Landmark (R)/Rosetta Stone/WSB-TV,2016-07-24,2016-07-24,Likely Voters,500,IVR/Online,Pollster,Rep,NA,NA
2016-georgia-president-trump-vs-clinton,45,38,2,9,24590,PPP (D),2016-05-27,2016-05-30,Likely Voters,724,IVR/Online,Pollster,Dem,NA,NA
2016-georgia-president-trump-vs-clinton,44,41,10,5,24503,Opinion Savvy/Fox 5 Atlanta,2016-05-15,2016-05-15,Likely Voters,587,IVR/Online,Nonpartisan,None,NA,NA
2016-georgia-president-trump-vs-clinton,45,41,8,6,24490,Abt SRBI Inc/Atlanta Journal-Constitution,2016-05-09,2016-05-12,Registered Voters,822,Live Phone,Nonpartisan,None,NA,NA
2016-georgia-president-trump-vs-clinton,42,41,Not included in poll,16,24452,Landmark (R)/Rosetta Stone/WSB-TV,2016-05-05,2016-05-05,Likely Voters,570,IVR/Online,Pollster,Rep,NA,NA
2016-georgia-president-trump-vs-clinton,37,50,Not included in poll,10,24267,Lake Research (D),2016-03-31,2016-04-03,Likely Voters,400,Live Phone,Pollster,Dem,NA,NA
2016-georgia-president-trump-vs-clinton,50,41,Not included in poll,9,23896,SurveyUSA/TEGNA/11Alive,2016-02-22,2016-02-23,Likely Voters,1261,IVR/Online,Sponsor,Other,NA,NA
2016-georgia-president-trump-vs-clinton,46,37,12,5,23042,SurveyUSA/11Alive,2015-10-15,2015-10-26,Likely Voters,1554,IVR/Online,Nonpartisan,None,NA,NA
2016-missouri-president-trump-vs-clinton,48,40,11,2,26807,SurveyMonkey,2016-11-01,2016-11-07,Likely Voters,1368,Internet,Nonpartisan,None,NA,NA
2016-missouri-president-trump-vs-clinton,49,44,7,,26793,UPI/CVOTER,2016-10-30,2016-11-06,Likely Voters,380,Internet,Nonpartisan,None,NA,NA
2016-missouri-president-trump-vs-clinton,48,40,Not included in poll,12,26806,Ipsos/Reuters,2016-10-17,2016-11-06,Likely Voters,836,Internet,Nonpartisan,None,NA,NA
2016-missouri-president-trump-vs-clinton,52,41,Not included in poll,7,26724,PPP (D-Center for American Progress Action Fund),2016-10-31,2016-11-01,Likely Voters,1083,IVR/Online,Sponsor,Dem,NA,NA
2016-missouri-president-trump-vs-clinton,47,38,4,11,26637,DFM Research (D-SMART),2016-10-27,2016-11-01,Likely Voters,508,Live Phone,Sponsor,Dem,NA,NA
2016-missouri-president-trump-vs-clinton,52,38,7,4,26600,Monmouth University,2016-10-28,2016-10-31,Likely Voters,405,Live Phone,Nonpartisan,None,NA,NA
2016-missouri-president-trump-vs-clinton,46,39,13,2,26596,SurveyMonkey,2016-10-25,2016-10-31,Likely Voters,671,Internet,Nonpartisan,None,NA,NA
2016-missouri-president-trump-vs-clinton,53,44,4,,26592,UPI/CVOTER,2016-10-23,2016-10-29,Likely Voters,374,Internet,Nonpartisan,None,NA,NA
2016-missouri-president-trump-vs-clinton,47,42,4,7,26518,Mason-Dixon/Post-Dispatch,2016-10-24,2016-10-26,Likely Voters,625,Live Phone,Nonpartisan,None,NA,NA
2016-missouri-president-trump-vs-clinton,50,36,12,2,26441,SurveyMonkey,2016-10-18,2016-10-24,Likely Voters,716,Internet,Nonpartisan,None,NA,NA
2016-missouri-president-trump-vs-clinton,48,36,Not included in poll,16,26344,Ipsos/Reuters,2016-09-23,2016-10-13,Likely Voters,812,Internet,Nonpartisan,None,NA,NA
2016-missouri-president-trump-vs-clinton,46,41,8,5,26146,Monmouth University,2016-10-09,2016-10-11,Likely Voters,406,Live Phone,Nonpartisan,None,NA,NA
2016-missouri-president-trump-vs-clinton,49,37,Not included in poll,14,26118,Ipsos/Reuters,2016-09-16,2016-10-06,Likely Voters,871,Internet,Nonpartisan,None,NA,NA
2016-missouri-president-trump-vs-clinton,46,37,9,7,25646,CBS/YouGov,2016-09-21,2016-09-23,Likely Voters,1087,Internet,Nonpartisan,None,NA,NA
2016-missouri-president-trump-vs-clinton,53,36,Not included in poll,11,25558,Ipsos/Reuters,2016-08-26,2016-09-15,Likely Voters,693,Internet,Nonpartisan,None,NA,NA
2016-missouri-president-trump-vs-clinton,51,41,Not included in poll,9,25375,WashPost/SurveyMonkey,2016-08-09,2016-09-01,Registered Voters,1801,Internet,Nonpartisan,None,NA,NA
2016-missouri-president-trump-vs-clinton,47,41,Not included in poll,11,25316,PPP (D-NELP),2016-08-26,2016-08-27,Likely Voters,1055,IVR/Online,Sponsor,Dem,NA,NA
2016-missouri-president-trump-vs-clinton,44,43,9,5,25240,Monmouth University,2016-08-19,2016-08-22,Likely Voters,401,Live Phone,Nonpartisan,None,NA,NA
2016-missouri-president-trump-vs-clinton,45,42,Not included in poll,13,25196,PPP (D-Protect Missouri Families),2016-08-08,2016-08-09,Likely Voters,947,IVR/Online,Sponsor,Dem,NA,NA
2016-missouri-president-trump-vs-clinton,40,41,10,9,24994,Mason-Dixon,2016-07-23,2016-07-24,Likely Voters,625,Live Phone,Nonpartisan,None,NA,NA
2016-missouri-president-trump-vs-clinton,47,37,8,7,24977,SurveyUSA/KSDK,2016-07-20,2016-07-24,Likely Voters,1943,Mixed,Nonpartisan,None,NA,NA
2016-missouri-president-trump-vs-clinton,46,36,8,10,24901,PPP (D),2016-07-11,2016-07-12,Likely Voters,959,IVR/Online,Pollster,Dem,NA,NA
2016-missouri-president-trump-vs-clinton,40,42,8,11,24188,DFM Research (D-United Transportation Union),2016-03-17,2016-03-24,Likely Voters,674,Live Phone,Sponsor,Dem,NA,NA
2016-missouri-president-trump-vs-clinton,43,38,Not included in poll,19,24056,Fort Hays State University,2016-03-03,2016-03-10,Adults,475,Live Phone,Nonpartisan,None,NA,NA
2016-missouri-president-trump-vs-clinton,48,39,Not included in poll,13,22555,PPP (D),2015-08-07,2015-08-09,Likely Voters,859,Automated Phone,Pollster,Dem,NA,NA
2016-maryland-president-trump-vs-clinton,28,59,10,2,26807,SurveyMonkey,2016-11-01,2016-11-07,Likely Voters,1216,Internet,Nonpartisan,None,NA,NA
2016-maryland-president-trump-vs-clinton,38,56,6,,26793,UPI/CVOTER,2016-10-30,2016-11-06,Likely Voters,329,Internet,Nonpartisan,None,NA,NA
2016-maryland-president-trump-vs-clinton,34,56,Not included in poll,10,26806,Ipsos/Reuters,2016-10-17,2016-11-06,Likely Voters,720,Internet,Nonpartisan,None,NA,NA
2016-maryland-president-trump-vs-clinton,27,63,8,2,26596,SurveyMonkey,2016-10-25,2016-10-31,Likely Voters,740,Internet,Nonpartisan,None,NA,NA
2016-maryland-president-trump-vs-clinton,38,58,4,,26592,UPI/CVOTER,2016-10-23,2016-10-29,Likely Voters,330,Internet,Nonpartisan,None,NA,NA
2016-maryland-president-trump-vs-clinton,27,61,9,2,26441,SurveyMonkey,2016-10-18,2016-10-24,Likely Voters,915,Internet,Nonpartisan,None,NA,NA
2016-maryland-president-trump-vs-clinton,32,54,Not included in poll,14,26344,Ipsos/Reuters,2016-09-23,2016-10-13,Likely Voters,686,Internet,Nonpartisan,None,NA,NA
2016-maryland-president-trump-vs-clinton,32,53,Not included in poll,15,26113,Ipsos/Reuters,2016-09-16,2016-10-06,Likely Voters,705,Internet,Nonpartisan,None,NA,NA
2016-maryland-president-trump-vs-clinton,27,63,6,2,25976,Washington Post/University of Maryland,2016-09-27,2016-09-30,Likely Voters,706,Live Phone,Nonpartisan,None,NA,NA
2016-maryland-president-trump-vs-clinton,25,58,8,9,25625,Goucher College/Sarah T. Hughes Field Politics Center,2016-09-17,2016-09-20,Likely Voters,514,Live Phone,Nonpartisan,None,NA,NA
2016-maryland-president-trump-vs-clinton,29,53,Not included in poll,18,25553,Ipsos/Reuters,2016-08-26,2016-09-15,Likely Voters,525,Internet,Nonpartisan,None,NA,NA
2016-maryland-president-trump-vs-clinton,31,61,Not included in poll,8,25371,WashPost/SurveyMonkey,2016-08-09,2016-09-01,Registered Voters,1199,Internet,Nonpartisan,None,NA,NA
2016-maryland-president-trump-vs-clinton,25,54,10,12,25400,Baltimore Sun/University of Baltimore/OpinionWorks,2016-08-18,2016-08-30,Likely Voters,756,Live Phone,Nonpartisan,None,NA,NA
2016-maryland-president-trump-vs-clinton,28,61,Not included in poll,11,24314,PPP (D),2016-04-15,2016-04-17,Likely Voters,879,IVR/Online,Pollster,Dem,NA,NA
2016-maryland-president-trump-vs-clinton,27,63,Not included in poll,10,24262,NBC4/Marist,2016-04-05,2016-04-09,Registered Voters,2563,Live Phone,Nonpartisan,None,NA,NA
2016-maryland-president-trump-vs-clinton,28,63,5,4,24223,Washington Post/University of Maryland,2016-03-30,2016-04-03,Registered Voters,-1,Live Phone,Nonpartisan,None,NA,NA
2016-michigan-president-trump-vs-clinton,42,44,3,2,26807,SurveyMonkey,2016-11-01,2016-11-07,Likely Voters,3145,Internet,Nonpartisan,None,NA,NA
2016-michigan-president-trump-vs-clinton,45,49,6,,26793,UPI/CVOTER,2016-10-30,2016-11-06,Likely Voters,334,Internet,Nonpartisan,None,NA,NA
2016-michigan-president-trump-vs-clinton,45,46,Not included in poll,9,26806,Ipsos/Reuters,2016-10-17,2016-11-06,Likely Voters,609,Internet,Nonpartisan,None,NA,NA
2016-michigan-president-trump-vs-clinton,41,46,2,6,26722,PPP (D),2016-11-03,2016-11-04,Likely Voters,957,IVR/Online,Pollster,Dem,NA,NA
2016-michigan-president-trump-vs-clinton,42,43,5,3,26596,SurveyMonkey,2016-10-25,2016-10-31,Likely Voters,1649,Internet,Nonpartisan,None,NA,NA
2016-michigan-president-trump-vs-clinton,32,52,6,10,26626,Michigan State University,2016-09-01,2016-10-30,Likely Voters,746,Live Phone,Nonpartisan,None,NA,NA
2016-michigan-president-trump-vs-clinton,46,51,4,,26592,UPI/CVOTER,2016-10-23,2016-10-29,Likely Voters,337,Internet,Nonpartisan,None,NA,NA
2016-michigan-president-trump-vs-clinton,37,45,1,15,26500,EPIC-MRA/Detroit Free Press/WXYZ-TV,2016-10-22,2016-10-24,Likely Voters,600,Live Phone,Nonpartisan,None,NA,NA
2016-michigan-president-trump-vs-clinton,40,44,4,4,26441,SurveyMonkey,2016-10-18,2016-10-24,Likely Voters,1663,Internet,Nonpartisan,None,NA,NA
2016-michigan-president-trump-vs-clinton,36,41,8,12,26365,Marketing Resource Group (R),2016-10-16,2016-10-19,Likely Voters,600,Live Phone,Pollster,Rep,NA,NA
2016-michigan-president-trump-vs-clinton,36,40,9,15,26657,Ipsos/Reuters,2016-10-06,2016-10-17,Likely Voters,1370,Internet,Nonpartisan,None,NA,NA
2016-michigan-president-trump-vs-clinton,42,51,Not included in poll,8,26246,WashPost/SurveyMonkey,2016-10-08,2016-10-16,Likely Voters,1331,Internet,Nonpartisan,None,NA,NA
2016-michigan-president-trump-vs-clinton,37,44,Not included in poll,19,26344,Ipsos/Reuters,2016-09-23,2016-10-13,Likely Voters,2192,Internet,Nonpartisan,None,NA,NA
2016-michigan-president-trump-vs-clinton,33,47,5,14,26197,Glengariff/Detroit News/WDIV,2016-10-10,2016-10-11,Likely Voters,600,Live Phone,Nonpartisan,None,NA,NA
2016-michigan-president-trump-vs-clinton,38,45,Not included in poll,17,26115,Ipsos/Reuters,2016-09-16,2016-10-06,Likely Voters,687,Internet,Nonpartisan,None,NA,NA
2016-michigan-president-trump-vs-clinton,36,46,0,16,25984,EPIC-MRA/Detroit Free Press/WXYZ-TV,2016-10-01,2016-10-03,Likely Voters,600,Live Phone,Nonpartisan,None,NA,NA
2016-michigan-president-trump-vs-clinton,39,46,4,11,25813,Glengariff/Detroit News/WDIV,2016-09-27,2016-09-28,Likely Voters,600,Live Phone,Nonpartisan,None,NA,NA
2016-michigan-president-trump-vs-clinton,44,44,Not included in poll,12,25555,Ipsos/Reuters,2016-08-26,2016-09-15,Likely Voters,991,Internet,Nonpartisan,None,NA,NA
2016-michigan-president-trump-vs-clinton,38,42,0,17,25508,EPIC-MRA/Detroit Free Press/WXYZ-TV,2016-09-10,2016-09-13,Likely Voters,600,Live Phone,Nonpartisan,None,NA,NA
2016-michigan-president-trump-vs-clinton,44,46,Not included in poll,10,25350,WashPost/SurveyMonkey,2016-08-09,2016-09-01,Registered Voters,2428,Internet,Nonpartisan,None,NA,NA
2016-michigan-president-trump-vs-clinton,37,44,3,11,25261,Suffolk,2016-08-22,2016-08-24,Likely Voters,500,Live Phone,Nonpartisan,None,NA,NA
2016-michigan-president-trump-vs-clinton,36,46,0,17,25074,EPIC-MRA/Detroit Free Press/WXYZ-TV,2016-07-30,2016-08-04,Likely Voters,600,Live Phone,Nonpartisan,None,NA,NA
2016-michigan-president-trump-vs-clinton,32,41,4,15,25056,Glengariff/Detroit News/WDIV,2016-07-30,2016-08-01,Likely Voters,600,Live Phone,Nonpartisan,None,NA,NA
2016-michigan-president-trump-vs-clinton,39,42,11,8,24911,CBS/YouGov,2016-07-13,2016-07-15,Likely Voters,1201,Internet,Nonpartisan,None,NA,NA
2016-michigan-president-trump-vs-clinton,29,34,4,31,24926,Marketing Resource Group (R),2016-07-11,2016-07-15,Likely Voters,800,Live Phone,Pollster,Rep,NA,NA
2016-michigan-president-trump-vs-clinton,34,40,Not included in poll,27,24986,Mitchell Research (R)/Fox 2 Detroit/(MAHP),2016-07-05,2016-07-11,Likely Voters,600,IVR/Live Phone,Pollster,Rep,NA,NA
2016-michigan-president-trump-vs-clinton,41,48,11,,24886,Gravis Marketing,2016-07-07,2016-07-08,Registered Voters,1562,Automated Phone,Nonpartisan,None,NA,NA
2016-michigan-president-trump-vs-clinton,39,50,6,5,24843,GQR (D-Democracy Corps/Women's Voices Women Vote),2016-06-11,2016-06-20,Likely Voters,300,Live Phone,Sponsor,Dem,NA,NA
2016-michigan-president-trump-vs-clinton,39,43,4,15,24588,Glengariff/Detroit News/WDIV,2016-05-24,2016-05-26,Likely Voters,600,Live Phone,Nonpartisan,None,NA,NA
2016-michigan-president-trump-vs-clinton,38,49,Not included in poll,13,24153,SurveyUSA,2016-03-23,2016-03-24,Likely Voters,904,IVR/Online,Nonpartisan,None,NA,NA
2016-michigan-president-trump-vs-clinton,37,47,Not included in poll,16,24238,EPIC-MRA/Detroit Free Press/WXYZ-TV,2016-03-19,2016-03-22,Likely Voters,600,Live Phone,Nonpartisan,None,NA,NA
2016-michigan-president-trump-vs-clinton,36,52,Not included in poll,13,23993,NBC/WSJ/Marist,2016-03-01,2016-03-03,Registered Voters,2229,Live Phone,Nonpartisan,None,NA,NA
2016-michigan-president-trump-vs-clinton,39,44,4,13,23917,Marketing Resource Group (R),2016-02-22,2016-02-27,Likely Voters,600,Live Phone,Pollster,Rep,NA,NA
2016-michigan-president-trump-vs-clinton,38,46,Not included in poll,16,23078,EPIC-MRA/Detroit Free Press/WXYZ-TV,2015-10-25,2015-10-31,Likely Voters,600,Live Phone,Nonpartisan,None,NA,NA
2016-michigan-president-trump-vs-clinton,42,42,Not included in poll,,22826,Mitchell Research (R)/Fox 2 Detroit,2015-09-18,2015-09-18,Likely Voters,1483,Automated Phone,Pollster,Rep,NA,NA
2016-michigan-president-trump-vs-clinton,40,43,Not included in poll,,22759,Marketing Resource Group (R),2015-09-09,2015-09-14,Likely Voters,600,Live Phone,Pollster,Rep,NA,NA
2016-michigan-president-trump-vs-clinton,42,44,Not included in poll,14,22605,EPIC-MRA/Detroit Free Press/WXYZ-TV,2015-08-18,2015-08-22,Likely Voters,600,Live Phone,Nonpartisan,None,NA,NA
2016-michigan-president-trump-vs-clinton,40,39,Not included in poll,,22603,Mitchell Research (R)/Fox 2 Detroit,2015-08-10,2015-08-10,Likely Voters,1310,Automated Phone,Pollster,Rep,NA,NA
2016-michigan-president-trump-vs-clinton,39,49,Not included in poll,12,22328,PPP (D),2015-06-25,2015-06-28,Likely Voters,1072,IVR/Online,Pollster,Dem,NA,NA
2016-arizona-president-trump-vs-clinton,42,45,3,3,26807,SurveyMonkey,2016-11-01,2016-11-07,Likely Voters,2609,Internet,Nonpartisan,None,NA,NA
2016-arizona-president-trump-vs-clinton,43,41,3,8,26813,Insights West,2016-11-04,2016-11-06,Likely Voters,392,Internet,Nonpartisan,None,NA,NA
2016-arizona-president-trump-vs-clinton,47,44,4,1,26792,Data Orbital (R),2016-11-04,2016-11-06,Likely Voters,550,Live Phone,Pollster,Rep,NA,NA
2016-arizona-president-trump-vs-clinton,50,43,7,,26793,UPI/CVOTER,2016-10-30,2016-11-06,Likely Voters,354,Internet,Nonpartisan,None,NA,NA
2016-arizona-president-trump-vs-clinton,47,42,Not included in poll,11,26806,Ipsos/Reuters,2016-10-17,2016-11-06,Likely Voters,857,Internet,Nonpartisan,None,NA,NA
2016-arizona-president-trump-vs-clinton,47,39,4,7,26711,Data Orbital (R),2016-11-01,2016-11-02,Likely Voters,550,Live Phone,Pollster,Rep,NA,NA
2016-arizona-president-trump-vs-clinton,46,41,12,2,26682,NBC/WSJ/Marist,2016-10-30,2016-11-01,Likely Voters,719,Live Phone,Nonpartisan,None,NA,NA
2016-arizona-president-trump-vs-clinton,42,41,3,6,26645,Lucid/The Times-Picayune,2016-10-28,2016-11-01,Likely Voters,1113,Internet,Nonpartisan,None,NA,NA
2016-arizona-president-trump-vs-clinton,49,44,1,0,26620,CNN,2016-10-27,2016-11-01,Likely Voters,769,Live Phone,Nonpartisan,None,NA,NA
2016-arizona-president-trump-vs-clinton,44,45,4,,26651,Saguaro,2016-10-29,2016-10-31,Likely Voters,2229,Internet,Nonpartisan,None,NA,NA
2016-arizona-president-trump-vs-clinton,44,43,2,3,26596,SurveyMonkey,2016-10-25,2016-10-31,Likely Voters,1457,Internet,Nonpartisan,None,NA,NA
2016-arizona-president-trump-vs-clinton,45,41,3,8,26599,Data Orbital (R),2016-10-29,2016-10-30,Likely Voters,550,Live Phone,Pollster,Rep,NA,NA
2016-arizona-president-trump-vs-clinton,51,43,5,,26592,UPI/CVOTER,2016-10-23,2016-10-29,Likely Voters,373,Internet,Nonpartisan,None,NA,NA
2016-arizona-president-trump-vs-clinton,44,42,9,5,26549,CBS/YouGov,2016-10-26,2016-10-28,Likely Voters,994,Internet,Nonpartisan,None,NA,NA
2016-arizona-president-trump-vs-clinton,42,40,4,10,26536,Data Orbital (R),2016-10-26,2016-10-27,Likely Voters,550,Live Phone,Pollster,Rep,NA,NA
2016-arizona-president-trump-vs-clinton,46,48,1,,26523,Saguaro,2016-10-22,2016-10-24,Likely Voters,2385,Internet,Nonpartisan,None,NA,NA
2016-arizona-president-trump-vs-clinton,46,45,3,3,26428,Monmouth University,2016-10-21,2016-10-24,Likely Voters,401,Live Phone,Nonpartisan,None,NA,NA
2016-arizona-president-trump-vs-clinton,42,41,4,2,26441,SurveyMonkey,2016-10-18,2016-10-24,Likely Voters,1550,Internet,Nonpartisan,None,NA,NA
2016-arizona-president-trump-vs-clinton,41,41,3,10,26340,Data Orbital (R),2016-10-17,2016-10-18,Likely Voters,550,Live Phone,Pollster,Rep,NA,NA
2016-arizona-president-trump-vs-clinton,45,38,8,9,26443,Ipsos/Reuters,2016-10-06,2016-10-18,Likely Voters,1538,Internet,Nonpartisan,None,NA,NA
2016-arizona-president-trump-vs-clinton,47,46,Not included in poll,7,26238,WashPost/SurveyMonkey,2016-10-08,2016-10-16,Likely Voters,1028,Internet,Nonpartisan,None,NA,NA
2016-arizona-president-trump-vs-clinton,38,43,4,8,26264,Arizona Republic/Morrison/Cronkite News,2016-10-10,2016-10-15,Likely Voters,713,Live Phone,Nonpartisan,None,NA,NA
2016-arizona-president-trump-vs-clinton,37,39,8,10,26220,HighGround,2016-10-14,2016-10-14,Likely Voters,400,Live Phone,Nonpartisan,None,NA,NA
2016-arizona-president-trump-vs-clinton,45,39,Not included in poll,16,26344,Ipsos/Reuters,2016-09-23,2016-10-13,Likely Voters,1665,Internet,Nonpartisan,None,NA,NA
2016-arizona-president-trump-vs-clinton,42,43,Not included in poll,10,26205,Data Orbital (R),2016-10-11,2016-10-12,Likely Voters,550,Live Phone,Pollster,Rep,NA,NA
2016-arizona-president-trump-vs-clinton,42,42,1,9,25986,OH Predictive Insights (R),2016-09-28,2016-09-30,Likely Voters,718,IVR/Live Phone,Pollster,Rep,NA,NA
2016-arizona-president-trump-vs-clinton,46,44,Not included in poll,10,25851,Ipsos/Reuters,2016-09-09,2016-09-29,Likely Voters,802,Internet,Nonpartisan,None,NA,NA
2016-arizona-president-trump-vs-clinton,40,38,Not included in poll,14,25721,Data Orbital (R),2016-09-20,2016-09-22,Likely Voters,550,Live Phone,Pollster,Rep,NA,NA
2016-arizona-president-trump-vs-clinton,37,33,3,19,25626,Insights West,2016-09-12,2016-09-14,Likely Voters,484,Internet,Nonpartisan,None,NA,NA
2016-arizona-president-trump-vs-clinton,42,41,12,4,25445,NBC/WSJ/Marist,2016-09-06,2016-09-08,Likely Voters,649,Live Phone,Nonpartisan,None,NA,NA
2016-arizona-president-trump-vs-clinton,45,46,Not included in poll,9,25351,WashPost/SurveyMonkey,2016-08-09,2016-09-01,Registered Voters,2026,Internet,Nonpartisan,None,NA,NA
2016-arizona-president-trump-vs-clinton,34,35,2,23,26257,Arizona Republic/Morrison/Cronkite News,2016-08-17,2016-08-31,Likely Voters,704,Live Phone,Nonpartisan,None,NA,NA
2016-arizona-president-trump-vs-clinton,46,43,Not included in poll,11,25314,PPP (D-NELP),2016-08-26,2016-08-28,Likely Voters,837,IVR/Online,Sponsor,Dem,NA,NA
2016-arizona-president-trump-vs-clinton,39,40,1,13,25280,OH Predictive Insights (R),2016-08-25,2016-08-27,Likely Voters,728,IVR/Live Phone,Pollster,Rep,NA,NA
2016-arizona-president-trump-vs-clinton,49,44,7,0,25252,CNN,2016-08-18,2016-08-23,Likely Voters,809,Live Phone,Nonpartisan,None,NA,NA
2016-arizona-president-trump-vs-clinton,44,42,9,5,25079,CBS/YouGov,2016-08-02,2016-08-05,Likely Voters,1095,Internet,Nonpartisan,None,NA,NA
2016-arizona-president-trump-vs-clinton,44,40,Not included in poll,16,24785,PPP (D-Americans United for Change/Constitutional Responsibility Project),2016-06-22,2016-06-23,Likely Voters,691,IVR/Online,Sponsor,Dem,NA,NA
2016-arizona-president-trump-vs-clinton,42,47,6,6,24751,OH Predictive Insights (R),2016-06-20,2016-06-20,Likely Voters,1060,Automated Phone,Pollster,Rep,NA,NA
2016-arizona-president-trump-vs-clinton,48,43,6,3,24841,GQR (D-Democracy Corps/Women's Voices Women Vote),2016-06-11,2016-06-20,Likely Voters,300,Live Phone,Sponsor,Dem,NA,NA
2016-arizona-president-trump-vs-clinton,40,38,2,13,24504,PPP (D),2016-05-13,2016-05-15,Likely Voters,896,IVR/Online,Pollster,Dem,NA,NA
2016-arizona-president-trump-vs-clinton,35,42,Not included in poll,23,24357,Behavior Research Center,2016-04-04,2016-04-11,Registered Voters,564,Live Phone,Nonpartisan,None,NA,NA
2016-arizona-president-trump-vs-clinton,38,38,9,15,24105,Merrill/WestGroup,2016-03-07,2016-03-11,Likely Voters,701,Live Phone,Nonpartisan,None,NA,NA
2016-arizona-president-trump-vs-clinton,44,42,Not included in poll,13,23359,Strategies 360,2015-12-04,2015-12-09,Likely Voters,504,Live Phone,Nonpartisan,None,NA,NA
2016-minnesota-president-trump-vs-clinton,39,46,12,3,26807,SurveyMonkey,2016-11-01,2016-11-07,Likely Voters,1292,Internet,Nonpartisan,None,NA,NA
2016-minnesota-president-trump-vs-clinton,46,50,4,,26793,UPI/CVOTER,2016-10-30,2016-11-06,Likely Voters,330,Internet,Nonpartisan,None,NA,NA
2016-minnesota-president-trump-vs-clinton,36,44,Not included in poll,20,26806,Ipsos/Reuters,2016-10-17,2016-11-06,Likely Voters,762,Internet,Nonpartisan,None,NA,NA
2016-minnesota-president-trump-vs-clinton,37,46,13,4,26596,SurveyMonkey,2016-10-25,2016-10-31,Likely Voters,773,Internet,Nonpartisan,None,NA,NA
2016-minnesota-president-trump-vs-clinton,47,50,3,,26592,UPI/CVOTER,2016-10-23,2016-10-29,Likely Voters,316,Internet,Nonpartisan,None,NA,NA
2016-minnesota-president-trump-vs-clinton,39,49,10,3,26558,SurveyUSA/KSTP-TV,2016-10-22,2016-10-25,Likely Voters,656,IVR/Online,Nonpartisan,None,NA,NA
2016-minnesota-president-trump-vs-clinton,36,47,14,4,26441,SurveyMonkey,2016-10-18,2016-10-24,Likely Voters,566,Internet,Nonpartisan,None,NA,NA
2016-minnesota-president-trump-vs-clinton,39,47,8,6,26415,Mason-Dixon/Star Tribune,2016-10-20,2016-10-22,Likely Voters,625,Live Phone,Nonpartisan,None,NA,NA
2016-minnesota-president-trump-vs-clinton,36,43,Not included in poll,21,26344,Ipsos/Reuters,2016-09-23,2016-10-13,Likely Voters,689,Internet,Nonpartisan,None,NA,NA
2016-minnesota-president-trump-vs-clinton,38,42,Not included in poll,20,26116,Ipsos/Reuters,2016-09-16,2016-10-06,Likely Voters,720,Internet,Nonpartisan,None,NA,NA
2016-minnesota-president-trump-vs-clinton,39,46,9,6,25658,SurveyUSA/KSTP-TV,2016-09-16,2016-09-20,Likely Voters,625,IVR/Online,Nonpartisan,None,NA,NA
2016-minnesota-president-trump-vs-clinton,34,44,Not included in poll,22,25556,Ipsos/Reuters,2016-08-26,2016-09-15,Likely Voters,641,Internet,Nonpartisan,None,NA,NA
2016-minnesota-president-trump-vs-clinton,38,44,8,10,25521,Mason-Dixon/Star Tribune,2016-09-12,2016-09-14,Registered Voters,625,Live Phone,Nonpartisan,None,NA,NA
2016-minnesota-president-trump-vs-clinton,40,49,Not included in poll,10,25373,WashPost/SurveyMonkey,2016-08-09,2016-09-01,Registered Voters,2054,Internet,Nonpartisan,None,NA,NA
2016-minnesota-president-trump-vs-clinton,38,43,Not included in poll,19,23574,Mason-Dixon/Star Tribune,2016-01-18,2016-01-20,Registered Voters,800,Live Phone,Nonpartisan,None,NA,NA
2016-minnesota-president-trump-vs-clinton,45,42,Not included in poll,13,23089,SurveyUSA/KSTP-TV,2015-10-29,2015-11-02,Registered Voters,516,IVR/Online,Nonpartisan,None,NA,NA
2016-minnesota-president-trump-vs-clinton,39,44,Not included in poll,17,22481,PPP (D),2015-07-30,2015-08-02,Likely Voters,1015,IVR/Online,Pollster,Dem,NA,NA
2016-virginia-president-trump-vs-clinton,41,49,2,2,26807,SurveyMonkey,2016-11-01,2016-11-07,Likely Voters,2183,Internet,Nonpartisan,None,7,NA
2016-virginia-president-trump-vs-clinton,42,48,3,5,26772,Christopher Newport,2016-11-01,2016-11-06,Likely Voters,1193,Live Phone,Nonpartisan,None,3,NA
2016-virginia-president-trump-vs-clinton,44,50,7,,26793,UPI/CVOTER,2016-10-30,2016-11-06,Likely Voters,344,Internet,Nonpartisan,None,NA,NA
2016-virginia-president-trump-vs-clinton,41,46,Not included in poll,13,26806,Ipsos/Reuters,2016-10-17,2016-11-06,Likely Voters,636,Internet,Nonpartisan,None,NA,NA
2016-virginia-president-trump-vs-clinton,43,48,2,4,26723,PPP (D),2016-11-03,2016-11-04,Likely Voters,1238,IVR/Online,Pollster,Dem,4,NA
2016-virginia-president-trump-vs-clinton,44,46,2,3,26759,Remington Research Group (R)/Axiom Strategies,2016-11-01,2016-11-02,Likely Voters,3076,IVR/Live Phone,Sponsor,Rep,4,NA
2016-virginia-president-trump-vs-clinton,38,45,3,9,26693,Roanoke College,2016-10-29,2016-11-01,Likely Voters,654,Live Phone,Nonpartisan,None,5,NA
2016-virginia-president-trump-vs-clinton,38,48,3,2,26596,SurveyMonkey,2016-10-25,2016-10-31,Likely Voters,2089,Internet,Nonpartisan,None,8,NA
2016-virginia-president-trump-vs-clinton,43,48,1,5,26568,Remington Research Group (R)/Axiom Strategies,2016-10-30,2016-10-30,Likely Voters,1106,IVR/Live Phone,Sponsor,Rep,3,NA
2016-virginia-president-trump-vs-clinton,42,48,4,1,26589,Washington Post/GMU,2016-10-27,2016-10-30,Likely Voters,1024,Live Phone,Nonpartisan,None,6,NA
2016-virginia-president-trump-vs-clinton,44,41,Not included in poll,15,26636,Hampton University,2016-10-26,2016-10-30,Likely Voters,802,Live Phone,Nonpartisan,None,NA,NA
2016-virginia-president-trump-vs-clinton,39,44,4,7,26613,Winthrop University,2016-10-23,2016-10-30,Likely Voters,712,Live Phone,Nonpartisan,None,5,NA
2016-virginia-president-trump-vs-clinton,46,50,4,,26592,UPI/CVOTER,2016-10-23,2016-10-29,Likely Voters,337,Internet,Nonpartisan,None,NA,NA
2016-virginia-president-trump-vs-clinton,39,46,3,8,26515,Christopher Newport,2016-10-23,2016-10-26,Likely Voters,814,Live Phone,Nonpartisan,None,5,NA
2016-virginia-president-trump-vs-clinton,38,50,3,5,26510,Quinnipiac,2016-10-20,2016-10-26,Likely Voters,749,Live Phone,Nonpartisan,None,4,NA
2016-virginia-president-trump-vs-clinton,39,48,2,2,26441,SurveyMonkey,2016-10-18,2016-10-24,Likely Voters,2459,Internet,Nonpartisan,None,9,NA
2016-virginia-president-trump-vs-clinton,43,48,1,5,26425,Remington Research Group (R)/Axiom Strategies,2016-10-20,2016-10-22,Likely Voters,1787,IVR/Live Phone,Sponsor,Rep,3,NA
2016-virginia-president-trump-vs-clinton,33,45,9,5,26351,Christopher Newport,2016-10-16,2016-10-19,Likely Voters,834,Live Phone,Nonpartisan,None,8,NA
2016-virginia-president-trump-vs-clinton,38,43,3,8,26406,Lucid/The Times-Picayune,2016-10-17,2016-10-18,Likely Voters,802,Internet,Nonpartisan,None,9,NA
2016-virginia-president-trump-vs-clinton,41,54,Not included in poll,5,26252,WashPost/SurveyMonkey,2016-10-08,2016-10-16,Likely Voters,1644,Internet,Nonpartisan,None,NA,NA
2016-virginia-president-trump-vs-clinton,38,47,2,9,26271,Tarrance (R-Virginia Chamber of Commerce),2016-10-12,2016-10-15,Likely Voters,500,Live Phone,Sponsor,Rep,3,NA
2016-virginia-president-trump-vs-clinton,29,44,11,5,26188,Christopher Newport,2016-10-11,2016-10-14,Likely Voters,809,Live Phone,Nonpartisan,None,11,NA
2016-virginia-president-trump-vs-clinton,39,49,Not included in poll,12,26344,Ipsos/Reuters,2016-09-23,2016-10-13,Likely Voters,1075,Internet,Nonpartisan,None,NA,NA
2016-virginia-president-trump-vs-clinton,36,45,2,10,26091,Roanoke College,2016-10-02,2016-10-06,Likely Voters,814,Live Phone,Nonpartisan,None,7,NA
2016-virginia-president-trump-vs-clinton,39,50,Not included in poll,11,26134,Ipsos/Reuters,2016-09-16,2016-10-06,Likely Voters,594,Internet,Nonpartisan,None,NA,NA
2016-virginia-president-trump-vs-clinton,34,46,Not included in poll,20,25999,Hampton University,2016-09-28,2016-10-02,Likely Voters,800,Live Phone,Nonpartisan,None,NA,NA
2016-virginia-president-trump-vs-clinton,35,42,8,3,25828,Christopher Newport,2016-09-27,2016-09-30,Likely Voters,892,Live Phone,Nonpartisan,None,12,NA
2016-virginia-president-trump-vs-clinton,40,46,1,5,25799,PPP (D-Vote Vets Action Fund),2016-09-27,2016-09-28,Likely Voters,811,IVR/Online,Pollster,Dem,7,NA
2016-virginia-president-trump-vs-clinton,37,45,10,8,25647,CBS/YouGov,2016-09-21,2016-09-23,Likely Voters,1237,Internet,Nonpartisan,None,NA,NA
2016-virginia-president-trump-vs-clinton,38,48,6,9,25654,Christopher Newport,2016-09-15,2016-09-23,Likely Voters,1003,Live Phone,Nonpartisan,None,NA,NA
2016-virginia-president-trump-vs-clinton,39,45,1,6,25624,Quinnipiac,2016-09-13,2016-09-21,Likely Voters,659,Live Phone,Nonpartisan,None,8,NA
2016-virginia-president-trump-vs-clinton,37,44,1,9,25613,Roanoke College,2016-09-11,2016-09-20,Likely Voters,841,Live Phone,Nonpartisan,None,8,NA
2016-virginia-president-trump-vs-clinton,38,47,Not included in poll,15,25573,Ipsos/Reuters,2016-08-26,2016-09-15,Likely Voters,510,Internet,Nonpartisan,None,NA,NA
2016-virginia-president-trump-vs-clinton,37,40,5,10,25500,University of Mary Washington/PSRAI,2016-09-06,2016-09-12,Likely Voters,685,Live Phone,Nonpartisan,None,8,NA
2016-virginia-president-trump-vs-clinton,39,45,3,8,25470,PPP (D),2016-09-09,2016-09-11,Likely Voters,878,IVR/Online,Pollster,Dem,6,NA
2016-virginia-president-trump-vs-clinton,41,49,Not included in poll,9,25353,WashPost/SurveyMonkey,2016-08-09,2016-09-01,Registered Voters,2468,Internet,Nonpartisan,None,NA,NA
2016-virginia-president-trump-vs-clinton,41,43,Not included in poll,16,25323,Hampton University,2016-08-24,2016-08-28,Likely Voters,801,Live Phone,Nonpartisan,None,NA,NA
2016-virginia-president-trump-vs-clinton,32,48,3,9,25236,Roanoke College,2016-08-07,2016-08-17,Likely Voters,803,Live Phone,Nonpartisan,None,8,NA
2016-virginia-president-trump-vs-clinton,38,50,5,8,25200,Quinnipiac,2016-08-09,2016-08-16,Likely Voters,808,Live Phone,Nonpartisan,None,NA,NA
2016-virginia-president-trump-vs-clinton,43,51,5,1,25181,Washington Post,2016-08-11,2016-08-14,Likely Voters,707,Live Phone,Nonpartisan,None,NA,NA
2016-virginia-president-trump-vs-clinton,33,46,12,9,25151,NBC/WSJ/Marist,2016-08-04,2016-08-10,Registered Voters,897,Live Phone,Nonpartisan,None,NA,NA
2016-virginia-president-trump-vs-clinton,37,49,2,5,25081,CBS/YouGov,2016-08-02,2016-08-05,Likely Voters,1181,Internet,Nonpartisan,None,7,NA
2016-virginia-president-trump-vs-clinton,46,42,7,5,25027,RABA Research,2016-07-26,2016-07-27,Registered Voters,655,Automated Phone,Nonpartisan,None,NA,NA
2016-virginia-president-trump-vs-clinton,37,44,6,13,24902,Fox News,2016-07-09,2016-07-12,Registered Voters,601,Live Phone,Nonpartisan,None,NA,NA
2016-virginia-president-trump-vs-clinton,37,44,6,13,24881,FOX,2016-07-09,2016-07-12,Registered Voters,601,Live Phone,Nonpartisan,None,NA,NA
2016-virginia-president-trump-vs-clinton,35,44,15,7,24894,NBC/WSJ/Marist,2016-07-05,2016-07-11,Registered Voters,876,Live Phone,Nonpartisan,None,NA,NA
2016-virginia-president-trump-vs-clinton,39,39,Not included in poll,22,24912,Hampton University,2016-07-06,2016-07-10,Likely Voters,805,Live Phone,Nonpartisan,None,NA,NA
2016-virginia-president-trump-vs-clinton,39,42,2,10,24689,PPP (D),2016-06-13,2016-06-15,Likely Voters,1032,IVR/Online,Pollster,Dem,6,NA
2016-virginia-president-trump-vs-clinton,41,45,14,,24563,Gravis Marketing,2016-05-24,2016-05-24,Registered Voters,1728,Automated Phone,Nonpartisan,None,NA,NA
2016-virginia-president-trump-vs-clinton,38,38,11,13,24534,Roanoke College,2016-05-09,2016-05-17,Likely Voters,610,Live Phone,Nonpartisan,None,NA,NA
2016-virginia-president-trump-vs-clinton,35,44,14,8,24242,Christopher Newport,2016-03-23,2016-04-03,Likely Voters,1102,Live Phone,Nonpartisan,None,NA,NA
2016-virginia-president-trump-vs-clinton,35,52,Not included in poll,13,23701,Roanoke College,2016-01-18,2016-01-26,Likely Voters,524,Live Phone,Nonpartisan,None,NA,NA
2016-virginia-president-trump-vs-clinton,36,50,Not included in poll,14,23178,Roanoke College,2015-11-09,2015-11-13,Registered Voters,555,Live Phone,Nonpartisan,None,NA,NA
2016-virginia-president-trump-vs-clinton,40,47,8,6,22896,Christopher Newport,2015-09-29,2015-10-08,Registered Voters,1067,Live Phone,Nonpartisan,None,NA,NA
2016-virginia-president-trump-vs-clinton,32,45,Not included in poll,23,22619,Roanoke College,2015-08-10,2015-08-20,Likely Voters,608,Live Phone,Nonpartisan,None,NA,NA
2016-virginia-president-trump-vs-clinton,39,49,Not included in poll,12,22389,PPP (D),2015-07-13,2015-07-15,Likely Voters,1170,IVR/Online,Pollster,Dem,NA,NA
2016-iowa-president-trump-vs-clinton,47,38,7,,26807,SurveyMonkey,2016-11-01,2016-11-07,Likely Voters,1781,Internet,Nonpartisan,None,9,NA
2016-iowa-president-trump-vs-clinton,48,47,6,,26793,UPI/CVOTER,2016-10-30,2016-11-06,Likely Voters,342,Internet,Nonpartisan,None,NA,NA
2016-iowa-president-trump-vs-clinton,44,44,Not included in poll,12,26806,Ipsos/Reuters,2016-10-17,2016-11-06,Likely Voters,595,Internet,Nonpartisan,None,NA,NA
2016-iowa-president-trump-vs-clinton,46,39,3,6,26746,Des Moines Register/Mediacom/Selzer,2016-11-01,2016-11-04,Likely Voters,800,Live Phone,Nonpartisan,None,6,NA
2016-iowa-president-trump-vs-clinton,43,44,3,7,26735,Loras College,2016-11-01,2016-11-03,Likely Voters,500,Live Phone,Nonpartisan,None,3,NA
2016-iowa-president-trump-vs-clinton,44,41,4,6,26692,RABA Research/Simpson,2016-11-01,2016-11-02,Likely Voters,1076,IVR/Online,Nonpartisan,None,5,NA
2016-iowa-president-trump-vs-clinton,45,40,6,,26596,SurveyMonkey,2016-10-25,2016-10-31,Likely Voters,984,Internet,Nonpartisan,None,10,NA
2016-iowa-president-trump-vs-clinton,48,48,4,,26592,UPI/CVOTER,2016-10-23,2016-10-29,Likely Voters,329,Internet,Nonpartisan,None,NA,NA
2016-iowa-president-trump-vs-clinton,44,44,2,6,26511,Quinnipiac,2016-10-20,2016-10-26,Likely Voters,791,Live Phone,Nonpartisan,None,4,NA
2016-iowa-president-trump-vs-clinton,44,40,7,,26441,SurveyMonkey,2016-10-18,2016-10-24,Likely Voters,1229,Internet,Nonpartisan,None,9,NA
2016-iowa-president-trump-vs-clinton,49,44,Not included in poll,7,26243,WashPost/SurveyMonkey,2016-10-08,2016-10-16,Likely Voters,1135,Internet,Nonpartisan,None,NA,NA
2016-iowa-president-trump-vs-clinton,44,45,Not included in poll,11,26344,Ipsos/Reuters,2016-09-23,2016-10-13,Likely Voters,549,Internet,Nonpartisan,None,NA,NA
2016-iowa-president-trump-vs-clinton,37,41,2,9,26377,Lucid/The Times-Picayune,2016-10-07,2016-10-10,Likely Voters,917,Internet,Nonpartisan,None,10,NA
2016-iowa-president-trump-vs-clinton,43,39,4,7,26007,Des Moines Register/Mediacom/Selzer,2016-10-03,2016-10-06,Likely Voters,642,Live Phone,Nonpartisan,None,6,NA
2016-iowa-president-trump-vs-clinton,46,44,Not included in poll,10,26108,Ipsos/Reuters,2016-09-16,2016-10-06,Likely Voters,528,Internet,Nonpartisan,None,NA,NA
2016-iowa-president-trump-vs-clinton,42,42,6,10,25661,Loras College,2016-09-20,2016-09-22,Likely Voters,491,Live Phone,Nonpartisan,None,NA,NA
2016-iowa-president-trump-vs-clinton,44,37,2,5,25623,Quinnipiac,2016-09-13,2016-09-21,Likely Voters,612,Live Phone,Nonpartisan,None,10,NA
2016-iowa-president-trump-vs-clinton,49,41,Not included in poll,10,25548,Ipsos/Reuters,2016-08-26,2016-09-15,Likely Voters,510,Internet,Nonpartisan,None,NA,NA
2016-iowa-president-trump-vs-clinton,45,37,4,6,25504,Monmouth University,2016-09-12,2016-09-14,Likely Voters,404,Live Phone,Nonpartisan,None,8,NA
2016-iowa-president-trump-vs-clinton,40,39,3,8,25451,RABA Research/Simpson,2016-09-06,2016-09-08,Likely Voters,1054,IVR/Online,Nonpartisan,None,10,NA
2016-iowa-president-trump-vs-clinton,46,42,Not included in poll,12,25366,WashPost/SurveyMonkey,2016-08-09,2016-09-01,Registered Voters,1875,Internet,Nonpartisan,None,NA,NA
2016-iowa-president-trump-vs-clinton,43,45,Not included in poll,12,25415,PPP (D-Constitutional Responsibility Project),2016-08-30,2016-08-31,Likely Voters,827,IVR/Online,Sponsor,Dem,NA,NA
2016-iowa-president-trump-vs-clinton,40,40,6,7,25220,CBS/YouGov,2016-08-17,2016-08-19,Likely Voters,987,Internet,Nonpartisan,None,7,NA
2016-iowa-president-trump-vs-clinton,44,47,4,6,25198,Quinnipiac,2016-08-09,2016-08-16,Likely Voters,846,Live Phone,Nonpartisan,None,NA,NA
2016-iowa-president-trump-vs-clinton,41,40,Not included in poll,19,25128,Suffolk,2016-08-08,2016-08-10,Likely Voters,500,Live Phone,Nonpartisan,None,NA,NA
2016-iowa-president-trump-vs-clinton,37,41,13,9,25104,NBC/WSJ/Marist,2016-08-03,2016-08-07,Registered Voters,899,Live Phone,Nonpartisan,None,NA,NA
2016-iowa-president-trump-vs-clinton,40,39,12,8,24909,CBS/YouGov,2016-07-13,2016-07-15,Likely Voters,998,Internet,Nonpartisan,None,NA,NA
2016-iowa-president-trump-vs-clinton,44,42,3,6,24862,Monmouth University,2016-07-08,2016-07-11,Likely Voters,401,Live Phone,Nonpartisan,None,6,NA
2016-iowa-president-trump-vs-clinton,39,42,10,8,24877,NBC/WSJ/Marist,2016-07-05,2016-07-10,Registered Voters,822,Live Phone,Nonpartisan,None,NA,NA
2016-iowa-president-trump-vs-clinton,40,42,18,,24885,Gravis Marketing,2016-07-07,2016-07-08,Registered Voters,1318,Automated Phone,Nonpartisan,None,NA,NA
2016-iowa-president-trump-vs-clinton,34,48,4,14,24806,Loras College,2016-06-24,2016-06-28,Likely Voters,600,Live Phone,Nonpartisan,None,NA,NA
2016-iowa-president-trump-vs-clinton,39,41,Not included in poll,20,24786,PPP (D-Americans United for Change/Constitutional Responsibility Project),2016-06-22,2016-06-23,Likely Voters,897,IVR/Online,Sponsor,Dem,NA,NA
2016-iowa-president-trump-vs-clinton,41,44,Not included in poll,15,24688,PPP (D-Constitutional Responsibility Project),2016-06-09,2016-06-13,Likely Voters,630,Automated Phone,Sponsor,Dem,NA,NA
2016-iowa-president-trump-vs-clinton,40,48,Not included in poll,12,23463,NBC/WSJ/Marist,2016-01-02,2016-01-07,Registered Voters,1470,Live Phone,Nonpartisan,None,NA,NA
2016-iowa-president-trump-vs-clinton,43,45,Not included in poll,13,23364,PPP (D),2015-12-10,2015-12-13,Likely Voters,1426,IVR/Online,Pollster,Dem,NA,NA
2016-iowa-president-trump-vs-clinton,40,41,Not included in poll,19,23184,Morning Consult/Campaign for Sustainable Rx Pricing,2015-11-10,2015-11-16,Registered Voters,641,Live Phone/Online,Nonpartisan,None,NA,NA
2016-iowa-president-trump-vs-clinton,44,44,Not included in poll,12,23072,PPP (D),2015-10-30,2015-11-01,Likely Voters,1668,IVR/Online,Pollster,Dem,NA,NA
2016-iowa-president-trump-vs-clinton,48,41,Not included in poll,11,22843,NBC/WSJ/Marist,2015-09-23,2015-09-30,Registered Voters,1061,Live Phone,Nonpartisan,None,NA,NA
2016-iowa-president-trump-vs-clinton,48,43,Not included in poll,9,22684,NBC/Marist,2015-08-26,2015-09-02,Registered Voters,998,Live Phone,Nonpartisan,None,NA,NA
2016-iowa-president-trump-vs-clinton,40,43,Not included in poll,17,22539,PPP (D),2015-08-07,2015-08-09,Likely Voters,1500,IVR/Online,Pollster,Dem,NA,NA
2016-north-carolina-president-trump-vs-clinton,41,48,Not included in poll,3,26807,SurveyMonkey,2016-11-01,2016-11-07,Likely Voters,3126,Internet,Nonpartisan,None,7,NA
2016-north-carolina-president-trump-vs-clinton,44,44,2,6,26780,NYT Upshot/Siena,2016-11-04,2016-11-06,Likely Voters,800,Live Phone,Nonpartisan,None,3,NA
2016-north-carolina-president-trump-vs-clinton,45,47,2,4,26777,Quinnipiac,2016-11-03,2016-11-06,Likely Voters,870,Live Phone,Nonpartisan,None,3,NA
2016-north-carolina-president-trump-vs-clinton,48,47,6,,26793,UPI/CVOTER,2016-10-30,2016-11-06,Likely Voters,357,Internet,Nonpartisan,None,NA,NA
2016-north-carolina-president-trump-vs-clinton,47,46,Not included in poll,7,26806,Ipsos/Reuters,2016-10-17,2016-11-06,Likely Voters,650,Internet,Nonpartisan,None,NA,NA
2016-north-carolina-president-trump-vs-clinton,48,45,1,2,26762,Remington Research Group (R)/Axiom Strategies,2016-11-01,2016-11-02,Likely Voters,2596,IVR/Live Phone,Sponsor,Rep,3,NA
2016-north-carolina-president-trump-vs-clinton,47,49,Not included in poll,4,26702,PPP (D-Center for American Progress Action Fund),2016-10-31,2016-11-01,Likely Voters,1169,IVR/Online,Sponsor,Dem,NA,NA
2016-north-carolina-president-trump-vs-clinton,44,47,1,5,26632,Quinnipiac,2016-10-27,2016-11-01,Likely Voters,602,Live Phone,Nonpartisan,None,3,NA
2016-north-carolina-president-trump-vs-clinton,51,44,Not included in poll,3,26607,SurveyUSA/WRAL,2016-10-28,2016-10-31,Likely Voters,659,IVR/Online,Nonpartisan,None,3,NA
2016-north-carolina-president-trump-vs-clinton,44,47,Not included in poll,2,26596,SurveyMonkey,2016-10-25,2016-10-31,Likely Voters,1574,Internet,Nonpartisan,None,7,NA
2016-north-carolina-president-trump-vs-clinton,47,45,1,4,26565,Remington Research Group (R)/Axiom Strategies,2016-10-30,2016-10-30,Likely Voters,1176,IVR/Live Phone,Sponsor,Rep,2,NA
2016-north-carolina-president-trump-vs-clinton,48,48,4,,26592,UPI/CVOTER,2016-10-23,2016-10-29,Likely Voters,351,Internet,Nonpartisan,None,NA,NA
2016-north-carolina-president-trump-vs-clinton,45,48,2,2,26548,CBS/YouGov,2016-10-26,2016-10-28,Likely Voters,992,Internet,Nonpartisan,None,3,NA
2016-north-carolina-president-trump-vs-clinton,41,42,2,12,26597,Elon,2016-10-23,2016-10-27,Likely Voters,710,Live Phone,Nonpartisan,None,3,NA
2016-north-carolina-president-trump-vs-clinton,44,50,5,2,26545,NBC/WSJ/Marist,2016-10-25,2016-10-26,Likely Voters,780,Live Phone,Nonpartisan,None,NA,NA
2016-north-carolina-president-trump-vs-clinton,43,47,1,4,26508,Quinnipiac,2016-10-20,2016-10-26,Likely Voters,702,Live Phone,Nonpartisan,None,5,NA
2016-north-carolina-president-trump-vs-clinton,43,47,Not included in poll,3,26441,SurveyMonkey,2016-10-18,2016-10-24,Likely Voters,1825,Internet,Nonpartisan,None,7,NA
2016-north-carolina-president-trump-vs-clinton,39,46,1,6,26410,NYT Upshot/Siena,2016-10-20,2016-10-23,Likely Voters,792,Live Phone,Nonpartisan,None,8,NA
2016-north-carolina-president-trump-vs-clinton,46,47,1,2,26395,Monmouth University,2016-10-20,2016-10-23,Likely Voters,402,Live Phone,Nonpartisan,None,4,NA
2016-north-carolina-president-trump-vs-clinton,44,47,Not included in poll,5,26393,PPP (D),2016-10-21,2016-10-22,Likely Voters,875,IVR/Online,Pollster,Dem,4,NA
2016-north-carolina-president-trump-vs-clinton,47,44,1,5,26421,Remington Research Group (R)/Axiom Strategies,2016-10-20,2016-10-22,Likely Voters,1764,IVR/Live Phone,Sponsor,Rep,3,NA
2016-north-carolina-president-trump-vs-clinton,43,45,5,7,26698,Ipsos/Reuters,2016-10-06,2016-10-19,Likely Voters,1233,Internet,Nonpartisan,None,NA,NA
2016-north-carolina-president-trump-vs-clinton,41,42,2,7,26405,Lucid/The Times-Picayune,2016-10-17,2016-10-18,Likely Voters,924,Internet,Nonpartisan,None,8,NA
2016-north-carolina-president-trump-vs-clinton,43,45,1,6,26283,Civitas (R),2016-10-14,2016-10-17,Likely Voters,600,Live Phone,Pollster,Rep,5,NA
2016-north-carolina-president-trump-vs-clinton,44,46,Not included in poll,4,26268,SurveyUSA/TWC News North Carolina,2016-10-14,2016-10-17,Likely Voters,651,IVR/Online,Nonpartisan,None,6,NA
2016-north-carolina-president-trump-vs-clinton,43,51,Not included in poll,7,26244,WashPost/SurveyMonkey,2016-10-08,2016-10-16,Likely Voters,1191,Internet,Nonpartisan,None,NA,NA
2016-north-carolina-president-trump-vs-clinton,47,48,1,0,26202,CNN,2016-10-10,2016-10-15,Likely Voters,788,Live Phone,Nonpartisan,None,4,NA
2016-north-carolina-president-trump-vs-clinton,42,46,Not included in poll,12,26344,Ipsos/Reuters,2016-09-23,2016-10-13,Likely Voters,2059,Internet,Nonpartisan,None,NA,NA
2016-north-carolina-president-trump-vs-clinton,43,48,6,3,26167,NBC/WSJ/Marist,2016-10-10,2016-10-12,Likely Voters,743,Live Phone,Nonpartisan,None,NA,NA
2016-north-carolina-president-trump-vs-clinton,43,45,Not included in poll,7,26158,Suffolk,2016-10-10,2016-10-12,Likely Voters,500,Live Phone,Nonpartisan,None,5,NA
2016-north-carolina-president-trump-vs-clinton,42,43,Not included in poll,6,26020,High Point University,2016-10-01,2016-10-06,Likely Voters,479,Live Phone,Nonpartisan,None,8,NA
2016-north-carolina-president-trump-vs-clinton,43,44,Not included in poll,13,26125,Ipsos/Reuters,2016-09-16,2016-10-06,Likely Voters,600,Internet,Nonpartisan,None,NA,NA
2016-north-carolina-president-trump-vs-clinton,44,46,Not included in poll,6,25957,SurveyUSA/WRAL News,2016-09-29,2016-10-03,Likely Voters,656,IVR/Online,Nonpartisan,None,5,NA
2016-north-carolina-president-trump-vs-clinton,45,46,4,5,25849,Bloomberg/Selzer,2016-09-29,2016-10-02,Likely Voters,805,Live Phone,Nonpartisan,None,NA,NA
2016-north-carolina-president-trump-vs-clinton,43,46,1,3,25844,Quinnipiac,2016-09-27,2016-10-02,Likely Voters,507,Live Phone,Nonpartisan,None,7,NA
2016-north-carolina-president-trump-vs-clinton,39,45,1,6,25950,Elon,2016-09-27,2016-09-30,Likely Voters,660,Live Phone,Nonpartisan,None,9,NA
2016-north-carolina-president-trump-vs-clinton,42,44,Not included in poll,7,25797,PPP (D-Vote Vets Action Fund),2016-09-27,2016-09-28,Likely Voters,861,IVR/Online,Pollster,Dem,7,NA
2016-north-carolina-president-trump-vs-clinton,35,38,10,11,25726,The Meredith College Poll,2016-09-18,2016-09-22,Registered Voters,487,Live Phone,Nonpartisan,None,6,NA
2016-north-carolina-president-trump-vs-clinton,42,43,Not included in poll,6,25656,High Point University,2016-09-17,2016-09-22,Likely Voters,404,Live Phone,Nonpartisan,None,10,NA
2016-north-carolina-president-trump-vs-clinton,45,40,1,8,25608,Fox News,2016-09-18,2016-09-20,Likely Voters,734,Live Phone,Nonpartisan,None,6,NA
2016-north-carolina-president-trump-vs-clinton,45,43,Not included in poll,7,25591,PPP (D),2016-09-18,2016-09-20,Likely Voters,1024,IVR/Online,Pollster,Dem,6,NA
2016-north-carolina-president-trump-vs-clinton,43,45,2,11,25611,NYT Upshot/Siena,2016-09-16,2016-09-19,Likely Voters,782,Live Phone,Nonpartisan,None,NA,NA
2016-north-carolina-president-trump-vs-clinton,40,44,3,3,25637,GQR (D-Democracy Corps/WVWV),2016-09-10,2016-09-19,Likely Voters,400,Live Phone,Sponsor,Dem,9,NA
2016-north-carolina-president-trump-vs-clinton,44,43,1,6,25579,Elon,2016-09-12,2016-09-16,Likely Voters,644,Live Phone,Nonpartisan,None,6,NA
2016-north-carolina-president-trump-vs-clinton,44,46,Not included in poll,10,25563,Ipsos/Reuters,2016-08-26,2016-09-15,Likely Voters,917,Internet,Nonpartisan,None,NA,NA
2016-north-carolina-president-trump-vs-clinton,42,42,Not included in poll,9,25497,Civitas (R),2016-09-11,2016-09-12,Likely Voters,600,Live Phone,Pollster,Rep,5,NA
2016-north-carolina-president-trump-vs-clinton,44,41,Not included in poll,11,25424,Suffolk,2016-09-05,2016-09-07,Likely Voters,500,Live Phone,Nonpartisan,None,4,NA
2016-north-carolina-president-trump-vs-clinton,43,47,2,8,25430,Quinnipiac,2016-08-29,2016-09-07,Likely Voters,751,Live Phone,Nonpartisan,None,NA,NA
2016-north-carolina-president-trump-vs-clinton,42,46,3,4,25338,CBS/YouGov,2016-08-30,2016-09-02,Likely Voters,1088,Internet,Nonpartisan,None,4,NA
2016-north-carolina-president-trump-vs-clinton,46,46,Not included in poll,8,25383,WashPost/SurveyMonkey,2016-08-09,2016-09-01,Registered Voters,2552,Internet,Nonpartisan,None,NA,NA
2016-north-carolina-president-trump-vs-clinton,44,45,Not included in poll,12,25318,PPP (D-NELP),2016-08-26,2016-08-27,Likely Voters,1177,IVR/Online,Sponsor,Dem,NA,NA
2016-north-carolina-president-trump-vs-clinton,42,44,1,6,25250,Monmouth University,2016-08-20,2016-08-23,Likely Voters,401,Live Phone,Nonpartisan,None,7,NA
2016-north-carolina-president-trump-vs-clinton,47,48,4,1,25253,CNN,2016-08-18,2016-08-23,Likely Voters,803,Live Phone,Nonpartisan,None,NA,NA
2016-north-carolina-president-trump-vs-clinton,43,44,Not included in poll,13,25221,Gravis Marketing,2016-08-15,2016-08-17,Registered Voters,723,IVR/Online,Nonpartisan,None,NA,NA
2016-north-carolina-president-trump-vs-clinton,39,48,7,7,25149,NBC/WSJ/Marist,2016-08-04,2016-08-10,Registered Voters,921,Live Phone,Nonpartisan,None,NA,NA
2016-north-carolina-president-trump-vs-clinton,41,43,2,8,25097,PPP (D),2016-08-05,2016-08-07,Likely Voters,830,IVR/Online,Pollster,Dem,7,NA
2016-north-carolina-president-trump-vs-clinton,46,42,Not included in poll,7,25053,SurveyUSA/Civitas (R),2016-07-31,2016-08-02,Likely Voters,400,IVR/Online,Sponsor,Rep,6,NA
2016-north-carolina-president-trump-vs-clinton,38,44,12,6,24893,NBC/WSJ/Marist,2016-07-05,2016-07-11,Registered Voters,907,Live Phone,Nonpartisan,None,NA,NA
2016-north-carolina-president-trump-vs-clinton,42,44,6,7,24769,CBS/YouGov,2016-06-21,2016-06-24,Likely Voters,988,Internet,Nonpartisan,None,NA,NA
2016-north-carolina-president-trump-vs-clinton,43,43,6,7,24758,PPP (D),2016-06-20,2016-06-21,Likely Voters,947,IVR/Online,Pollster,Dem,NA,NA
2016-north-carolina-president-trump-vs-clinton,41,51,5,3,24844,GQR (D-Democracy Corps/Women's Voices Women Vote),2016-06-11,2016-06-20,Likely Voters,300,Live Phone,Sponsor,Dem,NA,NA
2016-north-carolina-president-trump-vs-clinton,39,36,10,11,24565,Civitas (R),2016-05-21,2016-05-23,Likely Voters,600,Live Phone,Pollster,Rep,NA,NA
2016-north-carolina-president-trump-vs-clinton,43,41,5,11,24552,PPP (D),2016-05-20,2016-05-22,Likely Voters,928,IVR/Online,Pollster,Dem,NA,NA
2016-north-carolina-president-trump-vs-clinton,37,49,2,12,24421,Civitas (R),2016-04-23,2016-04-25,Likely Voters,600,Live Phone,Pollster,Rep,NA,NA
2016-north-carolina-president-trump-vs-clinton,44,44,Not included in poll,12,24386,PPP (D),2016-04-22,2016-04-24,Likely Voters,960,IVR/Online,Pollster,Dem,NA,NA
2016-north-carolina-president-trump-vs-clinton,39,45,14,3,24309,Elon,2016-04-10,2016-04-15,Registered Voters,621,Live Phone,Nonpartisan,None,NA,NA
2016-north-carolina-president-trump-vs-clinton,42,44,Not included in poll,14,24132,PPP (D),2016-03-18,2016-03-20,Likely Voters,843,IVR/Online,Pollster,Dem,NA,NA
2016-north-carolina-president-trump-vs-clinton,49,42,Not included in poll,9,24055,SurveyUSA/High Point University,2016-03-09,2016-03-10,Likely Voters,1576,IVR/Online,Nonpartisan,None,NA,NA
2016-north-carolina-president-trump-vs-clinton,41,47,9,4,23831,Elon,2016-02-15,2016-02-19,Likely Voters,1530,Live Phone,Nonpartisan,None,NA,NA
2016-north-carolina-president-trump-vs-clinton,44,43,Not included in poll,13,23843,PPP (D),2016-02-14,2016-02-16,Likely Voters,1291,IVR/Online,Pollster,Dem,NA,NA
2016-north-carolina-president-trump-vs-clinton,45,43,Not included in poll,13,23837,SurveyUSA/TWC News North Carolina,2016-02-14,2016-02-16,Likely Voters,1250,IVR/Online,Nonpartisan,None,NA,NA
2016-north-carolina-president-trump-vs-clinton,45,43,Not included in poll,12,23535,PPP (D),2016-01-18,2016-01-19,Likely Voters,948,IVR/Online,Pollster,Dem,NA,NA
2016-north-carolina-president-trump-vs-clinton,47,43,Not included in poll,10,23277,PPP (D),2015-12-05,2015-12-07,Likely Voters,1214,IVR/Online,Pollster,Dem,NA,NA
2016-north-carolina-president-trump-vs-clinton,40,50,8,3,23075,Elon,2015-10-29,2015-11-02,Likely Voters,1040,Live Phone,Nonpartisan,None,NA,NA
2016-north-carolina-president-trump-vs-clinton,48,42,Not included in poll,10,23002,PPP (D),2015-10-23,2015-10-25,Likely Voters,893,IVR/Online,Pollster,Dem,NA,NA
2016-north-carolina-president-trump-vs-clinton,43,47,Not included in poll,11,22883,Civitas (R),2015-09-28,2015-09-30,Registered Voters,600,Live Phone,Pollster,Rep,NA,NA
2016-north-carolina-president-trump-vs-clinton,47,42,Not included in poll,12,22812,PPP (D),2015-09-24,2015-09-27,Likely Voters,1268,IVR/Online,Pollster,Dem,NA,NA
2016-north-carolina-president-trump-vs-clinton,40,47,10,3,22796,Elon,2015-09-17,2015-09-21,Registered Voters,1075,Live Phone,Nonpartisan,None,NA,NA
2016-north-carolina-president-trump-vs-clinton,45,42,Not included in poll,14,22577,PPP (D),2015-08-12,2015-08-16,Likely Voters,957,IVR/Online,Pollster,Dem,NA,NA
2016-north-carolina-president-trump-vs-clinton,44,47,Not included in poll,9,22353,PPP (D),2015-07-02,2015-07-06,Likely Voters,529,IVR/Online,Pollster,Dem,NA,NA
2016-wisconsin-president-trump-vs-clinton,42,44,4,3,26807,SurveyMonkey,2016-11-01,2016-11-07,Likely Voters,2246,Internet,Nonpartisan,None,NA,NA
2016-wisconsin-president-trump-vs-clinton,43,51,6,,26793,UPI/CVOTER,2016-10-30,2016-11-06,Likely Voters,372,Internet,Nonpartisan,None,NA,NA
2016-wisconsin-president-trump-vs-clinton,40,46,Not included in poll,14,26806,Ipsos/Reuters,2016-10-17,2016-11-06,Likely Voters,842,Internet,Nonpartisan,None,NA,NA
2016-wisconsin-president-trump-vs-clinton,41,49,3,4,26765,Remington Research Group (R)/Axiom Strategies,2016-11-01,2016-11-02,Likely Voters,2720,IVR/Live Phone,Sponsor,Rep,NA,NA
2016-wisconsin-president-trump-vs-clinton,38,44,2,9,26706,Loras College,2016-10-31,2016-11-01,Likely Voters,500,Live Phone,Nonpartisan,None,NA,NA
2016-wisconsin-president-trump-vs-clinton,41,48,Not included in poll,10,26700,PPP (D-Center for American Progress Action Fund),2016-10-31,2016-11-01,Likely Voters,891,IVR/Online,Sponsor,Dem,NA,NA
2016-wisconsin-president-trump-vs-clinton,40,46,10,4,26627,Marquette Law School,2016-10-26,2016-10-31,Likely Voters,1255,Live Phone,Nonpartisan,None,NA,NA
2016-wisconsin-president-trump-vs-clinton,42,44,4,3,26596,SurveyMonkey,2016-10-25,2016-10-31,Likely Voters,1195,Internet,Nonpartisan,None,NA,NA
2016-wisconsin-president-trump-vs-clinton,42,46,3,5,26560,Remington Research Group (R)/Axiom Strategies,2016-10-30,2016-10-30,Likely Voters,1772,IVR/Live Phone,Sponsor,Rep,NA,NA
2016-wisconsin-president-trump-vs-clinton,46,51,3,,26592,UPI/CVOTER,2016-10-23,2016-10-29,Likely Voters,365,Internet,Nonpartisan,None,NA,NA
2016-wisconsin-president-trump-vs-clinton,41,43,3,3,26441,SurveyMonkey,2016-10-18,2016-10-24,Likely Voters,1351,Internet,Nonpartisan,None,NA,NA
2016-wisconsin-president-trump-vs-clinton,41,46,2,6,26426,Remington Research Group (R)/Axiom Strategies,2016-10-20,2016-10-22,Likely Voters,1795,IVR/Live Phone,Sponsor,Rep,NA,NA
2016-wisconsin-president-trump-vs-clinton,38,50,Not included in poll,12,26282,PPP (D-End Citizens United),2016-10-18,2016-10-19,Likely Voters,804,IVR/Online,Sponsor,Dem,NA,NA
2016-wisconsin-president-trump-vs-clinton,40,47,3,5,26274,Monmouth University,2016-10-15,2016-10-18,Likely Voters,403,Live Phone,Nonpartisan,None,NA,NA
2016-wisconsin-president-trump-vs-clinton,39,47,6,7,26236,St Norbert,2016-10-13,2016-10-16,Likely Voters,664,Live Phone,Nonpartisan,None,NA,NA
2016-wisconsin-president-trump-vs-clinton,44,48,Not included in poll,8,26253,WashPost/SurveyMonkey,2016-10-08,2016-10-16,Likely Voters,1076,Internet,Nonpartisan,None,NA,NA
2016-wisconsin-president-trump-vs-clinton,37,42,Not included in poll,21,26344,Ipsos/Reuters,2016-09-23,2016-10-13,Likely Voters,810,Internet,Nonpartisan,None,NA,NA
2016-wisconsin-president-trump-vs-clinton,42,46,8,4,26150,Marquette Law School,2016-10-06,2016-10-09,Likely Voters,878,Live Phone,Nonpartisan,None,NA,NA
2016-wisconsin-president-trump-vs-clinton,39,43,3,11,26016,CBS/YouGov,2016-10-05,2016-10-07,Likely Voters,993,Internet,Nonpartisan,None,NA,NA
2016-wisconsin-president-trump-vs-clinton,42,46,Not included in poll,12,26137,Ipsos/Reuters,2016-09-16,2016-10-06,Likely Voters,866,Internet,Nonpartisan,None,NA,NA
2016-wisconsin-president-trump-vs-clinton,37,47,7,9,26083,Loras College,2016-10-04,2016-10-05,Likely Voters,500,Live Phone,Nonpartisan,None,NA,NA
2016-wisconsin-president-trump-vs-clinton,42,44,8,5,25601,Marquette Law School,2016-09-15,2016-09-18,Likely Voters,642,Live Phone,Nonpartisan,None,NA,NA
2016-wisconsin-president-trump-vs-clinton,40,43,Not included in poll,17,25576,Ipsos/Reuters,2016-08-26,2016-09-15,Likely Voters,695,Internet,Nonpartisan,None,NA,NA
2016-wisconsin-president-trump-vs-clinton,44,46,Not included in poll,11,25347,WashPost/SurveyMonkey,2016-08-09,2016-09-01,Registered Voters,2687,Internet,Nonpartisan,None,NA,NA
2016-wisconsin-president-trump-vs-clinton,38,43,4,8,25303,Monmouth University,2016-08-27,2016-08-30,Likely Voters,404,Live Phone,Nonpartisan,None,NA,NA
2016-wisconsin-president-trump-vs-clinton,42,45,7,4,25304,Marquette Law School,2016-08-25,2016-08-28,Likely Voters,650,Live Phone,Nonpartisan,None,NA,NA
2016-wisconsin-president-trump-vs-clinton,41,48,Not included in poll,12,25312,PPP (D-NELP),2016-08-26,2016-08-27,Likely Voters,1054,IVR/Online,Sponsor,Dem,NA,NA
2016-wisconsin-president-trump-vs-clinton,37,52,7,3,25118,Marquette Law School,2016-08-04,2016-08-07,Likely Voters,683,Live Phone,Nonpartisan,None,NA,NA
2016-wisconsin-president-trump-vs-clinton,41,45,9,6,24879,Marquette Law School,2016-07-07,2016-07-10,Likely Voters,665,Live Phone,Nonpartisan,None,NA,NA
2016-wisconsin-president-trump-vs-clinton,36,41,11,12,24768,CBS/YouGov,2016-06-21,2016-06-24,Likely Voters,993,Internet,Nonpartisan,None,NA,NA
2016-wisconsin-president-trump-vs-clinton,39,47,Not included in poll,14,24790,PPP (D-Americans United for Change/Constitutional Responsibility Project),2016-06-22,2016-06-23,Likely Voters,843,IVR/Online,Sponsor,Dem,NA,NA
2016-wisconsin-president-trump-vs-clinton,36,47,7,10,24849,GQR (D-Democracy Corps/Women's Voices Women Vote),2016-06-11,2016-06-20,Likely Voters,300,Live Phone,Sponsor,Dem,NA,NA
2016-wisconsin-president-trump-vs-clinton,37,46,13,4,24685,Marquette Law School,2016-06-09,2016-06-12,Likely Voters,666,Live Phone,Nonpartisan,None,NA,NA
2016-wisconsin-president-trump-vs-clinton,31,43,Not included in poll,,24567,Public Opinion Strategies (R)/Federation for Children,2016-05-10,2016-05-12,Likely Voters,600,Live Phone,Pollster,Rep,NA,NA
2016-wisconsin-president-trump-vs-clinton,34,46,12,9,24316,St Norbert/WPR/WPTV,2016-04-12,2016-04-15,Registered Voters,616,Live Phone,Nonpartisan,None,NA,NA
2016-wisconsin-president-trump-vs-clinton,37,47,Not included in poll,17,24195,Emerson College Polling Society,2016-03-30,2016-04-03,Likely Voters,1198,Automated Phone,Nonpartisan,None,NA,NA
2016-wisconsin-president-trump-vs-clinton,35,49,6,10,24182,Fox News,2016-03-28,2016-03-30,Likely Voters,1602,Live Phone,Nonpartisan,None,NA,NA
2016-wisconsin-president-trump-vs-clinton,37,47,12,5,24172,Marquette Law School,2016-03-24,2016-03-28,Registered Voters,1405,Live Phone,Nonpartisan,None,NA,NA
2016-wisconsin-president-trump-vs-clinton,37,48,11,6,23872,Marquette Law School,2016-02-18,2016-02-21,Registered Voters,802,Live Phone,Nonpartisan,None,NA,NA
2016-wisconsin-president-trump-vs-clinton,38,47,9,6,23623,Marquette Law School,2016-01-21,2016-01-24,Registered Voters,806,Live Phone,Nonpartisan,None,NA,NA
2016-wisconsin-president-trump-vs-clinton,38,48,9,5,23197,Marquette Law School,2015-11-12,2015-11-15,Registered Voters,803,Live Phone,Nonpartisan,None,NA,NA
2016-wisconsin-president-trump-vs-clinton,39,50,Not included in poll,11,22973,St Norbert/WPR/WPTV,2015-10-14,2015-10-17,Registered Voters,603,Live Phone,Nonpartisan,None,NA,NA
2016-wisconsin-president-trump-vs-clinton,36,50,9,4,22823,Marquette Law School,2015-09-24,2015-09-28,Registered Voters,803,Live Phone,Nonpartisan,None,NA,NA
2016-wisconsin-president-trump-vs-clinton,35,51,10,4,22596,Marquette Law School,2015-08-13,2015-08-16,Registered Voters,802,Live Phone,Nonpartisan,None,NA,NA
2016-ohio-president-trump-vs-clinton,45,42,3,3,26807,SurveyMonkey,2016-11-01,2016-11-07,Likely Voters,2860,Internet,Nonpartisan,None,7,NA
2016-ohio-president-trump-vs-clinton,48,47,5,,26793,UPI/CVOTER,2016-10-30,2016-11-06,Likely Voters,345,Internet,Nonpartisan,None,NA,NA
2016-ohio-president-trump-vs-clinton,46,47,Not included in poll,7,26806,Ipsos/Reuters,2016-10-17,2016-11-06,Likely Voters,775,Internet,Nonpartisan,None,NA,NA
2016-ohio-president-trump-vs-clinton,47,48,2,,26756,Columbus Dispatch,2016-10-27,2016-11-05,Likely Voters,1151,Mail,Nonpartisan,None,3,NA
2016-ohio-president-trump-vs-clinton,46,45,4,2,26754,CBS/YouGov,2016-11-02,2016-11-04,Likely Voters,1189,Internet,Nonpartisan,None,3,NA
2016-ohio-president-trump-vs-clinton,43,40,7,2,26773,TargetSmart/William & Mary,2016-10-31,2016-11-03,Likely Voters,1194,Live Phone/Online,Nonpartisan,None,8,NA
2016-ohio-president-trump-vs-clinton,45,44,3,3,26766,Remington Research Group (R)/Axiom Strategies,2016-11-01,2016-11-02,Likely Voters,2557,IVR/Live Phone,Sponsor,Rep,4,NA
2016-ohio-president-trump-vs-clinton,46,41,3,5,26629,Quinnipiac,2016-10-27,2016-11-01,Likely Voters,589,Live Phone,Nonpartisan,None,5,NA
2016-ohio-president-trump-vs-clinton,45,40,2,4,26596,SurveyMonkey,2016-10-25,2016-10-31,Likely Voters,1823,Internet,Nonpartisan,None,9,NA
2016-ohio-president-trump-vs-clinton,48,43,1,5,26561,Remington Research Group (R)/Axiom Strategies,2016-10-30,2016-10-30,Likely Voters,1187,IVR/Live Phone,Sponsor,Rep,3,NA
2016-ohio-president-trump-vs-clinton,47,50,3,,26592,UPI/CVOTER,2016-10-23,2016-10-29,Likely Voters,339,Internet,Nonpartisan,None,NA,NA
2016-ohio-president-trump-vs-clinton,45,40,3,4,26441,SurveyMonkey,2016-10-18,2016-10-24,Likely Voters,1951,Internet,Nonpartisan,None,8,NA
2016-ohio-president-trump-vs-clinton,46,42,2,6,26423,Remington Research Group (R)/Axiom Strategies,2016-10-20,2016-10-22,Likely Voters,1971,IVR/Live Phone,Sponsor,Rep,4,NA
2016-ohio-president-trump-vs-clinton,45,45,2,6,26318,Suffolk,2016-10-17,2016-10-19,Likely Voters,500,Live Phone,Nonpartisan,None,2,NA
2016-ohio-president-trump-vs-clinton,45,45,2,2,26216,Quinnipiac,2016-10-10,2016-10-16,Likely Voters,624,Live Phone,Nonpartisan,None,6,NA
2016-ohio-president-trump-vs-clinton,48,46,Not included in poll,6,26245,WashPost/SurveyMonkey,2016-10-08,2016-10-16,Likely Voters,1307,Internet,Nonpartisan,None,NA,NA
2016-ohio-president-trump-vs-clinton,48,44,3,0,26204,CNN,2016-10-10,2016-10-15,Likely Voters,774,Live Phone,Nonpartisan,None,4,NA
2016-ohio-president-trump-vs-clinton,43,42,Not included in poll,15,26344,Ipsos/Reuters,2016-09-23,2016-10-13,Likely Voters,2192,Internet,Nonpartisan,None,NA,NA
2016-ohio-president-trump-vs-clinton,45,45,8,3,26168,NBC/WSJ/Marist,2016-10-10,2016-10-12,Likely Voters,724,Live Phone,Nonpartisan,None,NA,NA
2016-ohio-president-trump-vs-clinton,41,44,8,7,26658,Ipsos/Reuters,2016-10-06,2016-10-12,Likely Voters,1200,Internet,Nonpartisan,None,NA,NA
2016-ohio-president-trump-vs-clinton,38,48,Not included in poll,14,26139,Baldwin Wallace University,2016-10-09,2016-10-11,Likely Voters,1152,Internet,Nonpartisan,None,NA,NA
2016-ohio-president-trump-vs-clinton,39,44,2,9,26376,Lucid/The Times-Picayune,2016-10-07,2016-10-10,Likely Voters,1304,Internet,Nonpartisan,None,7,NA
2016-ohio-president-trump-vs-clinton,42,46,4,3,26014,CBS/YouGov,2016-10-05,2016-10-07,Likely Voters,997,Internet,Nonpartisan,None,5,NA
2016-ohio-president-trump-vs-clinton,43,44,2,6,25989,PPP (D),2016-10-05,2016-10-06,Likely Voters,782,IVR/Online,Pollster,Dem,5,NA
2016-ohio-president-trump-vs-clinton,40,43,3,5,26010,TargetSmart/William & Mary,2016-10-03,2016-10-06,Likely Voters,812,Live Phone/Online,Nonpartisan,None,8,NA
2016-ohio-president-trump-vs-clinton,43,46,Not included in poll,11,26126,Ipsos/Reuters,2016-09-16,2016-10-06,Likely Voters,822,Internet,Nonpartisan,None,NA,NA
2016-ohio-president-trump-vs-clinton,42,44,2,6,25969,Monmouth University,2016-10-01,2016-10-04,Likely Voters,405,Live Phone,Nonpartisan,None,5,NA
2016-ohio-president-trump-vs-clinton,42,44,1,6,25985,Anzalone (D-Ohio Education Association),2016-09-27,2016-10-02,Likely Voters,800,Live Phone,Sponsor,Dem,8,NA
2016-ohio-president-trump-vs-clinton,47,42,1,4,25843,Quinnipiac,2016-09-27,2016-10-02,Likely Voters,497,Live Phone,Nonpartisan,None,6,NA
2016-ohio-president-trump-vs-clinton,37,40,4,2,25739,TargetSmart/William & Mary,2016-09-15,2016-09-22,Likely Voters,652,Live Phone/Online,Nonpartisan,None,8,NA
2016-ohio-president-trump-vs-clinton,42,37,4,11,25609,Fox News,2016-09-18,2016-09-20,Likely Voters,737,Live Phone,Nonpartisan,None,6,NA
2016-ohio-president-trump-vs-clinton,41,39,4,4,25639,GQR (D-Democracy Corps/WVWV),2016-09-10,2016-09-19,Likely Voters,400,Live Phone,Sponsor,Dem,11,NA
2016-ohio-president-trump-vs-clinton,44,47,Not included in poll,9,25565,Ipsos/Reuters,2016-08-26,2016-09-15,Likely Voters,625,Internet,Nonpartisan,None,NA,NA
2016-ohio-president-trump-vs-clinton,42,39,2,13,25502,Suffolk,2016-09-12,2016-09-14,Likely Voters,500,Live Phone,Nonpartisan,None,4,NA
2016-ohio-president-trump-vs-clinton,48,43,6,3,25477,Bloomberg/Selzer,2016-09-09,2016-09-12,Likely Voters,802,Live Phone,Nonpartisan,None,NA,NA
2016-ohio-president-trump-vs-clinton,46,41,4,1,25494,CNN,2016-09-07,2016-09-12,Likely Voters,769,Live Phone,Nonpartisan,None,8,NA
2016-ohio-president-trump-vs-clinton,39,46,4,4,25449,CBS/YouGov,2016-09-07,2016-09-09,Likely Voters,994,Internet,Nonpartisan,None,7,NA
2016-ohio-president-trump-vs-clinton,46,45,3,6,25427,Quinnipiac,2016-08-29,2016-09-07,Likely Voters,775,Live Phone,Nonpartisan,None,NA,NA
2016-ohio-president-trump-vs-clinton,46,43,Not included in poll,11,25354,WashPost/SurveyMonkey,2016-08-09,2016-09-01,Registered Voters,2543,Internet,Nonpartisan,None,NA,NA
2016-ohio-president-trump-vs-clinton,42,46,Not included in poll,12,25315,PPP (D-NELP),2016-08-26,2016-08-27,Likely Voters,1134,IVR/Online,Sponsor,Dem,NA,NA
2016-ohio-president-trump-vs-clinton,39,43,0,8,25232,Monmouth University,2016-08-18,2016-08-21,Likely Voters,402,Live Phone,Nonpartisan,None,10,NA
2016-ohio-president-trump-vs-clinton,40,46,4,4,25219,CBS/YouGov,2016-08-17,2016-08-19,Likely Voters,997,Internet,Nonpartisan,None,6,NA
2016-ohio-president-trump-vs-clinton,38,43,10,9,25105,NBC/WSJ/Marist,2016-08-03,2016-08-07,Registered Voters,889,Live Phone,Nonpartisan,None,NA,NA
2016-ohio-president-trump-vs-clinton,45,49,2,4,25102,Quinnipiac,2016-07-30,2016-08-07,Likely Voters,812,Live Phone,Nonpartisan,None,NA,NA
2016-ohio-president-trump-vs-clinton,42,39,2,10,24961,PPP (D),2016-07-22,2016-07-24,Likely Voters,1334,IVR/Online,Pollster,Dem,6,NA
2016-ohio-president-trump-vs-clinton,44,44,Not included in poll,12,24948,Suffolk,2016-07-18,2016-07-20,Likely Voters,500,Live Phone,Nonpartisan,None,NA,NA
2016-ohio-president-trump-vs-clinton,40,44,11,5,24910,CBS/YouGov,2016-07-13,2016-07-15,Likely Voters,1104,Internet,Nonpartisan,None,NA,NA
2016-ohio-president-trump-vs-clinton,41,41,4,14,24870,Quinnipiac,2016-06-30,2016-07-11,Registered Voters,955,Live Phone,Nonpartisan,None,NA,NA
2016-ohio-president-trump-vs-clinton,39,39,11,10,24876,NBC/WSJ/Marist,2016-07-05,2016-07-10,Registered Voters,848,Live Phone,Nonpartisan,None,NA,NA
2016-ohio-president-trump-vs-clinton,47,46,7,,24940,Gravis Marketing/OANN,2016-06-27,2016-06-28,Registered Voters,1270,Automated Phone,Nonpartisan,None,NA,NA
2016-ohio-president-trump-vs-clinton,38,41,9,11,24973,RABA Research,2016-06-22,2016-06-28,Likely Voters,599,Live Phone,Nonpartisan,None,NA,NA
2016-ohio-president-trump-vs-clinton,40,44,Not included in poll,16,24788,PPP (D-Americans United for Change/Constitutional Responsibility Project),2016-06-22,2016-06-23,Likely Voters,708,IVR/Online,Sponsor,Dem,NA,NA
2016-ohio-president-trump-vs-clinton,48,47,3,2,24847,GQR (D-Democracy Corps/Women's Voices Women Vote),2016-06-11,2016-06-20,Likely Voters,300,Live Phone,Sponsor,Dem,NA,NA
2016-ohio-president-trump-vs-clinton,40,40,6,14,24721,Quinnipiac,2016-06-08,2016-06-19,Registered Voters,971,Live Phone,Nonpartisan,None,NA,NA
2016-ohio-president-trump-vs-clinton,39,45,Not included in poll,16,24556,Zogby (Internet),2016-05-18,2016-05-22,Likely Voters,679,Internet,Nonpartisan,None,NA,NA
2016-ohio-president-trump-vs-clinton,39,44,Not included in poll,17,24530,CBS/YouGov,2016-05-16,2016-05-19,Likely Voters,992,Internet,Nonpartisan,None,NA,NA
2016-ohio-president-trump-vs-clinton,43,39,3,14,24464,Quinnipiac,2016-04-27,2016-05-08,Registered Voters,1042,Live Phone,Nonpartisan,None,NA,NA
2016-ohio-president-trump-vs-clinton,42,45,Not included in poll,14,24417,PPP (D),2016-04-26,2016-04-27,Registered Voters,799,IVR/Online,Pollster,Dem,NA,NA
2016-ohio-president-trump-vs-clinton,42,48,Not included in poll,10,24059,NBC/WSJ/Marist,2016-03-04,2016-03-10,Registered Voters,2052,Live Phone,Nonpartisan,None,NA,NA
2016-ohio-president-trump-vs-clinton,40,45,Not included in poll,15,24043,PPP (D),2016-03-04,2016-03-06,Likely Voters,1248,Automated Phone,Pollster,Dem,NA,NA
2016-ohio-president-trump-vs-clinton,43,50,6,0,24022,CNN,2016-03-02,2016-03-06,Registered Voters,884,Live Phone,Nonpartisan,None,NA,NA
2016-ohio-president-trump-vs-clinton,44,42,2,12,23851,Quinnipiac,2016-02-16,2016-02-20,Registered Voters,1539,Live Phone,Nonpartisan,None,NA,NA
2016-ohio-president-trump-vs-clinton,39,37,20,4,23879,Baldwin Wallace University,2016-02-11,2016-02-20,Likely Voters,825,Internet,Nonpartisan,None,NA,NA
2016-ohio-president-trump-vs-clinton,42,43,3,12,22861,Quinnipiac,2015-09-25,2015-10-05,Registered Voters,1180,Live Phone,Nonpartisan,None,NA,NA
2016-ohio-president-trump-vs-clinton,38,43,4,16,22583,Quinnipiac,2015-08-07,2015-08-18,Registered Voters,1096,Live Phone,Nonpartisan,None,NA,NA
2016-pennsylvania-president-trump-vs-clinton,43,46,3,3,26807,SurveyMonkey,2016-11-01,2016-11-07,Likely Voters,2845,Internet,Nonpartisan,None,6,NA
2016-pennsylvania-president-trump-vs-clinton,47,48,5,,26793,UPI/CVOTER,2016-10-30,2016-11-06,Likely Voters,390,Internet,Nonpartisan,None,NA,NA
2016-pennsylvania-president-trump-vs-clinton,45,48,Not included in poll,7,26806,Ipsos/Reuters,2016-10-17,2016-11-06,Likely Voters,955,Internet,Nonpartisan,None,NA,NA
2016-pennsylvania-president-trump-vs-clinton,43,45,4,4,26802,CBS/YouGov,2016-11-03,2016-11-05,Likely Voters,931,Internet,Nonpartisan,None,4,NA
2016-pennsylvania-president-trump-vs-clinton,42,48,7,3,26745,Muhlenberg/Morning Call,2016-10-30,2016-11-04,Likely Voters,405,Live Phone,Nonpartisan,None,NA,NA
2016-pennsylvania-president-trump-vs-clinton,45,46,2,3,26764,Remington Research Group (R)/Axiom Strategies,2016-11-01,2016-11-02,Likely Voters,2683,IVR/Live Phone,Sponsor,Rep,4,NA
2016-pennsylvania-president-trump-vs-clinton,45,47,4,3,26736,Gravis Marketing/Breitbart,2016-11-01,2016-11-02,Registered Voters,1016,IVR/Online,Nonpartisan,None,2,NA
2016-pennsylvania-president-trump-vs-clinton,44,48,Not included in poll,8,26701,PPP (D-Center for American Progress Action Fund),2016-10-31,2016-11-01,Likely Voters,1050,IVR/Online,Sponsor,Dem,NA,NA
2016-pennsylvania-president-trump-vs-clinton,43,45,3,6,26623,Susquehanna (R)/ABC27 News,2016-10-31,2016-11-01,Likely Voters,681,IVR/Live Phone,Pollster,Rep,2,NA
2016-pennsylvania-president-trump-vs-clinton,44,48,2,3,26625,Monmouth University,2016-10-29,2016-11-01,Likely Voters,403,Live Phone,Nonpartisan,None,3,NA
2016-pennsylvania-president-trump-vs-clinton,43,48,3,2,26630,Quinnipiac,2016-10-27,2016-11-01,Likely Voters,612,Live Phone,Nonpartisan,None,3,NA
2016-pennsylvania-president-trump-vs-clinton,44,48,2,1,26624,CNN,2016-10-27,2016-11-01,Likely Voters,799,Live Phone,Nonpartisan,None,4,NA
2016-pennsylvania-president-trump-vs-clinton,41,49,2,2,26596,SurveyMonkey,2016-10-25,2016-10-31,Likely Voters,2255,Internet,Nonpartisan,None,6,NA
2016-pennsylvania-president-trump-vs-clinton,43,45,1,6,26564,Remington Research Group (R)/Axiom Strategies,2016-10-30,2016-10-30,Likely Voters,1249,IVR/Live Phone,Sponsor,Rep,3,NA
2016-pennsylvania-president-trump-vs-clinton,38,49,2,7,26588,Franklin and Marshall College,2016-10-26,2016-10-30,Likely Voters,652,Live Phone/Online,Nonpartisan,None,4,NA
2016-pennsylvania-president-trump-vs-clinton,46,50,4,,26592,UPI/CVOTER,2016-10-23,2016-10-29,Likely Voters,366,Internet,Nonpartisan,None,NA,NA
2016-pennsylvania-president-trump-vs-clinton,40,48,5,2,26547,CBS/YouGov,2016-10-26,2016-10-28,Likely Voters,1091,Internet,Nonpartisan,None,5,NA
2016-pennsylvania-president-trump-vs-clinton,41,46,9,3,26539,Muhlenberg/Morning Call,2016-10-20,2016-10-26,Likely Voters,420,Live Phone,Nonpartisan,None,NA,NA
2016-pennsylvania-president-trump-vs-clinton,39,46,4,6,26489,NYT Upshot/Siena,2016-10-23,2016-10-25,Likely Voters,824,Live Phone,Nonpartisan,None,6,NA
2016-pennsylvania-president-trump-vs-clinton,42,48,3,2,26441,SurveyMonkey,2016-10-18,2016-10-24,Likely Voters,2131,Internet,Nonpartisan,None,6,NA
2016-pennsylvania-president-trump-vs-clinton,42,45,1,7,26424,Remington Research Group (R)/Axiom Strategies,2016-10-20,2016-10-22,Likely Voters,1997,IVR/Live Phone,Sponsor,Rep,5,NA
2016-pennsylvania-president-trump-vs-clinton,39,45,7,9,26659,Ipsos/Reuters,2016-10-06,2016-10-17,Likely Voters,1467,Internet,Nonpartisan,None,NA,NA
2016-pennsylvania-president-trump-vs-clinton,41,47,2,4,26217,Quinnipiac,2016-10-10,2016-10-16,Likely Voters,660,Live Phone,Nonpartisan,None,6,NA
2016-pennsylvania-president-trump-vs-clinton,42,51,Not included in poll,7,26248,WashPost/SurveyMonkey,2016-10-08,2016-10-16,Likely Voters,1449,Internet,Nonpartisan,None,NA,NA
2016-pennsylvania-president-trump-vs-clinton,42,46,Not included in poll,12,26344,Ipsos/Reuters,2016-09-23,2016-10-13,Likely Voters,2271,Internet,Nonpartisan,None,NA,NA
2016-pennsylvania-president-trump-vs-clinton,42,51,3,4,26152,Bloomberg/Selzer,2016-10-07,2016-10-11,Likely Voters,806,Live Phone,Nonpartisan,None,NA,NA
2016-pennsylvania-president-trump-vs-clinton,38,47,2,7,26226,Lucid/The Times-Picayune,2016-10-07,2016-10-10,Likely Voters,1457,Internet,Nonpartisan,None,7,NA
2016-pennsylvania-president-trump-vs-clinton,40,44,3,8,26085,Susquehanna (R)/ABC27 News,2016-10-04,2016-10-09,Likely Voters,764,IVR/Live Phone,Pollster,Rep,4,NA
2016-pennsylvania-president-trump-vs-clinton,40,48,3,4,26015,CBS/YouGov,2016-10-05,2016-10-07,Likely Voters,997,Internet,Nonpartisan,None,4,NA
2016-pennsylvania-president-trump-vs-clinton,39,51,7,3,26012,NBC/WSJ/Marist,2016-10-03,2016-10-06,Likely Voters,709,Live Phone,Nonpartisan,None,NA,NA
2016-pennsylvania-president-trump-vs-clinton,43,49,Not included in poll,8,26129,Ipsos/Reuters,2016-09-16,2016-10-06,Likely Voters,890,Internet,Nonpartisan,None,NA,NA
2016-pennsylvania-president-trump-vs-clinton,40,50,3,2,25951,Monmouth University,2016-09-30,2016-10-03,Likely Voters,402,Live Phone,Nonpartisan,None,5,NA
2016-pennsylvania-president-trump-vs-clinton,36,48,9,7,25896,Franklin and Marshall College,2016-09-28,2016-10-02,Registered Voters,813,Live Phone/Online,Nonpartisan,None,NA,NA
2016-pennsylvania-president-trump-vs-clinton,41,45,3,6,25845,Quinnipiac,2016-09-27,2016-10-02,Likely Voters,535,Live Phone,Nonpartisan,None,5,NA
2016-pennsylvania-president-trump-vs-clinton,39,45,2,8,25798,PPP (D-Vote Vets Action Fund),2016-09-27,2016-09-28,Likely Voters,886,IVR/Online,Pollster,Dem,6,NA
2016-pennsylvania-president-trump-vs-clinton,44,45,3,1,25652,CNN,2016-09-20,2016-09-25,Likely Voters,771,Live Phone,Nonpartisan,None,6,NA
2016-pennsylvania-president-trump-vs-clinton,41,44,11,4,25642,Muhlenberg/Morning Call,2016-09-19,2016-09-23,Likely Voters,486,Live Phone,Nonpartisan,None,NA,NA
2016-pennsylvania-president-trump-vs-clinton,41,42,3,11,25723,Mercyhurst University,2016-09-12,2016-09-23,Registered Voters,420,Live Phone,Nonpartisan,None,4,NA
2016-pennsylvania-president-trump-vs-clinton,38,46,3,4,25640,GQR (D-Democracy Corps/WVWV),2016-09-10,2016-09-19,Likely Voters,400,Live Phone,Sponsor,Dem,8,NA
2016-pennsylvania-president-trump-vs-clinton,38,47,11,4,25518,Muhlenberg/Morning Call,2016-09-12,2016-09-16,Likely Voters,405,Live Phone,Nonpartisan,None,NA,NA
2016-pennsylvania-president-trump-vs-clinton,44,46,Not included in poll,10,25568,Ipsos/Reuters,2016-08-26,2016-09-15,Likely Voters,776,Internet,Nonpartisan,None,NA,NA
2016-pennsylvania-president-trump-vs-clinton,43,48,3,5,25429,Quinnipiac,2016-08-29,2016-09-07,Likely Voters,778,Live Phone,Nonpartisan,None,NA,NA
2016-pennsylvania-president-trump-vs-clinton,37,45,5,6,25337,CBS/YouGov,2016-08-30,2016-09-02,Likely Voters,1091,Internet,Nonpartisan,None,6,NA
2016-pennsylvania-president-trump-vs-clinton,43,47,Not included in poll,10,25387,WashPost/SurveyMonkey,2016-08-09,2016-09-01,Registered Voters,2861,Internet,Nonpartisan,None,NA,NA
2016-pennsylvania-president-trump-vs-clinton,42,47,Not included in poll,11,25414,PPP (D- Constitutional Responsibility Project),2016-08-30,2016-08-31,Likely Voters,814,IVR/Online,Sponsor,Dem,NA,NA
2016-pennsylvania-president-trump-vs-clinton,40,48,2,4,25294,Monmouth University,2016-08-26,2016-08-29,Likely Voters,402,Live Phone,Nonpartisan,None,6,NA
2016-pennsylvania-president-trump-vs-clinton,40,47,6,7,25308,Franklin and Marshall College,2016-08-25,2016-08-29,Likely Voters,496,Live Phone/Online,Nonpartisan,None,NA,NA
2016-pennsylvania-president-trump-vs-clinton,43,48,Not included in poll,9,25313,PPP (D-NELP),2016-08-26,2016-08-27,Likely Voters,1194,IVR/Online,Sponsor,Dem,NA,NA
2016-pennsylvania-president-trump-vs-clinton,37,48,9,6,25106,NBC/WSJ/Marist,2016-08-03,2016-08-07,Registered Voters,834,Live Phone,Nonpartisan,None,NA,NA
2016-pennsylvania-president-trump-vs-clinton,42,52,1,5,25103,Quinnipiac,2016-07-30,2016-08-07,Likely Voters,815,Live Phone,Nonpartisan,None,NA,NA
2016-pennsylvania-president-trump-vs-clinton,37,47,8,8,25093,Susquehanna (R)/ABC27 News,2016-07-31,2016-08-04,Likely Voters,772,IVR/Live Phone,Pollster,Rep,NA,NA
2016-pennsylvania-president-trump-vs-clinton,38,49,6,8,25058,Franklin and Marshall College,2016-07-29,2016-08-01,Likely Voters,389,Live Phone/Online,Nonpartisan,None,NA,NA
2016-pennsylvania-president-trump-vs-clinton,42,45,2,8,25034,PPP (D),2016-07-29,2016-07-31,Likely Voters,1505,IVR/Online,Pollster,Dem,4,NA
2016-pennsylvania-president-trump-vs-clinton,41,50,Not included in poll,9,24983,Suffolk,2016-07-25,2016-07-27,Likely Voters,500,Live Phone,Nonpartisan,None,NA,NA
2016-pennsylvania-president-trump-vs-clinton,43,41,4,13,24871,Quinnipiac,2016-06-30,2016-07-11,Registered Voters,982,Live Phone,Nonpartisan,None,NA,NA
2016-pennsylvania-president-trump-vs-clinton,36,45,13,6,24878,NBC/WSJ/Marist,2016-07-05,2016-07-10,Registered Voters,829,Live Phone,Nonpartisan,None,NA,NA
2016-pennsylvania-president-trump-vs-clinton,47,48,5,,24941,Gravis Marketing/OANN,2016-06-27,2016-06-28,Registered Voters,1958,Automated Phone,Nonpartisan,None,NA,NA
2016-pennsylvania-president-trump-vs-clinton,42,46,Not included in poll,11,24789,PPP (D-Americans United for Change/Constitutional Responsibility Project),2016-06-22,2016-06-23,Likely Voters,980,IVR/Online,Sponsor,Dem,NA,NA
2016-pennsylvania-president-trump-vs-clinton,39,49,8,5,24848,GQR (D-Democracy Corps/Women's Voices Women Vote),2016-06-11,2016-06-20,Likely Voters,300,Live Phone,Sponsor,Dem,NA,NA
2016-pennsylvania-president-trump-vs-clinton,41,42,3,14,24722,Quinnipiac,2016-06-08,2016-06-19,Registered Voters,950,Live Phone,Nonpartisan,None,NA,NA
2016-pennsylvania-president-trump-vs-clinton,40,41,3,11,24641,PPP (D),2016-06-03,2016-06-05,Likely Voters,1106,IVR/Online,Pollster,Dem,6,NA
2016-pennsylvania-president-trump-vs-clinton,42,43,2,12,24465,Quinnipiac,2016-04-27,2016-05-08,Registered Voters,1077,Live Phone,Nonpartisan,None,NA,NA
2016-pennsylvania-president-trump-vs-clinton,39,54,Not included in poll,7,24335,NBC/WSJ/Marist,2016-04-18,2016-04-20,Registered Voters,2606,Live Phone,Nonpartisan,None,NA,NA
2016-pennsylvania-president-trump-vs-clinton,44,44,2,9,24240,Fox News,2016-04-04,2016-04-07,Likely Voters,1607,Live Phone,Nonpartisan,None,NA,NA
2016-pennsylvania-president-trump-vs-clinton,42,45,3,10,24216,Quinnipiac,2016-03-30,2016-04-04,Likely Voters,1737,Live Phone,Nonpartisan,None,NA,NA
2016-pennsylvania-president-trump-vs-clinton,33,46,11,10,24143,Franklin and Marshall College,2016-03-14,2016-03-20,Registered Voters,828,Live Phone/Online,Nonpartisan,None,NA,NA
2016-pennsylvania-president-trump-vs-clinton,35,43,4,19,24092,Mercyhurst University,2016-03-01,2016-03-11,Registered Voters,421,Live Phone,Nonpartisan,None,NA,NA
2016-pennsylvania-president-trump-vs-clinton,40,45,Not included in poll,15,24028,Harper (R),2016-03-01,2016-03-02,Likely Voters,662,Automated Phone,Pollster,Rep,NA,NA
2016-pennsylvania-president-trump-vs-clinton,45,43,Not included in poll,13,22927,PPP (D),2015-10-08,2015-10-11,Likely Voters,1012,IVR/Online,Pollster,Dem,NA,NA
2016-pennsylvania-president-trump-vs-clinton,42,44,3,10,22862,Quinnipiac,2015-09-25,2015-10-05,Registered Voters,1049,Live Phone,Nonpartisan,None,NA,NA
2016-pennsylvania-president-trump-vs-clinton,40,45,4,12,22584,Quinnipiac,2015-08-07,2015-08-18,Registered Voters,1085,Live Phone,Nonpartisan,None,NA,NA
2016-new-york-president-trump-vs-clinton,32,57,9,2,26807,SurveyMonkey,2016-11-01,2016-11-07,Likely Voters,2208,Internet,Nonpartisan,None,NA,NA
2016-new-york-president-trump-vs-clinton,38,59,4,,26793,UPI/CVOTER,2016-10-30,2016-11-06,Likely Voters,458,Internet,Nonpartisan,None,NA,NA
2016-new-york-president-trump-vs-clinton,33,51,Not included in poll,16,26806,Ipsos/Reuters,2016-10-17,2016-11-06,Likely Voters,1383,Internet,Nonpartisan,None,NA,NA
2016-new-york-president-trump-vs-clinton,34,51,8,7,26748,Siena,2016-11-03,2016-11-04,Likely Voters,617,Live Phone,Nonpartisan,None,NA,NA
2016-new-york-president-trump-vs-clinton,33,56,10,1,26596,SurveyMonkey,2016-10-25,2016-10-31,Likely Voters,1734,Internet,Nonpartisan,None,NA,NA
2016-new-york-president-trump-vs-clinton,38,58,4,,26592,UPI/CVOTER,2016-10-23,2016-10-29,Likely Voters,403,Internet,Nonpartisan,None,NA,NA
2016-new-york-president-trump-vs-clinton,31,58,9,2,26441,SurveyMonkey,2016-10-18,2016-10-24,Likely Voters,1169,Internet,Nonpartisan,None,NA,NA
2016-new-york-president-trump-vs-clinton,30,54,10,6,26262,Siena,2016-10-13,2016-10-17,Likely Voters,611,Live Phone,Nonpartisan,None,NA,NA
2016-new-york-president-trump-vs-clinton,27,53,Not included in poll,20,26344,Ipsos/Reuters,2016-09-23,2016-10-13,Likely Voters,986,Internet,Nonpartisan,None,NA,NA
2016-new-york-president-trump-vs-clinton,31,55,Not included in poll,14,26124,Ipsos/Reuters,2016-09-16,2016-10-06,Likely Voters,1437,Internet,Nonpartisan,None,NA,NA
2016-new-york-president-trump-vs-clinton,33,57,8,2,25720,NBC/WSJ/Marist,2016-09-21,2016-09-23,Likely Voters,676,Live Phone,Nonpartisan,None,NA,NA
2016-new-york-president-trump-vs-clinton,30,51,12,7,25534,Siena,2016-09-11,2016-09-15,Likely Voters,600,Live Phone,Nonpartisan,None,NA,NA
2016-new-york-president-trump-vs-clinton,30,53,Not included in poll,17,25562,Ipsos/Reuters,2016-08-26,2016-09-15,Likely Voters,1089,Internet,Nonpartisan,None,NA,NA
2016-new-york-president-trump-vs-clinton,35,57,Not included in poll,9,25382,WashPost/SurveyMonkey,2016-08-09,2016-09-01,Registered Voters,1405,Internet,Nonpartisan,None,NA,NA
2016-new-york-president-trump-vs-clinton,27,57,3,13,25159,Siena,2016-08-07,2016-08-10,Registered Voters,717,Live Phone,Nonpartisan,None,NA,NA
2016-new-york-president-trump-vs-clinton,36,53,10,,25133,Gravis Marketing,2016-08-04,2016-08-08,Registered Voters,1717,IVR/Online,Nonpartisan,None,NA,NA
2016-new-york-president-trump-vs-clinton,35,47,3,14,24930,Quinnipiac,2016-07-13,2016-07-17,Registered Voters,1104,Live Phone,Nonpartisan,None,NA,NA
2016-new-york-president-trump-vs-clinton,31,54,Not included in poll,16,24809,Siena,2016-06-22,2016-06-28,Registered Voters,803,Live Phone,Nonpartisan,None,NA,NA
2016-new-york-president-trump-vs-clinton,31,52,Not included in poll,17,24585,Siena,2016-05-22,2016-05-26,Registered Voters,825,Live Phone,Nonpartisan,None,NA,NA
2016-new-york-president-trump-vs-clinton,30,56,Not included in poll,15,24430,Siena,2016-04-24,2016-04-27,Registered Voters,802,Live Phone,Nonpartisan,None,NA,NA
2016-new-york-president-trump-vs-clinton,36,55,Not included in poll,9,24294,Emerson College Polling Society,2016-04-15,2016-04-17,Likely Voters,1047,Automated Phone,Nonpartisan,None,NA,NA
2016-new-york-president-trump-vs-clinton,35,55,Not included in poll,10,24259,PPP (D),2016-04-07,2016-04-10,Likely Voters,1403,IVR/Online,Pollster,Dem,NA,NA
2016-new-york-president-trump-vs-clinton,32,61,Not included in poll,7,24249,NBC/WSJ/Marist,2016-04-06,2016-04-10,Registered Voters,1987,Live Phone,Nonpartisan,None,NA,NA
2016-new-york-president-trump-vs-clinton,35,51,Not included in poll,14,24253,Baruch College/New York 1,2016-04-05,2016-04-10,Registered Voters,1306,Live Phone,Nonpartisan,None,NA,NA
2016-new-york-president-trump-vs-clinton,36,54,Not included in poll,10,24235,Emerson College Polling Society,2016-04-06,2016-04-07,Likely Voters,864,Automated Phone,Nonpartisan,None,NA,NA
2016-new-york-president-trump-vs-clinton,37,53,2,8,24239,Fox News,2016-04-04,2016-04-07,Likely Voters,1403,Live Phone,Nonpartisan,None,NA,NA
2016-new-york-president-trump-vs-clinton,33,53,2,11,24174,Quinnipiac,2016-03-22,2016-03-29,Registered Voters,1667,Live Phone,Nonpartisan,None,NA,NA
2016-new-york-president-trump-vs-clinton,36,55,Not included in poll,10,24106,Emerson College Polling Society,2016-03-14,2016-03-16,Likely Voters,768,Automated Phone,Nonpartisan,None,NA,NA
2016-new-york-president-trump-vs-clinton,34,57,Not included in poll,10,23997,Siena,2016-02-28,2016-03-03,Registered Voters,800,Live Phone,Nonpartisan,None,NA,NA
2016-new-york-president-trump-vs-clinton,32,57,Not included in poll,11,23712,Siena,2016-01-31,2016-02-03,Registered Voters,930,Live Phone,Nonpartisan,None,NA,NA
2016-new-hampshire-president-trump-vs-clinton,38,47,2,3,26807,SurveyMonkey,2016-11-01,2016-11-07,Likely Voters,696,Internet,Nonpartisan,None,10,NA
2016-new-hampshire-president-trump-vs-clinton,38,49,3,4,26768,UNH/WMUR,2016-11-03,2016-11-06,Likely Voters,692,Live Phone,Nonpartisan,None,6,NA
2016-new-hampshire-president-trump-vs-clinton,43,49,8,,26793,UPI/CVOTER,2016-10-30,2016-11-06,Likely Voters,310,Internet,Nonpartisan,None,NA,NA
2016-new-hampshire-president-trump-vs-clinton,42,44,Not included in poll,14,26806,Ipsos/Reuters,2016-10-17,2016-11-06,Likely Voters,316,Internet,Nonpartisan,None,NA,NA
2016-new-hampshire-president-trump-vs-clinton,43,41,5,3,26708,Gravis Marketing/Breitbart,2016-11-01,2016-11-02,Registered Voters,1001,IVR/Online,Nonpartisan,None,7,NA
2016-new-hampshire-president-trump-vs-clinton,42,42,2,9,26676,Suffolk/Boston Globe,2016-10-31,2016-11-02,Likely Voters,500,Live Phone,Nonpartisan,None,5,NA
2016-new-hampshire-president-trump-vs-clinton,48,43,1,4,26663,ARG,2016-10-31,2016-11-02,Likely Voters,600,Live Phone,Nonpartisan,None,4,NA
2016-new-hampshire-president-trump-vs-clinton,44,44,3,4,26688,UMass Lowell/7 News,2016-10-28,2016-11-02,Likely Voters,695,Live Phone,Nonpartisan,None,5,NA
2016-new-hampshire-president-trump-vs-clinton,43,48,Not included in poll,9,26704,PPP (D-Center for American Progress Action Fund),2016-10-31,2016-11-01,Likely Voters,781,IVR/Online,Sponsor,Dem,NA,NA
2016-new-hampshire-president-trump-vs-clinton,40,39,3,7,26646,MassINC/WBUR,2016-10-29,2016-11-01,Likely Voters,500,Live Phone,Nonpartisan,None,10,NA
2016-new-hampshire-president-trump-vs-clinton,35,48,3,3,26596,SurveyMonkey,2016-10-25,2016-10-31,Likely Voters,659,Internet,Nonpartisan,None,10,NA
2016-new-hampshire-president-trump-vs-clinton,39,46,4,5,26586,UNH/WMUR,2016-10-26,2016-10-30,Likely Voters,618,Live Phone,Nonpartisan,None,6,NA
2016-new-hampshire-president-trump-vs-clinton,47,50,4,,26592,UPI/CVOTER,2016-10-23,2016-10-29,Likely Voters,307,Internet,Nonpartisan,None,NA,NA
2016-new-hampshire-president-trump-vs-clinton,42,46,2,4,26447,Monmouth University,2016-10-22,2016-10-25,Likely Voters,401,Live Phone,Nonpartisan,None,7,NA
2016-new-hampshire-president-trump-vs-clinton,39,47,12,2,26485,NBC/WSJ/Marist,2016-10-20,2016-10-24,Likely Voters,768,Live Phone,Nonpartisan,None,NA,NA
2016-new-hampshire-president-trump-vs-clinton,37,49,2,2,26441,SurveyMonkey,2016-10-18,2016-10-24,Likely Voters,779,Internet,Nonpartisan,None,10,NA
2016-new-hampshire-president-trump-vs-clinton,38,43,8,4,26495,UMass Amherst/WBZ-TV/YouGov,2016-10-17,2016-10-21,Likely Voters,772,Internet,Nonpartisan,None,8,NA
2016-new-hampshire-president-trump-vs-clinton,34,49,7,3,26281,UNH/WMUR,2016-10-11,2016-10-17,Likely Voters,755,Live Phone,Nonpartisan,None,8,NA
2016-new-hampshire-president-trump-vs-clinton,43,50,Not included in poll,8,26249,WashPost/SurveyMonkey,2016-10-08,2016-10-16,Likely Voters,569,Internet,Nonpartisan,None,NA,NA
2016-new-hampshire-president-trump-vs-clinton,42,46,Not included in poll,12,26344,Ipsos/Reuters,2016-09-23,2016-10-13,Likely Voters,282,Internet,Nonpartisan,None,NA,NA
2016-new-hampshire-president-trump-vs-clinton,38,41,3,7,26171,MassINC/WBUR,2016-10-10,2016-10-12,Likely Voters,501,Live Phone,Nonpartisan,None,11,NA
2016-new-hampshire-president-trump-vs-clinton,39,45,4,4,26169,UMass Lowell/7 News,2016-10-07,2016-10-11,Likely Voters,517,Live Phone,Nonpartisan,None,9,NA
2016-new-hampshire-president-trump-vs-clinton,40,49,Not included in poll,11,26121,Ipsos/Reuters,2016-09-16,2016-10-06,Likely Voters,293,Internet,Nonpartisan,None,NA,NA
2016-new-hampshire-president-trump-vs-clinton,42,44,1,8,25983,Suffolk/Boston Globe,2016-10-03,2016-10-05,Likely Voters,500,Live Phone,Nonpartisan,None,5,NA
2016-new-hampshire-president-trump-vs-clinton,38,46,3,6,26155,GQR (Save the Children Action Network),2016-09-29,2016-10-02,Likely Voters,500,Live Phone,Pollster,Dem,7,NA
2016-new-hampshire-president-trump-vs-clinton,35,42,4,6,25810,MassINC/WBUR,2016-09-27,2016-09-29,Likely Voters,502,Live Phone,Nonpartisan,None,13,NA
2016-new-hampshire-president-trump-vs-clinton,37,43,5,4,25820,GBA Strategies (D-End Citizens United),2016-09-25,2016-09-27,Likely Voters,600,Live Phone,Sponsor,Dem,11,NA
2016-new-hampshire-president-trump-vs-clinton,42,46,1,5,25745,ARG,2016-09-20,2016-09-25,Registered Voters,522,Live Phone,Nonpartisan,None,6,NA
2016-new-hampshire-president-trump-vs-clinton,38,47,2,3,25596,Monmouth University,2016-09-17,2016-09-20,Likely Voters,400,Live Phone,Nonpartisan,None,10,NA
2016-new-hampshire-president-trump-vs-clinton,39,48,Not included in poll,13,25560,Ipsos/Reuters,2016-08-26,2016-09-15,Likely Voters,269,Internet,Nonpartisan,None,NA,NA
2016-new-hampshire-president-trump-vs-clinton,41,42,13,3,25442,NBC/WSJ/Marist,2016-09-06,2016-09-08,Likely Voters,737,Live Phone,Nonpartisan,None,NA,NA
2016-new-hampshire-president-trump-vs-clinton,40,49,Not included in poll,11,25379,WashPost/SurveyMonkey,2016-08-09,2016-09-01,Registered Voters,1218,Internet,Nonpartisan,None,NA,NA
2016-new-hampshire-president-trump-vs-clinton,41,46,Not included in poll,13,25413,PPP (D- Constitutional Responsibility Project),2016-08-30,2016-08-31,Likely Voters,585,IVR/Online,Sponsor,Dem,NA,NA
2016-new-hampshire-president-trump-vs-clinton,40,46,Not included in poll,14,25317,PPP (D-NELP),2016-08-26,2016-08-28,Likely Voters,977,IVR/Online,Sponsor,Dem,NA,NA
2016-new-hampshire-president-trump-vs-clinton,36,45,14,5,25422,UNH/WMUR,2016-08-20,2016-08-28,Likely Voters,433,Live Phone,Nonpartisan,None,NA,NA
2016-new-hampshire-president-trump-vs-clinton,36,45,6,7,25158,CBS/YouGov,2016-08-10,2016-08-12,Likely Voters,990,Internet,Nonpartisan,None,5,NA
2016-new-hampshire-president-trump-vs-clinton,31,41,3,13,25123,Vox Populi (R-ESA Fund),2016-08-07,2016-08-08,Registered Voters,820,IVR/Online,Sponsor,Rep,11,NA
2016-new-hampshire-president-trump-vs-clinton,32,47,3,9,25055,MassINC/WBUR,2016-07-29,2016-08-01,Likely Voters,609,Live Phone,Nonpartisan,None,8,NA
2016-new-hampshire-president-trump-vs-clinton,48,39,Not included in poll,14,24989,InsideSources/NH Journal,2016-07-19,2016-07-21,Registered Voters,1166,IVR/Live Phone,Nonpartisan,None,NA,NA
2016-new-hampshire-president-trump-vs-clinton,37,39,18,6,24992,UNH/WMUR,2016-07-09,2016-07-18,Adults,532,Live Phone,Nonpartisan,None,NA,NA
2016-new-hampshire-president-trump-vs-clinton,42,47,4,7,24796,ARG,2016-06-24,2016-06-28,Registered Voters,533,Live Phone,Nonpartisan,None,NA,NA
2016-new-hampshire-president-trump-vs-clinton,39,43,Not included in poll,18,24787,PPP (D-Americans United for Change/Constitutional Responsibility Project),2016-06-22,2016-06-23,Likely Voters,578,IVR/Online,Sponsor,Dem,NA,NA
2016-new-hampshire-president-trump-vs-clinton,43,44,9,3,24845,GQR (D-Democracy Corps/Women's Voices Women Vote),2016-06-11,2016-06-20,Likely Voters,300,Live Phone,Sponsor,Dem,NA,NA
2016-new-hampshire-president-trump-vs-clinton,44,44,Not included in poll,12,24570,Franklin Pierce/RKM/Boston Herald,2016-05-25,2016-05-28,Likely Voters,405,Live Phone,Nonpartisan,None,NA,NA
2016-new-hampshire-president-trump-vs-clinton,42,44,7,7,24505,MassINC/WBUR,2016-05-12,2016-05-15,Likely Voters,501,Live Phone,Nonpartisan,None,NA,NA
2016-new-hampshire-president-trump-vs-clinton,31,50,15,4,24951,UNH/WMUR,2016-04-07,2016-04-17,Likely Voters,533,Live Phone,Nonpartisan,None,NA,NA
2016-new-hampshire-president-trump-vs-clinton,29,34,Not included in poll,37,24458,Dartmouth,2016-04-11,2016-04-16,Registered Voters,362,Live Phone,Nonpartisan,None,NA,NA
2016-new-hampshire-president-trump-vs-clinton,39,47,10,4,23977,UNH/WMUR,2016-02-20,2016-02-28,Likely Voters,628,Live Phone,Nonpartisan,None,NA,NA
2016-new-hampshire-president-trump-vs-clinton,40,45,Not included in poll,15,23709,UMass Lowell/7 News,2016-02-05,2016-02-07,Registered Voters,1411,Live Phone,Nonpartisan,None,NA,NA
2016-new-hampshire-president-trump-vs-clinton,39,48,10,3,23538,CNN/UNH/WMUR,2016-01-13,2016-01-18,Likely Voters,885,Live Phone,Nonpartisan,None,NA,NA
2016-new-hampshire-president-trump-vs-clinton,44,45,Not included in poll,11,23464,NBC/WSJ/Marist,2016-01-02,2016-01-07,Registered Voters,957,Live Phone,Nonpartisan,None,NA,NA
2016-new-hampshire-president-trump-vs-clinton,36,50,Not included in poll,14,23453,PPP (D),2016-01-04,2016-01-06,Likely Voters,1036,IVR/Online,Pollster,Dem,NA,NA
2016-new-hampshire-president-trump-vs-clinton,41,47,Not included in poll,12,23268,PPP (D),2015-11-30,2015-12-02,Likely Voters,990,IVR/Online,Pollster,Dem,NA,NA
2016-new-hampshire-president-trump-vs-clinton,40,47,2,10,23176,FOX,2015-11-15,2015-11-17,Registered Voters,804,Live Phone,Nonpartisan,None,NA,NA
2016-new-hampshire-president-trump-vs-clinton,38,45,Not included in poll,17,23185,Morning Consult/Campaign for Sustainable Rx Pricing,2015-11-06,2015-11-16,Registered Voters,530,Live Phone/Online,Nonpartisan,None,NA,NA
2016-new-hampshire-president-trump-vs-clinton,41,47,Not included in poll,12,22959,PPP (D),2015-10-16,2015-10-18,Likely Voters,880,IVR/Online,Pollster,Dem,NA,NA
2016-new-hampshire-president-trump-vs-clinton,45,48,Not included in poll,8,22842,NBC/WSJ/Marist,2015-09-23,2015-09-30,Registered Voters,1044,Live Phone,Nonpartisan,None,NA,NA
2016-new-hampshire-president-trump-vs-clinton,42,50,3,5,22807,CNN/UNH/WMUR,2015-09-17,2015-09-23,Likely Voters,743,Live Phone,Nonpartisan,None,NA,NA
2016-new-hampshire-president-trump-vs-clinton,45,46,Not included in poll,8,22685,NBC/Marist,2015-08-26,2015-09-02,Registered Voters,910,Live Phone,Nonpartisan,None,NA,NA
2016-new-hampshire-president-trump-vs-clinton,44,46,Not included in poll,10,22612,PPP (D),2015-08-21,2015-08-24,Likely Voters,841,IVR/Online,Pollster,Dem,NA,NA
2016-new-hampshire-president-trump-vs-clinton,40,50,2,7,22500,UNH/WMUR,2015-07-22,2015-07-30,Likely Voters,652,Live Phone,Nonpartisan,None,NA,NA
2016-california-presidential-general-election-trump-vs-clinton,31,56,11,2,26807,SurveyMonkey,2016-11-01,2016-11-07,Likely Voters,2712,Internet,Nonpartisan,None,NA,NA
2016-california-presidential-general-election-trump-vs-clinton,32,54,7,7,26815,Insights West,2016-11-04,2016-11-06,Likely Voters,401,Internet,Nonpartisan,None,NA,NA
2016-california-presidential-general-election-trump-vs-clinton,37,58,5,,26793,UPI/CVOTER,2016-10-30,2016-11-06,Likely Voters,507,Internet,Nonpartisan,None,NA,NA
2016-california-presidential-general-election-trump-vs-clinton,32,59,Not included in poll,9,26806,Ipsos/Reuters,2016-10-17,2016-11-06,Likely Voters,1393,Internet,Nonpartisan,None,NA,NA
2016-california-presidential-general-election-trump-vs-clinton,35,56,5,4,26606,SurveyUSA/KABC/SCNG,2016-10-28,2016-10-31,Likely Voters,747,IVR/Online,Nonpartisan,None,NA,NA
2016-california-presidential-general-election-trump-vs-clinton,33,53,7,7,26655,Field/UC Berkeley/YouGov,2016-10-25,2016-10-31,Likely Voters,1498,Internet,Nonpartisan,None,NA,NA
2016-california-presidential-general-election-trump-vs-clinton,30,55,12,3,26596,SurveyMonkey,2016-10-25,2016-10-31,Likely Voters,2505,Internet,Nonpartisan,None,NA,NA
2016-california-presidential-general-election-trump-vs-clinton,30,54,8,7,26726,USC/LA Times,2016-10-22,2016-10-30,Likely Voters,1365,Live Phone,Nonpartisan,None,NA,NA
2016-california-presidential-general-election-trump-vs-clinton,38,58,4,,26592,UPI/CVOTER,2016-10-23,2016-10-29,Likely Voters,481,Internet,Nonpartisan,None,NA,NA
2016-california-presidential-general-election-trump-vs-clinton,31,54,13,2,26441,SurveyMonkey,2016-10-18,2016-10-24,Likely Voters,1923,Internet,Nonpartisan,None,NA,NA
2016-california-presidential-general-election-trump-vs-clinton,28,54,12,5,26498,PPIC,2016-10-14,2016-10-23,Likely Voters,1012,Live Phone,Nonpartisan,None,NA,NA
2016-california-presidential-general-election-trump-vs-clinton,30,56,6,7,26224,SurveyUSA/KABC/SCNG,2016-10-13,2016-10-15,Likely Voters,725,IVR/Online,Nonpartisan,None,NA,NA
2016-california-presidential-general-election-trump-vs-clinton,25,61,7,8,26535,Sacramento State,2016-10-07,2016-10-13,Likely Voters,622,Internet,Nonpartisan,None,NA,NA
2016-california-presidential-general-election-trump-vs-clinton,22,66,Not included in poll,12,26344,Ipsos/Reuters,2016-09-23,2016-10-13,Likely Voters,1196,Internet,Nonpartisan,None,NA,NA
2016-california-presidential-general-election-trump-vs-clinton,28,61,Not included in poll,11,26100,Ipsos/Reuters,2016-09-16,2016-10-06,Likely Voters,1885,Internet,Nonpartisan,None,NA,NA
2016-california-presidential-general-election-trump-vs-clinton,33,59,5,3,25809,SurveyUSA/KABC/SCNG,2016-09-27,2016-09-28,Likely Voters,732,IVR/Online,Nonpartisan,None,NA,NA
2016-california-presidential-general-election-trump-vs-clinton,31,47,17,6,25632,PPIC,2016-09-09,2016-09-18,Likely Voters,1045,Live Phone,Nonpartisan,None,NA,NA
2016-california-presidential-general-election-trump-vs-clinton,24,63,Not included in poll,13,25540,Ipsos/Reuters,2016-08-26,2016-09-15,Likely Voters,1189,Internet,Nonpartisan,None,NA,NA
2016-california-presidential-general-election-trump-vs-clinton,30,57,4,9,25629,Insights West,2016-09-12,2016-09-14,Likely Voters,515,Internet,Nonpartisan,None,NA,NA
2016-california-presidential-general-election-trump-vs-clinton,33,50,11,6,25577,Field/UC Berkeley/YouGov,2016-09-07,2016-09-13,Likely Voters,1426,Internet,Nonpartisan,None,NA,NA
2016-california-presidential-general-election-trump-vs-clinton,32,57,4,7,25467,SurveyUSA/KABC/SCNG,2016-09-08,2016-09-11,Likely Voters,678,IVR/Online,Nonpartisan,None,NA,NA
2016-california-presidential-general-election-trump-vs-clinton,33,58,Not included in poll,9,25472,SurveyMonkey/LA Times,2016-09-01,2016-09-08,Registered Voters,4212,Internet,Nonpartisan,None,NA,NA
2016-california-presidential-general-election-trump-vs-clinton,33,57,Not included in poll,9,25359,WashPost/SurveyMonkey,2016-08-09,2016-09-01,Registered Voters,2574,Internet,Nonpartisan,None,NA,NA
2016-california-presidential-general-election-trump-vs-clinton,30,46,15,9,24984,PPIC,2016-07-10,2016-07-19,Likely Voters,1056,Live Phone,Nonpartisan,None,NA,NA
2016-california-presidential-general-election-trump-vs-clinton,28,58,Not included in poll,14,24831,Field,2016-06-08,2016-07-02,Likely Voters,956,Live Phone,Nonpartisan,None,NA,NA
2016-california-presidential-general-election-trump-vs-clinton,28,54,12,6,24674,SurveyMonkey/USC/LA Times,2016-06-09,2016-06-10,Likely Voters,1264,Live Phone,Nonpartisan,None,NA,NA
2016-california-presidential-general-election-trump-vs-clinton,33,48,12,7,24612,CBS/YouGov,2016-05-31,2016-06-03,Likely Voters,1187,Internet,Nonpartisan,None,NA,NA
2016-california-presidential-general-election-trump-vs-clinton,31,55,8,6,24593,NBC/WSJ/Marist,2016-05-29,2016-05-31,Registered Voters,1833,Live Phone,Nonpartisan,None,NA,NA
2016-california-presidential-general-election-trump-vs-clinton,34,53,Not included in poll,13,24594,Field,2016-05-26,2016-05-31,Likely Voters,1002,Live Phone,Nonpartisan,None,NA,NA
2016-california-presidential-general-election-trump-vs-clinton,33,54,4,10,24603,USC/LA Times,2016-05-19,2016-05-31,Likely Voters,1150,Live Phone,Nonpartisan,None,NA,NA
2016-california-presidential-general-election-trump-vs-clinton,38,52,Not included in poll,10,24538,SurveyUSA/KABC/SCNG,2016-05-19,2016-05-22,Likely Voters,1383,IVR/Online,Nonpartisan,None,NA,NA
2016-california-presidential-general-election-trump-vs-clinton,39,49,7,4,24558,PPIC,2016-05-13,2016-05-22,Likely Voters,996,Live Phone,Nonpartisan,None,NA,NA
2016-california-presidential-general-election-trump-vs-clinton,33,45,12,10,24574,YouGov/Hoover Institution,2016-05-04,2016-05-16,Likely Voters,1196,Internet,Nonpartisan,None,NA,NA
2016-california-presidential-general-election-trump-vs-clinton,34,56,Not included in poll,10,24427,SurveyUSA/KABC/SCNG,2016-04-27,2016-04-30,Likely Voters,1683,IVR/Online,Nonpartisan,None,NA,NA
2016-california-presidential-general-election-trump-vs-clinton,31,59,Not included in poll,10,24222,Field,2016-03-24,2016-04-04,Registered Voters,1400,Live Phone,Nonpartisan,None,NA,NA
2016-california-presidential-general-election-trump-vs-clinton,26,60,Not included in poll,14,24205,SurveyUSA,2016-03-30,2016-04-03,Likely Voters,1507,IVR/Online,Nonpartisan,None,NA,NA
2016-california-presidential-general-election-trump-vs-clinton,30,57,5,8,24155,USC/LA Times,2016-03-16,2016-03-23,Likely Voters,1202,Live Phone,Nonpartisan,None,NA,NA
2016-florida-presidential-general-election-trump-vs-clinton,45,47,2,2,26807,SurveyMonkey,2016-11-01,2016-11-07,Likely Voters,4092,Internet,Nonpartisan,None,4,NA
2016-florida-presidential-general-election-trump-vs-clinton,46,48,1,1,26791,Opinion Savvy,2016-11-05,2016-11-06,Likely Voters,853,IVR/Online,Nonpartisan,None,3,NA
2016-florida-presidential-general-election-trump-vs-clinton,45,46,2,5,26776,Quinnipiac,2016-11-03,2016-11-06,Likely Voters,884,Live Phone,Nonpartisan,None,2,NA
2016-florida-presidential-general-election-trump-vs-clinton,47,47,5,,26793,UPI/CVOTER,2016-10-30,2016-11-06,Likely Voters,438,Internet,Nonpartisan,None,NA,NA
2016-florida-presidential-general-election-trump-vs-clinton,47,48,Not included in poll,5,26806,Ipsos/Reuters,2016-10-17,2016-11-06,Likely Voters,1274,Internet,Nonpartisan,None,NA,NA
2016-florida-presidential-general-election-trump-vs-clinton,45,45,4,2,26755,CBS/YouGov,2016-11-02,2016-11-04,Likely Voters,1188,Internet,Nonpartisan,None,4,NA
2016-florida-presidential-general-election-trump-vs-clinton,48,45,2,3,26761,Remington Research Group (R)/Axiom Strategies,2016-11-01,2016-11-02,Likely Voters,2352,IVR/Live Phone,Sponsor,Rep,2,NA
2016-florida-presidential-general-election-trump-vs-clinton,45,49,1,2,26664,Opinion Savvy/Fox 13/Fox 35,2016-11-01,2016-11-02,Likely Voters,603,IVR/Online,Nonpartisan,None,3,NA
2016-florida-presidential-general-election-trump-vs-clinton,45,46,3,4,26628,Quinnipiac,2016-10-27,2016-11-01,Likely Voters,626,Live Phone,Nonpartisan,None,2,NA
2016-florida-presidential-general-election-trump-vs-clinton,47,49,2,0,26622,CNN,2016-10-27,2016-11-01,Likely Voters,773,Live Phone,Nonpartisan,None,3,NA
2016-florida-presidential-general-election-trump-vs-clinton,49,51,Not included in poll,,26689,Gravis Marketing/One America News,2016-10-31,2016-10-31,Registered Voters,1995,IVR/Online,Sponsor,Rep,NA,NA
2016-florida-presidential-general-election-trump-vs-clinton,45,46,2,2,26596,SurveyMonkey,2016-10-25,2016-10-31,Likely Voters,2809,Internet,Nonpartisan,None,5,NA
2016-florida-presidential-general-election-trump-vs-clinton,48,44,2,4,26566,Remington Research Group (R)/Axiom Strategies,2016-10-30,2016-10-30,Likely Voters,989,IVR/Live Phone,Sponsor,Rep,2,NA
2016-florida-presidential-general-election-trump-vs-clinton,40,48,7,0,26609,TargetSmart/William & Mary,2016-10-25,2016-10-30,Likely Voters,718,Live Phone/Online,Nonpartisan,None,3,NA
2016-florida-presidential-general-election-trump-vs-clinton,47,48,5,,26592,UPI/CVOTER,2016-10-23,2016-10-29,Likely Voters,408,Internet,Nonpartisan,None,NA,NA
2016-florida-presidential-general-election-trump-vs-clinton,46,42,3,6,26543,NYT Upshot/Siena,2016-10-25,2016-10-27,Likely Voters,814,Live Phone,Nonpartisan,None,4,NA
2016-florida-presidential-general-election-trump-vs-clinton,46,42,3,6,26654,Dixie Strategies (R),2016-10-25,2016-10-26,Likely Voters,698,IVR/Live Phone,Pollster,Rep,2,NA
2016-florida-presidential-general-election-trump-vs-clinton,46,46,7,1,26544,NBC/WSJ/Marist,2016-10-25,2016-10-26,Likely Voters,779,Live Phone,Nonpartisan,None,NA,NA
2016-florida-presidential-general-election-trump-vs-clinton,37,50,1,7,26528,Saint Leo University,2016-10-22,2016-10-26,Likely Voters,1028,Internet,Nonpartisan,None,5,NA
2016-florida-presidential-general-election-trump-vs-clinton,44,46,3,6,26492,UNF,2016-10-20,2016-10-25,Likely Voters,786,Live Phone,Nonpartisan,None,NA,NA
2016-florida-presidential-general-election-trump-vs-clinton,46,45,4,5,26435,Bloomberg/Selzer,2016-10-21,2016-10-24,Likely Voters,953,Live Phone,Nonpartisan,None,NA,NA
2016-florida-presidential-general-election-trump-vs-clinton,45,48,4,0,26439,SurveyUSA/Bay News 9/News 13,2016-10-20,2016-10-24,Likely Voters,1251,IVR/Online,Nonpartisan,None,2,NA
2016-florida-presidential-general-election-trump-vs-clinton,44,47,2,3,26441,SurveyMonkey,2016-10-18,2016-10-24,Likely Voters,2765,Internet,Nonpartisan,None,5,NA
2016-florida-presidential-general-election-trump-vs-clinton,46,46,2,5,26420,Remington Research Group (R)/Axiom Strategies,2016-10-20,2016-10-22,Likely Voters,1646,IVR/Live Phone,Sponsor,Rep,2,NA
2016-florida-presidential-general-election-trump-vs-clinton,43,46,4,3,26380,CBS/YouGov,2016-10-20,2016-10-21,Likely Voters,1042,Internet,Nonpartisan,None,3,NA
2016-florida-presidential-general-election-trump-vs-clinton,45,49,2,2,26361,Opinion Savvy/Fox 13/Fox 35,2016-10-20,2016-10-20,Likely Voters,538,IVR/Online,Nonpartisan,None,3,NA
2016-florida-presidential-general-election-trump-vs-clinton,39,45,2,8,26403,Lucid/The Times-Picayune,2016-10-17,2016-10-18,Likely Voters,892,Internet,Nonpartisan,None,6,NA
2016-florida-presidential-general-election-trump-vs-clinton,44,48,2,4,26215,Quinnipiac,2016-10-10,2016-10-16,Likely Voters,660,Live Phone,Nonpartisan,None,4,NA
2016-florida-presidential-general-election-trump-vs-clinton,47,47,Not included in poll,6,26240,WashPost/SurveyMonkey,2016-10-08,2016-10-16,Likely Voters,1702,Internet,Nonpartisan,None,NA,NA
2016-florida-presidential-general-election-trump-vs-clinton,42,46,1,6,26182,PPP (D),2016-10-12,2016-10-13,Likely Voters,985,IVR/Online,Pollster,Dem,5,NA
2016-florida-presidential-general-election-trump-vs-clinton,42,46,1,10,26192,Gravis Marketing/Breitbart,2016-10-11,2016-10-13,Registered Voters,1799,IVR/Online,Nonpartisan,None,2,NA
2016-florida-presidential-general-election-trump-vs-clinton,42,48,Not included in poll,10,26344,Ipsos/Reuters,2016-09-23,2016-10-13,Likely Voters,1799,Internet,Nonpartisan,None,NA,NA
2016-florida-presidential-general-election-trump-vs-clinton,40,42,7,11,26442,Ipsos/Reuters,2016-10-05,2016-10-12,Likely Voters,1532,Internet,Nonpartisan,None,NA,NA
2016-florida-presidential-general-election-trump-vs-clinton,44,47,1,3,26149,Opinion Savvy,2016-10-10,2016-10-11,Likely Voters,533,IVR/Online,Nonpartisan,None,5,NA
2016-florida-presidential-general-election-trump-vs-clinton,43,49,0,7,26157,Florida Atlantic University,2016-10-05,2016-10-09,Likely Voters,500,IVR/Online,Nonpartisan,None,1,NA
2016-florida-presidential-general-election-trump-vs-clinton,44,49,Not included in poll,7,26103,Ipsos/Reuters,2016-09-16,2016-10-06,Likely Voters,1360,Internet,Nonpartisan,None,NA,NA
2016-florida-presidential-general-election-trump-vs-clinton,44,46,7,3,26011,NBC/WSJ/Marist,2016-10-03,2016-10-05,Likely Voters,700,Live Phone,Nonpartisan,None,NA,NA
2016-florida-presidential-general-election-trump-vs-clinton,40,47,4,9,25974,UNF,2016-09-27,2016-10-04,Likely Voters,661,Live Phone,Nonpartisan,None,NA,NA
2016-florida-presidential-general-election-trump-vs-clinton,41,46,2,5,25842,Quinnipiac,2016-09-27,2016-10-02,Likely Voters,545,Live Phone,Nonpartisan,None,5,NA
2016-florida-presidential-general-election-trump-vs-clinton,46,47,2,1,25814,Opinion Savvy/Fox 13/Fox 35,2016-09-28,2016-09-29,Likely Voters,619,IVR/Online,Nonpartisan,None,4,NA
2016-florida-presidential-general-election-trump-vs-clinton,42,46,1,4,25811,Mason-Dixon,2016-09-27,2016-09-29,Likely Voters,820,Live Phone,Nonpartisan,None,7,NA
2016-florida-presidential-general-election-trump-vs-clinton,43,45,1,8,25796,PPP (D-Vote Vets Action Fund),2016-09-27,2016-09-28,Likely Voters,826,IVR/Online,Pollster,Dem,3,NA
2016-florida-presidential-general-election-trump-vs-clinton,45,44,1,8,25618,Suffolk,2016-09-19,2016-09-21,Likely Voters,500,Live Phone,Nonpartisan,None,3,NA
2016-florida-presidential-general-election-trump-vs-clinton,41,43,2,6,25725,Cherry (R-Florida Chamber of Commerce),2016-09-15,2016-09-20,Likely Voters,617,Live Phone,Pollster,Rep,8,NA
2016-florida-presidential-general-election-trump-vs-clinton,41,46,2,5,25584,Monmouth University,2016-09-16,2016-09-19,Likely Voters,400,Live Phone,Nonpartisan,None,6,NA
2016-florida-presidential-general-election-trump-vs-clinton,44,49,2,,25599,Saint Leo University,2016-09-10,2016-09-16,Likely Voters,475,Internet,Nonpartisan,None,6,NA
2016-florida-presidential-general-election-trump-vs-clinton,50,46,Not included in poll,4,25543,Ipsos/Reuters,2016-08-26,2016-09-15,Likely Voters,1065,Internet,Nonpartisan,None,NA,NA
2016-florida-presidential-general-election-trump-vs-clinton,43,43,3,10,25524,NYT Upshot/Siena,2016-09-10,2016-09-14,Likely Voters,867,Live Phone,Nonpartisan,None,NA,NA
2016-florida-presidential-general-election-trump-vs-clinton,47,44,1,1,25493,CNN,2016-09-07,2016-09-12,Likely Voters,788,Live Phone,Nonpartisan,None,6,NA
2016-florida-presidential-general-election-trump-vs-clinton,42,44,4,6,25448,CBS/YouGov,2016-09-07,2016-09-09,Likely Voters,1193,Internet,Nonpartisan,None,5,NA
2016-florida-presidential-general-election-trump-vs-clinton,47,47,2,5,25428,Quinnipiac,2016-08-29,2016-09-07,Likely Voters,761,Live Phone,Nonpartisan,None,NA,NA
2016-florida-presidential-general-election-trump-vs-clinton,44,43,2,6,25412,PPP (D),2016-09-04,2016-09-06,Likely Voters,744,IVR/Online,Pollster,Dem,5,NA
2016-florida-presidential-general-election-trump-vs-clinton,44,46,Not included in poll,10,25348,WashPost/SurveyMonkey,2016-08-09,2016-09-01,Registered Voters,3287,Internet,Nonpartisan,None,NA,NA
2016-florida-presidential-general-election-trump-vs-clinton,37,42,6,8,25269,ICITIZEN,2016-08-18,2016-08-24,Registered Voters,600,Internet,Nonpartisan,None,8,NA
2016-florida-presidential-general-election-trump-vs-clinton,44,43,7,5,25255,Cherry (R-Florida Chamber of Commerce),2016-08-17,2016-08-22,Likely Voters,608,Live Phone,Pollster,Rep,NA,NA
2016-florida-presidential-general-election-trump-vs-clinton,38,52,2,,25244,Saint Leo University,2016-08-14,2016-08-18,Likely Voters,1380,Internet,Nonpartisan,None,8,NA
2016-florida-presidential-general-election-trump-vs-clinton,39,48,2,5,25187,Monmouth University,2016-08-12,2016-08-15,Likely Voters,402,Live Phone,Nonpartisan,None,6,NA
2016-florida-presidential-general-election-trump-vs-clinton,40,45,4,4,25156,CBS/YouGov,2016-08-10,2016-08-12,Likely Voters,1194,Internet,Nonpartisan,None,5,NA
2016-florida-presidential-general-election-trump-vs-clinton,44,45,1,3,25136,Opinion Savvy/Fox 13,2016-08-10,2016-08-10,Likely Voters,622,IVR/Online,Nonpartisan,None,6,NA
2016-florida-presidential-general-election-trump-vs-clinton,39,44,11,7,25148,NBC/WSJ/Marist,2016-08-04,2016-08-10,Registered Voters,862,Live Phone,Nonpartisan,None,NA,NA
2016-florida-presidential-general-election-trump-vs-clinton,45,46,3,5,25101,Quinnipiac,2016-07-30,2016-08-07,Likely Voters,1056,Live Phone,Nonpartisan,None,NA,NA
2016-florida-presidential-general-election-trump-vs-clinton,42,48,Not included in poll,10,25062,Suffolk,2016-08-01,2016-08-03,Likely Voters,500,Live Phone,Nonpartisan,None,NA,NA
2016-florida-presidential-general-election-trump-vs-clinton,37,44,13,7,24892,NBC/WSJ/Marist,2016-07-05,2016-07-11,Registered Voters,871,Live Phone,Nonpartisan,None,NA,NA
2016-florida-presidential-general-election-trump-vs-clinton,42,39,6,13,24869,Quinnipiac,2016-06-30,2016-07-11,Registered Voters,1015,Live Phone,Nonpartisan,None,NA,NA
2016-florida-presidential-general-election-trump-vs-clinton,47,42,1,8,24864,JMC Analytics (R),2016-07-09,2016-07-10,Likely Voters,700,Automated Phone,Pollster,Rep,2,NA
2016-florida-presidential-general-election-trump-vs-clinton,40,45,2,7,24897,GQR (D-Project New America),2016-07-06,2016-07-10,Likely Voters,1100,Live Phone,Pollster,Dem,6,NA
2016-florida-presidential-general-election-trump-vs-clinton,49,45,6,,24867,Gravis Marketing/OANN,2016-06-27,2016-06-28,Registered Voters,1619,Automated Phone,Nonpartisan,None,NA,NA
2016-florida-presidential-general-election-trump-vs-clinton,47,45,Not included in poll,8,24865,Onmessage (R-Let's Get to Work),2016-06-26,2016-06-28,Likely Voters,800,Live Phone,Sponsor,Rep,NA,NA
2016-florida-presidential-general-election-trump-vs-clinton,42,46,5,5,24797,SurveyUSA/Bay News 9/News 13,2016-06-25,2016-06-27,Likely Voters,1678,IVR/Online,Nonpartisan,None,2,NA
2016-florida-presidential-general-election-trump-vs-clinton,41,44,8,7,24766,CBS/YouGov,2016-06-21,2016-06-24,Likely Voters,1192,Internet,Nonpartisan,None,NA,NA
2016-florida-presidential-general-election-trump-vs-clinton,39,52,6,3,24842,GQR (D-Democracy Corps/Women's Voices Women Vote),2016-06-11,2016-06-20,Likely Voters,300,Live Phone,Sponsor,Dem,NA,NA
2016-florida-presidential-general-election-trump-vs-clinton,39,47,2,12,24720,Quinnipiac,2016-06-08,2016-06-19,Registered Voters,975,Live Phone,Nonpartisan,None,NA,NA
2016-florida-presidential-general-election-trump-vs-clinton,41,40,2,13,24635,PPP (D),2016-06-02,2016-06-05,Likely Voters,737,IVR/Online,Pollster,Dem,4,NA
2016-florida-presidential-general-election-trump-vs-clinton,42,45,Not included in poll,7,24606,Mason-Dixon,2016-05-31,2016-06-02,Registered Voters,625,Live Phone,Nonpartisan,None,6,NA
2016-florida-presidential-general-election-trump-vs-clinton,42,43,Not included in poll,15,24529,CBS/YouGov,2016-05-16,2016-05-19,Likely Voters,995,Internet,Nonpartisan,None,NA,NA
2016-florida-presidential-general-election-trump-vs-clinton,42,46,Not included in poll,12,24554,Gravis Marketing,2016-05-17,2016-05-18,Registered Voters,2542,Automated Phone,Nonpartisan,None,NA,NA
2016-florida-presidential-general-election-trump-vs-clinton,42,43,2,13,24463,Quinnipiac,2016-04-27,2016-05-08,Registered Voters,1051,Live Phone,Nonpartisan,None,NA,NA
2016-florida-presidential-general-election-trump-vs-clinton,36,49,Not included in poll,15,24418,Associated Industries of Florida (R),2016-04-25,2016-04-27,Likely Voters,604,Live Phone,Pollster,Rep,NA,NA
2016-florida-presidential-general-election-trump-vs-clinton,41,49,Not included in poll,9,24057,NBC/WSJ/Marist,2016-03-04,2016-03-10,Registered Voters,2422,Live Phone,Nonpartisan,None,NA,NA
2016-florida-presidential-general-election-trump-vs-clinton,45,44,Not included in poll,12,24010,SurveyUSA/Bay News 9/News 13,2016-03-04,2016-03-06,Likely Voters,1961,IVR/Online,Nonpartisan,None,NA,NA
2016-florida-presidential-general-election-trump-vs-clinton,43,50,7,1,24021,CNN,2016-03-02,2016-03-06,Registered Voters,854,Live Phone,Nonpartisan,None,NA,NA
2016-florida-presidential-general-election-trump-vs-clinton,46,44,Not included in poll,10,23886,PPP (D),2016-02-24,2016-02-25,Likely Voters,1012,IVR/Online,Pollster,Dem,NA,NA
2016-florida-presidential-general-election-trump-vs-clinton,38,45,3,14.5,23730,Florida Southern College Center,2016-01-30,2016-02-06,Registered Voters,608,Live Phone,Nonpartisan,None,NA,NA
2016-florida-presidential-general-election-trump-vs-clinton,47,44,Not included in poll,9,23532,Florida Atlantic University,2016-01-15,2016-01-18,Registered Voters,1008,Automated Phone,Nonpartisan,None,NA,NA
2016-florida-presidential-general-election-trump-vs-clinton,41,49,Not included in poll,,23292,Saint Leo University,2015-11-29,2015-12-03,Likely Voters,404,Internet,Nonpartisan,None,NA,NA
2016-florida-presidential-general-election-trump-vs-clinton,49,41,Not included in poll,10,23188,Florida Atlantic University,2015-11-15,2015-11-16,Registered Voters,829,Automated Phone,Nonpartisan,None,NA,NA
2016-florida-presidential-general-election-trump-vs-clinton,47,43,Not included in poll,9,23054,SurveyUSA/Bay News 9/News 13,2015-10-28,2015-11-01,Likely Voters,2400,IVR/Online,Nonpartisan,None,NA,NA
2016-florida-presidential-general-election-trump-vs-clinton,41,46,3,10,22860,Quinnipiac,2015-09-25,2015-10-05,Registered Voters,1173,Live Phone,Nonpartisan,None,NA,NA
2016-florida-presidential-general-election-trump-vs-clinton,46,45,Not included in poll,10,23190,Florida Atlantic University,2015-09-17,2015-09-20,Registered Voters,801,Automated Phone,Nonpartisan,None,NA,NA
2016-florida-presidential-general-election-trump-vs-clinton,41,42,Not included in poll,,22910,Cherry (R-Florida Chamber of Commerce),2015-09-16,2015-09-20,Likely Voters,605,Live Phone,Pollster,Rep,NA,NA
2016-florida-presidential-general-election-trump-vs-clinton,48,42,Not included in poll,9,22737,PPP (D),2015-09-11,2015-09-13,Likely Voters,814,IVR/Online,Pollster,Dem,NA,NA
2016-florida-presidential-general-election-trump-vs-clinton,43,41,3,13,22582,Quinnipiac,2015-08-07,2015-08-18,Registered Voters,1093,Live Phone,Nonpartisan,None,NA,NA
